doc_id,sha256,rel_path,docform_cluster,doc_family,form_kind,clean_tok_len,topic_cluster,topic_prob
0ea9fd65590f1e6840c8623f,0ea9fd65590f1e6840c8623f6c212b50ad1124a12f793e08c180c7e3b08c5e42,Jeffrey Epstein Part 12 of 12.pdf,c0004_r0001,pdf,fbi_deleted_sheet,168,0,1.0
1300a2498d1631b83863f07d,1300a2498d1631b83863f07d081b0d31b6663d159b64a6f9e65da7473bd65bd9,Jeffrey Epstein Part 06 of 08.pdf,c0004_r0001,pdf,fbi_deleted_sheet,153,0,1.0
4616e5a507f8eff4ae279fb1,4616e5a507f8eff4ae279fb180d67cc21d33d18bcf29b56990577b6f9d6d50da,Jeffrey Epstein Part 07 of 08.pdf,c0004_r0001,pdf,fbi_deleted_sheet,94,0,1.0
538546ccc924f4f9bed9092a,538546ccc924f4f9bed9092adaac82b0e153d00f29795bd598f13d37a6fea9b1,Jeffrey Epstein Part 09 of 09.pdf,c0004_r0001,pdf,fbi_deleted_sheet,86,0,1.0
64a67c411cabfa71ee011c3c,64a67c411cabfa71ee011c3c08d20e374c52629b2618bdbcff2fde72f0b52fe6,Jeffrey Epstein Part 05 of 08.pdf,c0004_r0001,pdf,generic,222,0,1.0
6b0cdd08940862d163466713,6b0cdd08940862d16346671387ce2a616cf84ce25561b6e286e7350ece7c2ac1,Jeffrey Epstein Part 04 of 08.pdf,c0004_r0001,pdf,fbi_deleted_sheet,149,0,1.0
6b9c217dda070389bc4d4de8,6b9c217dda070389bc4d4de85b1b5b143d7df919f9aeaa63ebceff2e9a7a7e1d,Jeffrey Epstein Part 02 of 08.pdf,c0004_r0001,pdf,fbi_deleted_sheet,136,0,1.0
7c292dfa6ecb24c2755b7338,7c292dfa6ecb24c2755b73382189aa9841d2819ec6d67e3fe437ef2b0459758e,Jeffrey Epstein Part 01 of 08.pdf,c0004_r0001,pdf,generic,207,0,1.0
92087c28be1b3a5254aaaae7,92087c28be1b3a5254aaaae75cb75516bc983e45dcdb8c6105b0460877aa053a,Jeffrey Epstein Part 15 of 15.PDF,c0004_r0001,pdf,fbi_deleted_sheet,138,0,1.0
9846272ae8efcd78fe521618,9846272ae8efcd78fe52161862fa9f468cbc4479acf404b7a868461f8cd71c08,Jeffrey Epstein Part 17 of 17.PDF,c0004_r0001,pdf,generic,206,0,1.0
ade2a320b2d098cc99580807,ade2a320b2d098cc99580807e219910ec4935f1d93408c17194dde12e5df30c1,Jeffrey Epstein Part 16 of 16.PDF,c0004_r0001,pdf,generic,226,0,1.0
b8d3ed37b0a1baab90759ba2,b8d3ed37b0a1baab90759ba2e3692106b503e3a14763e52ce8638a8455992e93,Jeffrey Epstein Part 14 of 14.PDF,c0004_r0001,pdf,fbi_deleted_sheet,102,0,1.0
f76650f09892be3ec39f8e1e,f76650f09892be3ec39f8e1ea63e13305f3e6f1ffc07c07a69fc34cf2a55364f,Jeffrey Epstein Part 19 of 19.pdf,c0004_r0001,pdf,fbi_deleted_sheet,133,0,1.0
fd781f6758059d741959fa8a,fd781f6758059d741959fa8a0fb72e94f4e1ed41716f22a3a95ea6f3b9ef21e2,Jeffrey Epstein Part 08 of 08.pdf,c0004_r0001,pdf,fbi_deleted_sheet,107,0,1.0
ffde35942f1bf0e827e415dc,ffde35942f1bf0e827e415dce195a810ad9a83a2e5ad4317fbc6e9035eac547b,Jeffrey Epstein Part 20 of 20.PDF,c0004_r0001,pdf,generic,221,0,1.0
2556c7ad81d5847fb24c6014,2556c7ad81d5847fb24c60141e841fe672986944c49c0f5f42b7aa650184105b,TEXT-20251116T222102Z-1-001/TEXT/002/HOUSE_OVERSIGHT_033238.txt,c0003_r0004,text,email_generic,34,1,1.0
e14b2c11ffea7cf14df75e07,e14b2c11ffea7cf14df75e07ed90a8fc2b3a9a05172d74b5fb1c541a4ebb0d4b,TEXT-20251116T222102Z-1-001/TEXT/001/HOUSE_OVERSIGHT_028926.txt,c0003_r0004,text,email_generic,67,1,1.0
0ac6dc5ad492f70668ed6bf7,0ac6dc5ad492f70668ed6bf7037bf7b83e9bf09f293af31ca724f855e4b4ea8b,TEXT-20251116T222102Z-1-001/TEXT/001/HOUSE_OVERSIGHT_030976.txt,c0004_r0000,text,email_generic,56,1,1.0
3ea376d6a3bef92726368eff,3ea376d6a3bef92726368eff4c562f1932725445b38d3b5cbd2ded2b2713534d,TEXT-20251116T222102Z-1-001/TEXT/001/HOUSE_OVERSIGHT_030149.txt,c0004_r0000,text,email_generic,58,1,1.0
653b494845111be475e271eb,653b494845111be475e271eb63b0498ad38de6e50c74c55a5c700c670f7b65a3,TEXT-20251116T222102Z-1-001/TEXT/001/HOUSE_OVERSIGHT_029231.txt,c0004_r0000,text,email_generic,54,1,1.0
81df432c665f994ace560306,81df432c665f994ace5603065d878381b522bf3a30ec3cb24c0d4e864b7dae3b,TEXT-20251116T222102Z-1-001/TEXT/001/HOUSE_OVERSIGHT_030978.txt,c0004_r0000,text,email_generic,56,1,1.0
ce6178a919a0f4f4334e4ed1,ce6178a919a0f4f4334e4ed116a876a87647e67619df5f5f3f421c0df673f47a,TEXT-20251116T222102Z-1-001/TEXT/001/HOUSE_OVERSIGHT_029228.txt,c0004_r0000,text,email_generic,70,1,1.0
b480e0c4dad03e3022fa467e,b480e0c4dad03e3022fa467e577363f449c7cd4ab05248912373a3765ba26875,TEXT-20251116T222102Z-1-001/TEXT/001/HOUSE_OVERSIGHT_022766.txt,c0004_r0003,text,email_generic,68,1,1.0
d8e7c163ed061446dad5feca,d8e7c163ed061446dad5feca20971474562815bd8432b82471fd0bd859f72864,TEXT-20251116T222102Z-1-001/TEXT/001/HOUSE_OVERSIGHT_022931.txt,c0004_r0003,text,email_generic,60,1,1.0
d97a71645b6712974d359408,d97a71645b6712974d3594082e207d0fe6ebd3b80f0bbf795a9666be8f45532e,TEXT-20251116T222102Z-1-001/TEXT/001/HOUSE_OVERSIGHT_022926.txt,c0004_r0003,text,email_generic,63,1,1.0
26cbcd6dee37e65308dad5c4,26cbcd6dee37e65308dad5c4be69e813c7e1c282d4683a5a16932155761b0481,TEXT-20251116T222102Z-1-001/TEXT/001/HOUSE_OVERSIGHT_028928.txt,c0004_r0004,text,generic,128,1,1.0
78607b587ca7ca8f3856dd8f,78607b587ca7ca8f3856dd8fc963cb2688778c5c87535451259dc2a4265508e6,TEXT-20251116T222102Z-1-001/TEXT/001/HOUSE_OVERSIGHT_028965.txt,c0004_r0004,text,generic,127,1,1.0
759627f054999da998ddb483,759627f054999da998ddb483abc38b6f372fdf3afd2da1c5765f072fbdd18d0b,TEXT-20251116T222102Z-1-001/TEXT/001/HOUSE_OVERSIGHT_025882.txt,c0006_r0001,text,email_generic,67,1,1.0
6c92885a30324ceca8f7d8ea,6c92885a30324ceca8f7d8eaf13e26a47040c249cebcfb8777d4f52ad463d1d3,TEXT-20251116T222102Z-1-001/TEXT/001/HOUSE_OVERSIGHT_025879.txt,noise,text,email_generic,65,1,1.0
bdd11030520fcca9c289d105,bdd11030520fcca9c289d1056134d2b5c0b8306f5260384e381776b7032a3a2d,TEXT-20251116T222102Z-1-001/TEXT/001/HOUSE_OVERSIGHT_026356.txt,noise,text,email_generic,66,1,1.0
bdf3d558cb9ced03d962bfcd,bdf3d558cb9ced03d962bfcd82923e1a8bbbb5f7a2772f783a2f6e1a223f3479,TEXT-20251116T222102Z-1-001/TEXT/002/HOUSE_OVERSIGHT_032496.txt,c0002_r0000,text,email_generic,31,2,1.0
cbf3a91466296dee1927046f,cbf3a91466296dee1927046fbba18782684987b7730842a334069ce740eaefab,TEXT-20251116T222102Z-1-001/TEXT/002/HOUSE_OVERSIGHT_032491.txt,c0002_r0000,text,email_generic,35,2,1.0
3924b7d37d47d3dae56e6cfb,3924b7d37d47d3dae56e6cfb99c01b66a95c8d06325e4601ff09a3747845c43b,TEXT-20251116T222102Z-1-001/TEXT/001/HOUSE_OVERSIGHT_031203.txt,c0003_r0000,text,email_generic,50,2,1.0
4015e0d74541dfafcf5c4c6e,4015e0d74541dfafcf5c4c6ec8f16de9c9587d4558189587a1e107f0e9e704b8,TEXT-20251116T222102Z-1-001/TEXT/001/HOUSE_OVERSIGHT_031278.txt,c0003_r0000,text,generic,50,2,1.0
58258ed577e9905d150c1f32,58258ed577e9905d150c1f322b1537e29710fa8f4d435a7c07db5b817b6accc2,TEXT-20251116T222102Z-1-001/TEXT/001/HOUSE_OVERSIGHT_031195.txt,c0003_r0000,text,email_generic,30,2,1.0
8e08bfba6366dd8e818ecb32,8e08bfba6366dd8e818ecb32ff9a5de2d75ff82c7b748420aadaeb57b4ef8768,TEXT-20251116T222102Z-1-001/TEXT/001/HOUSE_OVERSIGHT_031230.txt,c0003_r0000,text,email_generic,30,2,1.0
f1b6ae3cc2cecda824272d6d,f1b6ae3cc2cecda824272d6d96f052685694edc524646ac8e67a5802958b35cd,TEXT-20251116T222102Z-1-001/TEXT/002/HOUSE_OVERSIGHT_032253.txt,c0004_r0000,text,email_generic,32,2,1.0
0b9f37f09e29fff4575f45d7,0b9f37f09e29fff4575f45d7b7674622daa33098883d37bf2a7896dc42f5af8b,TEXT-20251116T222102Z-1-001/TEXT/002/HOUSE_OVERSIGHT_033222.txt,c0004_r0001,text,email_generic,32,2,1.0
2962b2844216eec509e5aceb,2962b2844216eec509e5aceb253e890b8fd5832ef172bf14fc05c525cd118f02,TEXT-20251116T222102Z-1-001/TEXT/001/HOUSE_OVERSIGHT_026625.txt,c0004_r0001,text,email_generic,46,2,1.0
30eeea091db91e80341fcdfd,30eeea091db91e80341fcdfd1270ea7570e912e8bd3c67a1d5bdc8d603714513,TEXT-20251116T222102Z-1-001/TEXT/001/HOUSE_OVERSIGHT_031714.txt,c0004_r0001,text,email_generic,39,2,1.0
6b30134944eee1dc9c49b906,6b30134944eee1dc9c49b906af71d531c4ba9c5e2b1b36fca51f553304b11ef7,TEXT-20251116T222102Z-1-001/TEXT/001/HOUSE_OVERSIGHT_031710.txt,c0004_r0001,text,email_generic,39,2,1.0
7e7cdf3ef1155ce1d154100d,7e7cdf3ef1155ce1d154100d95563f63c2ce70ac2defba5c1a43c17e5d778e0b,TEXT-20251116T222102Z-1-001/TEXT/001/HOUSE_OVERSIGHT_026603.txt,c0004_r0001,text,email_generic,38,2,1.0
9561d1a931d9ff97a66dde2b,9561d1a931d9ff97a66dde2b95bc3f441128352dffdb51896843f712f25d4a1c,TEXT-20251116T222102Z-1-001/TEXT/001/HOUSE_OVERSIGHT_031712.txt,c0004_r0001,text,email_generic,42,2,1.0
bd0d670263d0ba58a104d5a1,bd0d670263d0ba58a104d5a1167dc6864e51dae345a699b144f60adeb25ca051,TEXT-20251116T222102Z-1-001/TEXT/001/HOUSE_OVERSIGHT_026624.txt,c0004_r0001,text,generic,50,2,1.0
e1b99df54cf7dc0d62b7061c,e1b99df54cf7dc0d62b7061c1f22ac69397ac94c2bf527257d7d3107797a821a,TEXT-20251116T222102Z-1-001/TEXT/002/HOUSE_OVERSIGHT_032331.txt,c0004_r0001,text,email_generic,31,2,1.0
a3b26ebdb4c3e83a47566436,a3b26ebdb4c3e83a475664367becd70f3b8c231b76924fc0c0e63a782827ebd0,TEXT-20251116T222102Z-1-001/TEXT/001/HOUSE_OVERSIGHT_029534.txt,c0002_r0000,text,email_generic,100,3,1.0
f944d464a8950fb0f547e994,f944d464a8950fb0f547e9946da50bd4ef8205e848bb2f07df0a118a3409c383,TEXT-20251116T222102Z-1-001/TEXT/001/HOUSE_OVERSIGHT_029684.txt,c0002_r0000,text,email_generic,96,3,1.0
1ea85cc77f10b7cbdac50cf6,1ea85cc77f10b7cbdac50cf692b925c326db352a03a5619ff348a64ee1b1b030,TEXT-20251116T222102Z-1-001/TEXT/002/HOUSE_OVERSIGHT_032329.txt,c0003_r0000,text,email_generic,55,3,1.0
8f1483fcba34445991b66d11,8f1483fcba34445991b66d119f006d71166c02dad0d102b26943c8704deee354,TEXT-20251116T222102Z-1-001/TEXT/001/HOUSE_OVERSIGHT_031420.txt,c0003_r0000,text,email_generic,36,3,1.0
f77617bd3f4ef0407dba9225,f77617bd3f4ef0407dba922553113406c9084c8f9ed3593c5875790d18305005,TEXT-20251116T222102Z-1-001/TEXT/001/HOUSE_OVERSIGHT_031418.txt,c0003_r0000,text,email_generic,47,3,1.0
24751b37f2c7eabdb0bb90e6,24751b37f2c7eabdb0bb90e66c0ba74558ab093818dd4f131b5ecd7455792128,TEXT-20251116T222102Z-1-001/TEXT/002/HOUSE_OVERSIGHT_032229.txt,c0004_r0000,text,email_generic,115,3,1.0
3b2cedff3ebfbf2e2bce593c,3b2cedff3ebfbf2e2bce593c827f266774c56aa743fd9210be92043c974cae02,D. Masseuse List_Redacted_0.pdf,c0004_r0001,pdf,generic,98,3,1.0
2668f38d28c7e561ce85bcc5,2668f38d28c7e561ce85bcc5d83c91ca8ab526d0d398face9fa4fb4d61cb6ec8,TEXT-20251116T222102Z-1-001/TEXT/001/HOUSE_OVERSIGHT_029914.txt,c0004_r0003,text,email_generic,100,3,1.0
3580a8bbc4dae7478b3eafb5,3580a8bbc4dae7478b3eafb55f19cb22635e577df8591ad26a7d0c41657069d0,TEXT-20251116T222102Z-1-001/TEXT/001/HOUSE_OVERSIGHT_025655.txt,c0004_r0003,text,email_generic,30,3,1.0
d8f4583f89281921f7f63ad4,d8f4583f89281921f7f63ad4534edfe66b21ec3fb05a886ee735dae3b443dd8c,TEXT-20251116T222102Z-1-001/TEXT/001/HOUSE_OVERSIGHT_022837.txt,c0004_r0004,text,email_generic,113,3,1.0
df849ba53ecfb27a63575e52,df849ba53ecfb27a63575e52e5ea706525e987c4a79257fc89c9cb974c2bfd56,TEXT-20251116T222102Z-1-001/TEXT/001/HOUSE_OVERSIGHT_022834.txt,c0004_r0004,text,email_generic,126,3,1.0
e938bf488694e1e5555e4705,e938bf488694e1e5555e4705dbce1038e859074787b5c6e1bd028dd8fee1202e,TEXT-20251116T222102Z-1-001/TEXT/001/HOUSE_OVERSIGHT_022667.txt,c0004_r0004,text,email_generic,108,3,1.0
0d62599caaafc02a7f4786fe,0d62599caaafc02a7f4786fe4afbdcbf568408cbc64f5e7e5d29c7a0ef6eca87,TEXT-20251116T222102Z-1-001/TEXT/001/HOUSE_OVERSIGHT_030895.txt,c0006_r0000,text,email_generic,72,3,1.0
51208bdd6d6672f9335dcbbf,51208bdd6d6672f9335dcbbf652474699fd2fc43e131e528160e1b9e493704d2,TEXT-20251116T222102Z-1-001/TEXT/001/HOUSE_OVERSIGHT_031022.txt,c0006_r0000,text,email_generic,66,3,1.0
3860538d8c6ea9bfdff93e94,3860538d8c6ea9bfdff93e94dd489b6c846687c79fbb425af274e3108a5d5b9a,TEXT-20251116T222102Z-1-001/TEXT/001/HOUSE_OVERSIGHT_022835.txt,c0007_r0001,text,email_generic,97,3,1.0
478bdc909cb6d99dde3ed7c8,478bdc909cb6d99dde3ed7c849cc9b09744844a3799a343eec97ba15c626fc25,TEXT-20251116T222102Z-1-001/TEXT/002/HOUSE_OVERSIGHT_032520.txt,c0004_r0000,text,email_generic,100,4,1.0
5f3fccfa555fa14949c11d9b,5f3fccfa555fa14949c11d9bd38b5afcbd6d35704fd8bfe3edb7fd33903be1e4,TEXT-20251116T222102Z-1-001/TEXT/002/HOUSE_OVERSIGHT_032812.txt,c0004_r0000,text,email_generic,80,4,1.0
fd32394059db7da548573e77,fd32394059db7da548573e774e2b9a766b7bd3b707cfe1e88aed0278297f59e3,TEXT-20251116T222102Z-1-001/TEXT/002/HOUSE_OVERSIGHT_032519.txt,c0004_r0000,text,email_generic,84,4,1.0
248a4a3946fca1604026b144,248a4a3946fca1604026b144c95e854eff8836d3df297cfbb97d9b332a82c1b1,TEXT-20251116T222102Z-1-001/TEXT/001/HOUSE_OVERSIGHT_028933.txt,c0004_r0002,text,email_generic,75,4,1.0
c14bc3c091fbfb60735c0f38,c14bc3c091fbfb60735c0f380ef51adec70e2f0e451d4275c51fad2433c864ca,TEXT-20251116T222102Z-1-001/TEXT/001/HOUSE_OVERSIGHT_028939.txt,c0004_r0002,text,email_generic,60,4,1.0
10ffd9de5e0245e8c6a23e46,10ffd9de5e0245e8c6a23e46079fe4b8fd63cd1651cd964eee52621c3fd546e6,TEXT-20251116T222102Z-1-001/TEXT/001/HOUSE_OVERSIGHT_029190.txt,c0004_r0003,text,email_generic,80,4,1.0
36731ca9b7feb9a198a6e7d9,36731ca9b7feb9a198a6e7d9f68d8ebd2becf9a3278abaaf064b6d2f576cc49a,TEXT-20251116T222102Z-1-001/TEXT/001/HOUSE_OVERSIGHT_029196.txt,c0004_r0003,text,email_generic,75,4,1.0
6687e1a08b2b97104cb27c21,6687e1a08b2b97104cb27c21cd6d074a72383663dc8d434e2b75176bb5d56fdb,TEXT-20251116T222102Z-1-001/TEXT/001/HOUSE_OVERSIGHT_031269.txt,c0004_r0003,text,email_generic,76,4,1.0
fdee2fc84f517db6235f377f,fdee2fc84f517db6235f377fc1ca00b4e12675c85c8bbb788e9e15b664f32bad,TEXT-20251116T222102Z-1-001/TEXT/001/HOUSE_OVERSIGHT_029185.txt,c0004_r0003,text,email_generic,96,4,1.0
09373095d1a4c2be213fca2b,09373095d1a4c2be213fca2bc57a44df839671f050778681182c556a4b818004,TEXT-20251116T222102Z-1-001/TEXT/001/HOUSE_OVERSIGHT_031079.txt,c0006_r0000,text,email_generic,69,4,1.0
0ea610324b96b2f3a9e8ff45,0ea610324b96b2f3a9e8ff45fb1c7b8dd9cea9941e44f6a1e3b95e7aa6c66c2d,TEXT-20251116T222102Z-1-001/TEXT/001/HOUSE_OVERSIGHT_029234.txt,c0006_r0000,text,email_generic,77,4,1.0
1a0260c7fbe85eb38d2d6b53,1a0260c7fbe85eb38d2d6b533e3c587e26332b6ce8a1d36ae96ed9f4d168b87c,TEXT-20251116T222102Z-1-001/TEXT/001/HOUSE_OVERSIGHT_031026.txt,c0006_r0000,text,email_generic,69,4,1.0
4e896d35f94e8f8609e47152,4e896d35f94e8f8609e471525231c49385c5400a29b6ed36e15ca1168e0d4316,TEXT-20251116T222102Z-1-001/TEXT/001/HOUSE_OVERSIGHT_030904.txt,c0006_r0000,text,email_generic,78,4,1.0
5a9b997d1d2f2a91e02783af,5a9b997d1d2f2a91e02783af58b1f8fad1356dfea87e86a64a3fde3a9b808079,TEXT-20251116T222102Z-1-001/TEXT/001/HOUSE_OVERSIGHT_031031.txt,c0006_r0000,text,email_generic,66,4,1.0
71fd3795212ed8f3d7a97090,71fd3795212ed8f3d7a970905965b0ed8ea4ebad56b47dd9c393e86a0f329c70,TEXT-20251116T222102Z-1-001/TEXT/001/HOUSE_OVERSIGHT_030915.txt,c0006_r0000,text,email_generic,84,4,1.0
2952a7dc48357a332e7fc1c0,2952a7dc48357a332e7fc1c06eb54680c5ceb90d311a3b427def1a8a6f853c1f,TEXT-20251116T222102Z-1-001/TEXT/001/HOUSE_OVERSIGHT_029020.txt,c0004_r0000,text,email_generic,38,5,1.0
3a5458953a421871d06ff512,3a5458953a421871d06ff51296a1cc02e6af11baf7aa5a1d01a9b0e4bd378e97,TEXT-20251116T222102Z-1-001/TEXT/001/HOUSE_OVERSIGHT_030365.txt,c0004_r0000,text,email_generic,40,5,1.0
6d5de8fce12b5845f5ce2bda,6d5de8fce12b5845f5ce2bda849eee8defc6edb813028dfe16e1390459afcb96,TEXT-20251116T222102Z-1-001/TEXT/001/HOUSE_OVERSIGHT_022189.txt,c0004_r0000,text,email_generic,32,5,1.0
8693e1369cda658359a4f999,8693e1369cda658359a4f999adf45f563c3244f9a87eca137202494e64900bae,TEXT-20251116T222102Z-1-001/TEXT/002/HOUSE_OVERSIGHT_032343.txt,c0004_r0000,text,email_generic,56,5,1.0
8ec8a78ef93f2d57496e45e0,8ec8a78ef93f2d57496e45e0d46a91d4490083e28f2175f8149bf6e54a838f8b,TEXT-20251116T222102Z-1-001/TEXT/002/HOUSE_OVERSIGHT_032341.txt,c0004_r0000,text,email_generic,30,5,1.0
9833c3a62e8a028e89585501,9833c3a62e8a028e89585501140702259697ddf68112278c1b466e670725f441,TEXT-20251116T222102Z-1-001/TEXT/002/HOUSE_OVERSIGHT_032355.txt,c0006_r0001,text,email_generic,39,5,1.0
fb90f8e522c47cf0465b763f,fb90f8e522c47cf0465b763f240330d8d30dda4cb7fea14f4fc8e4d8af95597b,TEXT-20251116T222102Z-1-001/TEXT/002/HOUSE_OVERSIGHT_032908.txt,c0006_r0001,text,email_generic,45,5,1.0
772f881e3868c690890e67c1,772f881e3868c690890e67c16e8aebc19ec090f5778ee6bdf7abbf2dde663c8f,TEXT-20251116T222102Z-1-001/TEXT/001/HOUSE_OVERSIGHT_030000.txt,c0007_r0000,text,email_generic,39,5,1.0
636aa5ec3e821b5760584ecf,636aa5ec3e821b5760584ecf0f636d0cfd2d07dcf696d67d32d4c60bd8d92dc9,TEXT-20251116T222102Z-1-001/TEXT/002/HOUSE_OVERSIGHT_032910.txt,c0007_r0001,text,email_generic,54,5,1.0
0cf7790401f14f71dbc7e492,0cf7790401f14f71dbc7e492a7a289d0b7ebfda7c26ae265dc948ba6195d4544,TEXT-20251116T222102Z-1-001/TEXT/002/HOUSE_OVERSIGHT_032904.txt,c0007_r0002,text,email_generic,39,5,1.0
3f284cbd776af357b9ecf87e,3f284cbd776af357b9ecf87e496c39c2b8abf15a6265290dca0829a3aaa1848e,TEXT-20251116T222102Z-1-001/TEXT/002/HOUSE_OVERSIGHT_032344.txt,c0007_r0002,text,email_generic,52,5,1.0
7be749b02a91bbb23749ffe2,7be749b02a91bbb23749ffe2b11c5525a98f2f4539dec80f483c1dcb3c80781e,TEXT-20251116T222102Z-1-001/TEXT/002/HOUSE_OVERSIGHT_032346.txt,c0007_r0002,text,email_generic,61,5,1.0
a3e3e6bb479f5a2f1df5cc25,a3e3e6bb479f5a2f1df5cc252a84a751c2631d7b5fa1e0f399cfa70a2ebbd92f,TEXT-20251116T222102Z-1-001/TEXT/002/HOUSE_OVERSIGHT_032913.txt,c0007_r0002,text,email_generic,36,5,1.0
bce9b195bddb5c5b76696d2d,bce9b195bddb5c5b76696d2d3274c8f86ae921d2104df873dbf15d1014a87efe,TEXT-20251116T222102Z-1-001/TEXT/002/HOUSE_OVERSIGHT_032353.txt,c0007_r0002,text,email_generic,46,5,1.0
f7d6d2c239099cc3b451ecac,f7d6d2c239099cc3b451ecac236c4ba85f747aeb355a6ee3d6ed9d7159ae3e31,TEXT-20251116T222102Z-1-001/TEXT/002/HOUSE_OVERSIGHT_032351.txt,c0007_r0002,text,email_generic,56,5,1.0
4ce40b6c765f12232186c36d,4ce40b6c765f12232186c36d9c7c5c55d428bcbf303164bc2c1bb51b29d29f2d,TEXT-20251116T222102Z-1-001/TEXT/001/HOUSE_OVERSIGHT_025426.txt,c0000_r0000,text,chat_ichat,34,6,1.0
7f20913f2a10d22efd0ef722,7f20913f2a10d22efd0ef722d23b612d2496f6136dd09faaf1abd239809638fa,TEXT-20251116T222102Z-1-001/TEXT/001/HOUSE_OVERSIGHT_030516.txt,c0002_r0000,text,email_generic,36,6,1.0
35a3760b67964c4394dcf098,35a3760b67964c4394dcf0986be5d2a6e4dc8a2187d4c36fb42d40c5845478f6,TEXT-20251116T222102Z-1-001/TEXT/001/HOUSE_OVERSIGHT_031441.txt,c0003_r0002,text,email_generic,75,6,1.0
424253ba0dd9dea52993776e,424253ba0dd9dea52993776e1fd1813ceb3c641a774514884a2154dd21d93e45,TEXT-20251116T222102Z-1-001/TEXT/001/HOUSE_OVERSIGHT_030456.txt,c0004_r0000,text,email_generic,50,6,1.0
7f9c02cf9c55d11cb0246510,7f9c02cf9c55d11cb02465106e5229fe0136e31e7832df411d9809aecd1bdd84,TEXT-20251116T222102Z-1-001/TEXT/002/HOUSE_OVERSIGHT_033148.txt,c0004_r0000,text,email_generic,67,6,1.0
937dc533a34508f6cf99f12e,937dc533a34508f6cf99f12e07bcb1ce22194f229d6bfa9ae5bef9e65a979e4f,TEXT-20251116T222102Z-1-001/TEXT/001/HOUSE_OVERSIGHT_029839.txt,c0004_r0000,text,email_generic,59,6,1.0
9d6309022dcaac611c4d3cdf,9d6309022dcaac611c4d3cdf7ae9ecfdee5db55036674ce17c387f319a089c31,TEXT-20251116T222102Z-1-001/TEXT/001/HOUSE_OVERSIGHT_031591.txt,c0004_r0000,text,email_generic,75,6,1.0
9eb41179760a81d7ae5dc35b,9eb41179760a81d7ae5dc35b7118689f30153ec50628ba25d03b7902c340c4eb,TEXT-20251116T222102Z-1-001/TEXT/001/HOUSE_OVERSIGHT_030458.txt,c0004_r0000,text,email_generic,69,6,1.0
f3aec04694023d923d5085fe,f3aec04694023d923d5085fe793ddb57fa6b126ff04816a1fb2dd8341c70c60e,TEXT-20251116T222102Z-1-001/TEXT/001/HOUSE_OVERSIGHT_028958.txt,c0004_r0000,text,email_generic,58,6,1.0
db1b9fc4b0c5420d351d44bd,db1b9fc4b0c5420d351d44bd02eab4e81129706593b2b973d8110a166b9a68c9,TEXT-20251116T222102Z-1-001/TEXT/001/HOUSE_OVERSIGHT_030501.txt,c0004_r0001,text,email_generic,98,6,1.0
1afa6a3a6a40e92bacbf870c,1afa6a3a6a40e92bacbf870c1dd18e3f688e7f7fc366eb40e6e5ae18a49a6a19,TEXT-20251116T222102Z-1-001/TEXT/001/HOUSE_OVERSIGHT_030512.txt,c0004_r0002,text,email_generic,65,6,1.0
45b593ec55bdda64b8825a43,45b593ec55bdda64b8825a435044f253744e93d1906459bbd18fa2e3982f7b94,TEXT-20251116T222102Z-1-001/TEXT/001/HOUSE_OVERSIGHT_030587.txt,c0004_r0002,text,email_generic,106,6,1.0
f8148b204da635e383a58001,f8148b204da635e383a58001708a15f45b1852a78db8bc669bfa806673ac0b22,TEXT-20251116T222102Z-1-001/TEXT/001/HOUSE_OVERSIGHT_030514.txt,c0004_r0002,text,email_generic,107,6,1.0
ac7831d9560009af99f241c9,ac7831d9560009af99f241c9c08bc9031937d756c79030be52310f867915f6fd,TEXT-20251116T222102Z-1-001/TEXT/001/HOUSE_OVERSIGHT_030454.txt,c0004_r0004,text,email_generic,83,6,1.0
d5ab5caf726c01908efc1edf,d5ab5caf726c01908efc1edf0befd5809e75b937c4e800062442d475e5fef4c4,TEXT-20251116T222102Z-1-001/TEXT/001/HOUSE_OVERSIGHT_029253.txt,c0007_r0002,text,email_generic,52,6,1.0
096ab47734e69af0a5087760,096ab47734e69af0a5087760d5c38a151a393091d5e8ffa054d340a4c0a0a665,TEXT-20251116T222102Z-1-001/TEXT/002/HOUSE_OVERSIGHT_033498.txt,c0000_r0000,text,email_generic,61,7,1.0
1479b85b219e177a25c353b1,1479b85b219e177a25c353b11211b7d443ca3582c2d3a4b1238a929916c3dba6,TEXT-20251116T222102Z-1-001/TEXT/001/HOUSE_OVERSIGHT_029889.txt,c0000_r0000,text,email_generic,62,7,1.0
251c498d7e40ccf125150855,251c498d7e40ccf12515085549127b6ecc0f055931d69b9fac83a7c7e123044a,TEXT-20251116T222102Z-1-001/TEXT/002/HOUSE_OVERSIGHT_033503.txt,c0000_r0000,text,email_generic,50,7,1.0
4803969575fff2d159168a61,4803969575fff2d159168a613b6c4b270f6f0edd02b920ee5224bd95269d8c5d,TEXT-20251116T222102Z-1-001/TEXT/001/HOUSE_OVERSIGHT_029893.txt,c0000_r0000,text,email_generic,54,7,1.0
55d86b49e97e2d30dc7ab883,55d86b49e97e2d30dc7ab88371cd87aba27815623a8ad94d132ae75d80a0ec17,TEXT-20251116T222102Z-1-001/TEXT/001/HOUSE_OVERSIGHT_029880.txt,c0000_r0000,text,email_generic,56,7,1.0
5c3b2d5865d5238b40e96bc1,5c3b2d5865d5238b40e96bc1a11764209210bd293a8aab3eadd601b383a7b009,TEXT-20251116T222102Z-1-001/TEXT/001/HOUSE_OVERSIGHT_029884.txt,c0000_r0000,text,email_generic,52,7,1.0
6b52ce32fdd3a1922acd8651,6b52ce32fdd3a1922acd865119e1159cf614ae8c0cbcdaebff8777affb1a06fc,TEXT-20251116T222102Z-1-001/TEXT/002/HOUSE_OVERSIGHT_033508.txt,c0000_r0000,text,email_generic,51,7,1.0
e71d3ba94803f5851535a262,e71d3ba94803f5851535a2625bdf1c3e55375184e8d7dcc7eb3e89743dfc43a2,TEXT-20251116T222102Z-1-001/TEXT/002/HOUSE_OVERSIGHT_031791.txt,c0000_r0000,text,email_generic,79,7,1.0
06f21de5e9fbb69a455363bd,06f21de5e9fbb69a455363bdb5c294ff3cc66c3dcca52f220999357c0989d8c2,TEXT-20251116T222102Z-1-001/TEXT/001/HOUSE_OVERSIGHT_029858.txt,c0003_r0000,text,email_generic,106,7,1.0
65eb99e9ef5bd9de540279b1,65eb99e9ef5bd9de540279b1b7c4be435d94c277b358bbf0ffa33a219d644738,TEXT-20251116T222102Z-1-001/TEXT/001/HOUSE_OVERSIGHT_012707.txt,c0003_r0000,text,generic,118,7,1.0
f86f8de83dd1d81c92f344cf,f86f8de83dd1d81c92f344cff155e9deed7e891b640dcc7a6a81c64d14da8df3,TEXT-20251116T222102Z-1-001/TEXT/002/HOUSE_OVERSIGHT_033287.txt,c0003_r0000,text,email_generic,103,7,1.0
442aad9ef7348d19b1c298f4,442aad9ef7348d19b1c298f467d0a20354b64c61da1719415c8eec52e6de1d49,TEXT-20251116T222102Z-1-001/TEXT/001/HOUSE_OVERSIGHT_031129.txt,c0003_r0002,text,email_generic,80,7,1.0
1d9e20312767148fe59f0715,1d9e20312767148fe59f07159dbe936bbb3c9ddf8de7e60976d6fd68c3c8b23d,TEXT-20251116T222102Z-1-001/TEXT/002/HOUSE_OVERSIGHT_033268.txt,c0003_r0004,text,email_generic,82,7,1.0
1f177b79d9ba2bb03f2ba5dd,1f177b79d9ba2bb03f2ba5dde45358372f850a7eaf62428a923cf150d655ae41,TEXT-20251116T222102Z-1-001/TEXT/002/HOUSE_OVERSIGHT_033206.txt,c0003_r0004,text,email_generic,33,7,1.0
847df702eeeee615f30088c2,847df702eeeee615f30088c21acca685ae663ca7134720d95029e901961e2b67,TEXT-20251116T222102Z-1-001/TEXT/002/HOUSE_OVERSIGHT_033342.txt,c0003_r0004,text,email_generic,57,7,1.0
d1fd72d88891309f73d638df,d1fd72d88891309f73d638df60da16a2653f5bdab5993563f012380a19012acd,TEXT-20251116T222102Z-1-001/TEXT/002/HOUSE_OVERSIGHT_033205.txt,c0001_r0000,text,email_generic,35,8,1.0
1ba24a198dc6239bdfdaa412,1ba24a198dc6239bdfdaa4120bc30aa652595ae3822a670923560879c8d32ebb,TEXT-20251116T222102Z-1-001/TEXT/002/HOUSE_OVERSIGHT_032404.txt,c0003_r0000,text,email_generic,67,8,1.0
c25df4575837b0e9df876f53,c25df4575837b0e9df876f539c206425748fbb483dfe65034e5e69dc2449db2e,TEXT-20251116T222102Z-1-001/TEXT/001/HOUSE_OVERSIGHT_030348.txt,c0003_r0000,text,email_generic,45,8,1.0
c47d2ecb2d588315afe87b59,c47d2ecb2d588315afe87b590e8e8fd498666c4abdedada2c8126a3c327aacb4,TEXT-20251116T222102Z-1-001/TEXT/001/HOUSE_OVERSIGHT_026517.txt,c0003_r0000,text,email_generic,55,8,1.0
8842875e58572cbf34ffee7a,8842875e58572cbf34ffee7a31c9b17ea5a2b6414c22900174553539c1bc363a,TEXT-20251116T222102Z-1-001/TEXT/002/HOUSE_OVERSIGHT_033232.txt,c0003_r0004,text,email_generic,51,8,1.0
9fc7ca937587c4a218c1dd3e,9fc7ca937587c4a218c1dd3ed76c011b41085a94f4b11a831a16f18289b11aeb,TEXT-20251116T222102Z-1-001/TEXT/002/HOUSE_OVERSIGHT_033279.txt,c0003_r0004,text,email_generic,38,8,1.0
a291a2ce2e7366cde24b36cc,a291a2ce2e7366cde24b36cc32b821692ecc6e995c10ea646e42a0dc14bbf86f,TEXT-20251116T222102Z-1-001/TEXT/002/HOUSE_OVERSIGHT_033229.txt,c0003_r0004,text,email_generic,67,8,1.0
5f0f1f8db360cd4ba7020845,5f0f1f8db360cd4ba7020845de5be5e824e98d070ec8d93c5662d60866b11437,TEXT-20251116T222102Z-1-001/TEXT/002/HOUSE_OVERSIGHT_033587.txt,c0003_r0006,text,email_generic,84,8,1.0
958cf42f14e5371922e6e8eb,958cf42f14e5371922e6e8eb4c0196f7894cdcfce89f747bc2478abb4e813e03,TEXT-20251116T222102Z-1-001/TEXT/002/HOUSE_OVERSIGHT_033289.txt,c0003_r0006,text,email_generic,82,8,1.0
fcfa3b5b2b94fb257a605bca,fcfa3b5b2b94fb257a605bca1ec7c28263588c4e6c8a46b9ca4c77d06e2de5d3,TEXT-20251116T222102Z-1-001/TEXT/002/HOUSE_OVERSIGHT_033293.txt,c0003_r0006,text,email_generic,80,8,1.0
0e624bd11740e837cd8bdfcf,0e624bd11740e837cd8bdfcf49eca912430159bd2597fb7877a18fb76e3efb89,TEXT-20251116T222102Z-1-001/TEXT/001/HOUSE_OVERSIGHT_026598.txt,c0004_r0000,text,generic,117,8,1.0
0f1e6f3a8f38ef2322bdad85,0f1e6f3a8f38ef2322bdad85e5071b6c489479777a30fcf57eda703caf583740,TEXT-20251116T222102Z-1-001/TEXT/001/HOUSE_OVERSIGHT_030385.txt,c0004_r0000,text,email_generic,61,8,1.0
888e00514ca1db3d6c08fd64,888e00514ca1db3d6c08fd6439e0e94f67dc26bad963455eb13ff1aa17697474,TEXT-20251116T222102Z-1-001/TEXT/001/HOUSE_OVERSIGHT_031517.txt,c0004_r0000,text,email_generic,58,8,1.0
56caba2e3b73f4bf7a2962cb,56caba2e3b73f4bf7a2962cb16a1ff609bdc8eba0332aa9c2d3b3cbb3d176667,TEXT-20251116T222102Z-1-001/TEXT/001/HOUSE_OVERSIGHT_029042.txt,c0004_r0003,text,email_generic,82,8,1.0
77534795e0582398ed1bd4e4,77534795e0582398ed1bd4e48e3fe0f9a0d353491d32d49cae4733f4e591bbcd,TEXT-20251116T222102Z-1-001/TEXT/001/HOUSE_OVERSIGHT_029520.txt,c0004_r0003,text,generic,124,8,1.0
a2d4c4624e434b381d523764,a2d4c4624e434b381d523764d51ca8e91da114beea7d658b69e41433f9dd89e5,A. Evidence List_0_0_0_0.pdf,c0001_r0000,pdf,generic,101,9,1.0
0e9403796fc475a102487770,0e9403796fc475a102487770c4c2eda13cb4b5507dc52b915c6157d4b33dedca,TEXT-20251116T222102Z-1-001/TEXT/002/HOUSE_OVERSIGHT_033241.txt,c0003_r0000,text,email_generic,105,9,1.0
e7f9f090592298a2ed99e6f8,e7f9f090592298a2ed99e6f8dde39ca3213d5343cc8dee47c96ec785a24aa069,TEXT-20251116T222102Z-1-001/TEXT/002/HOUSE_OVERSIGHT_033311.txt,c0003_r0000,text,email_generic,94,9,1.0
4ad380d542207eea01622869,4ad380d542207eea016228698374433d9b5d443eab84fbaf4cc4c4e468245ff4,TEXT-20251116T222102Z-1-001/TEXT/001/HOUSE_OVERSIGHT_030508.txt,c0003_r0002,text,email_generic,35,9,1.0
e45e938d15d7acee67befb83,e45e938d15d7acee67befb83eb3f5deda8cde4628537667d5ec1a576576e9bfe,TEXT-20251116T222102Z-1-001/TEXT/002/HOUSE_OVERSIGHT_033208.txt,c0003_r0003,text,email_generic,55,9,1.0
825c4c21bc6e22bbb0685d62,825c4c21bc6e22bbb0685d62d50fffa490e7054a9c78b09761ebe3e1ca2475f9,TEXT-20251116T222102Z-1-001/TEXT/001/HOUSE_OVERSIGHT_026232.txt,c0003_r0004,text,email_generic,70,9,1.0
ad405811546e53573788015a,ad405811546e53573788015a0698d6abe1401969d63d5c4a08895fbbc4c8b37b,TEXT-20251116T222102Z-1-001/TEXT/002/HOUSE_OVERSIGHT_033422.txt,c0003_r0004,text,email_generic,43,9,1.0
3287e13be9a9117dd789e06d,3287e13be9a9117dd789e06db7c33fed3deb9f905e2996834dce81f0b1113bae,TEXT-20251116T222102Z-1-001/TEXT/002/HOUSE_OVERSIGHT_033307.txt,c0003_r0005,text,email_generic,70,9,1.0
20a8dbd09aae7252c074a68f,20a8dbd09aae7252c074a68f7ca730685fab2eeb2f766fc593014531c79314e3,TEXT-20251116T222102Z-1-001/TEXT/001/HOUSE_OVERSIGHT_026233.txt,c0004_r0000,text,email_generic,84,9,1.0
3a9a0868ef68cc8b8414ea4b,3a9a0868ef68cc8b8414ea4b4ac097d08786bfe20ac09414008f25eef435e691,TEXT-20251116T222102Z-1-001/TEXT/001/HOUSE_OVERSIGHT_030683.txt,c0004_r0000,text,email_generic,73,9,1.0
7629b9f6d6e83b0cd82da4b4,7629b9f6d6e83b0cd82da4b40c355d1fccbb7fdef956f57a9da45680001e90f9,TEXT-20251116T222102Z-1-001/TEXT/002/HOUSE_OVERSIGHT_033423.txt,c0004_r0000,text,email_generic,73,9,1.0
81d554ece657e3efce426758,81d554ece657e3efce426758ad69302ab7374c6d1203c54c355aac2d6f484f36,TEXT-20251116T222102Z-1-001/TEXT/001/HOUSE_OVERSIGHT_025937.txt,c0004_r0000,text,generic,143,9,1.0
ca0e7ae784bf531032ba9160,ca0e7ae784bf531032ba9160422db7624aec60759e8e54c2ef6c2b185ccf6c44,TEXT-20251116T222102Z-1-001/TEXT/002/HOUSE_OVERSIGHT_032274.txt,c0004_r0000,text,email_generic,60,9,1.0
f4070dda9e1526c480a033d9,f4070dda9e1526c480a033d9b06ee75b9b23db69ebf76342f053e8bdb1e7b1f6,TEXT-20251116T222102Z-1-001/TEXT/001/HOUSE_OVERSIGHT_026460.txt,c0004_r0000,text,email_generic,79,9,1.0
6a28bd7ce2d9807cbed9ed18,6a28bd7ce2d9807cbed9ed18867b6f9f0d2f23528c4590d2e06083d854912df2,TEXT-20251116T222102Z-1-001/TEXT/001/HOUSE_OVERSIGHT_025939.txt,c0004_r0002,text,generic,136,9,1.0
44a8a1f49f0fe3a5e7c3afe9,44a8a1f49f0fe3a5e7c3afe949c77f72a0df33cb236a50213e0ad7947285d60a,TEXT-20251116T222102Z-1-001/TEXT/002/HOUSE_OVERSIGHT_033386.txt,c0002_r0000,text,email_generic,116,10,1.0
44c816fa4ba399a2b01a67dd,44c816fa4ba399a2b01a67dd6c0df9af7b6237832a6f67d3231596853d776be3,TEXT-20251116T222102Z-1-001/TEXT/002/HOUSE_OVERSIGHT_033596.txt,c0002_r0000,text,email_generic,121,10,1.0
761061cc177795858d4f2809,761061cc177795858d4f2809bfa2b9a364da605e96f89fa2ae5b60ac16fc60d9,TEXT-20251116T222102Z-1-001/TEXT/002/HOUSE_OVERSIGHT_033599.txt,c0002_r0000,text,email_generic,120,10,1.0
a05e31e24d85e7843273ad8a,a05e31e24d85e7843273ad8af9bf8dbbb3284327e7a5dc833c35406a80be1684,TEXT-20251116T222102Z-1-001/TEXT/002/HOUSE_OVERSIGHT_033463.txt,c0002_r0000,text,email_generic,127,10,1.0
f94004d027403c791b5e5aaa,f94004d027403c791b5e5aaad0cc450828f0d5b756230cee36ac6be53c9a018c,TEXT-20251116T222102Z-1-001/TEXT/002/HOUSE_OVERSIGHT_033156.txt,c0003_r0000,text,email_generic,56,10,1.0
c3e338afbf69d7be36a0fd79,c3e338afbf69d7be36a0fd798e877daae1093a3ea5f9fdce745144dda16cae82,TEXT-20251116T222102Z-1-001/TEXT/002/HOUSE_OVERSIGHT_033486.txt,c0003_r0001,text,email_generic,62,10,1.0
5648701d13222f6cac4ec740,5648701d13222f6cac4ec7402484c6338919ebeea722bc1ad3d93be070dc59a8,TEXT-20251116T222102Z-1-001/TEXT/001/HOUSE_OVERSIGHT_026934.txt,c0003_r0004,text,email_generic,55,10,1.0
a03b015f8a905a9730ea08ca,a03b015f8a905a9730ea08cad265d9fdc3fb887535a7a5cb7cf7dc4313e7c4ae,TEXT-20251116T222102Z-1-001/TEXT/002/HOUSE_OVERSIGHT_032511.txt,c0003_r0004,text,email_generic,41,10,1.0
e0c894749d72366b4f8188be,e0c894749d72366b4f8188be59128fb9b86f959fd826c5b00255c850f8471815,TEXT-20251116T222102Z-1-001/TEXT/002/HOUSE_OVERSIGHT_033343.txt,c0003_r0004,text,email_generic,47,10,1.0
a9b77a56cdcba8f8ca7b0d70,a9b77a56cdcba8f8ca7b0d708dba09bacfd0b8ba791a161784aa3389b6e50ad6,TEXT-20251116T222102Z-1-001/TEXT/002/HOUSE_OVERSIGHT_032988.txt,c0004_r0000,text,email_generic,50,10,1.0
f8f5a21a3e41d81d3fe48fb4,f8f5a21a3e41d81d3fe48fb42da4d87d6ef0791d7b4aea72d352e90cf505049d,TEXT-20251116T222102Z-1-001/TEXT/002/HOUSE_OVERSIGHT_032512.txt,c0004_r0000,text,email_generic,60,10,1.0
6d7c2a8cc3fb644f7c354993,6d7c2a8cc3fb644f7c354993373eafb738fafe0e6c80d684543142cf5efb98e7,B. Flight Log_Released in U.S. v. Maxwell_Part3_0_0_0_0.pdf,c0004_r0001,pdf,generic,128,10,1.0
77acffcbcfeb31400c0f8a58,77acffcbcfeb31400c0f8a5847f4cba270acbfb67a6b6adfbed0e9c1ac60794c,B. Flight Log_Released in U.S. v. Maxwell_Part2_0_0_0_0.pdf,c0004_r0001,pdf,generic,146,10,1.0
788f62233f957d57eb621216,788f62233f957d57eb6212167ff21765baa8e3c29e4b0a6c53155c2819861df7,B. Flight Log_Released in U.S. v. Maxwell_Part6_0.pdf,c0004_r0001,pdf,generic,140,10,1.0
ad8cfd3d50c75c48b290e670,ad8cfd3d50c75c48b290e670c903ca4b16184a41a008bfaef6e112f0433fe592,B. Flight Log_Released in U.S. v. Maxwell_Part4_0_0_0_0.pdf,c0004_r0001,pdf,generic,126,10,1.0
06acba39d689a223aa0163cb,06acba39d689a223aa0163cb5e5ab96d2cf8295cc3772b56a9e2f8dccc3370ef,TEXT-20251116T222102Z-1-001/TEXT/001/HOUSE_OVERSIGHT_027585.txt,c0000_r0000,text,generic,34,11,1.0
aee26902208addf93aeda779,aee26902208addf93aeda779b937639243e2cb915abd6dcdfa359912bd29bcc8,TEXT-20251116T222102Z-1-001/TEXT/001/HOUSE_OVERSIGHT_030423.txt,c0001_r0000,text,email_generic,59,11,1.0
4c4d83e6ab5e6d4a69eb5d77,4c4d83e6ab5e6d4a69eb5d77850b8d79c73ee554d359810b3e276460fa6c83fc,TEXT-20251116T222102Z-1-001/TEXT/001/HOUSE_OVERSIGHT_027041.txt,c0002_r0000,text,email_generic,106,11,1.0
31e3a680449183f87ff9480e,31e3a680449183f87ff9480e439b77a764fed364e981ccdbf3c9f4b02f623308,TEXT-20251116T222102Z-1-001/TEXT/001/HOUSE_OVERSIGHT_030711.txt,c0004_r0000,text,email_generic,68,11,1.0
eae546cb7ba55c8f5f110ade,eae546cb7ba55c8f5f110adecbcb1d36612ae1379ddd0dc0554ddb21774aced6,TEXT-20251116T222102Z-1-001/TEXT/001/HOUSE_OVERSIGHT_026440.txt,c0004_r0000,text,email_generic,103,11,1.0
879da0bd5d1f6f7ef512a6e9,879da0bd5d1f6f7ef512a6e9c4b69aed1b34300ad9d1a3dd70ed788354e7af7f,TEXT-20251116T222102Z-1-001/TEXT/001/HOUSE_OVERSIGHT_027034.txt,c0004_r0001,text,email_generic,50,11,1.0
0e12db953fc083db5e0767df,0e12db953fc083db5e0767df0b73dc7a6f6c04e4d755556af49081e6af60bade,TEXT-20251116T222102Z-1-001/TEXT/001/HOUSE_OVERSIGHT_026298.txt,c0004_r0002,text,email_generic,81,11,1.0
199491c24d85d3b1b3ad1778,199491c24d85d3b1b3ad177863bceac907881a14a7db8160b952302393290b71,TEXT-20251116T222102Z-1-001/TEXT/001/HOUSE_OVERSIGHT_023198.txt,c0004_r0002,text,email_generic,93,11,1.0
248d0f61258cabb996d844dd,248d0f61258cabb996d844dd4ee71a85dcfa3d54cb5acf463a2d5e8cd0b1e562,TEXT-20251116T222102Z-1-001/TEXT/001/HOUSE_OVERSIGHT_026304.txt,c0004_r0002,text,email_generic,83,11,1.0
2c8daa81dbe6aa0885aa7bd7,2c8daa81dbe6aa0885aa7bd7fc751f4ff3cf2b54c3400a9048173b0365d7ad3a,TEXT-20251116T222102Z-1-001/TEXT/001/HOUSE_OVERSIGHT_030871.txt,c0004_r0002,text,email_generic,112,11,1.0
2e20154c98c80b5ea234bdde,2e20154c98c80b5ea234bddee25273d0010eeb1616e057d46623e09760c83cef,TEXT-20251116T222102Z-1-001/TEXT/001/HOUSE_OVERSIGHT_026499.txt,c0004_r0002,text,email_generic,106,11,1.0
756da80364339e24b33f2262,756da80364339e24b33f22622a8359935050ab18cc3a59b1e7feff997a6f50c7,TEXT-20251116T222102Z-1-001/TEXT/001/HOUSE_OVERSIGHT_025908.txt,c0004_r0002,text,email_generic,82,11,1.0
eac3211ee911911bd58434a9,eac3211ee911911bd58434a9f89d33036c8b766036219db180e2214e290f23c1,TEXT-20251116T222102Z-1-001/TEXT/001/HOUSE_OVERSIGHT_025202.txt,c0004_r0002,text,email_generic,93,11,1.0
fe5a1497a9aad970254d4d04,fe5a1497a9aad970254d4d046261260d762b2b0ecf9794a92b747135e10ce58a,TEXT-20251116T222102Z-1-001/TEXT/001/HOUSE_OVERSIGHT_031540.txt,c0004_r0002,text,email_generic,117,11,1.0
4448717593d61b74bf387e4e,4448717593d61b74bf387e4ecfd56cfc51ceaf21e208f846ae24e0c85f40a290,TEXT-20251116T222102Z-1-001/TEXT/002/HOUSE_OVERSIGHT_032752.txt,c0005_r0000,text,email_generic,55,11,1.0
4ea5d3c429a8e4903c7638e6,4ea5d3c429a8e4903c7638e68390dac478941c2880d92518977b38df0a300b68,TEXT-20251116T222102Z-1-001/TEXT/002/HOUSE_OVERSIGHT_032735.txt,c0001_r0000,text,generic,132,12,1.0
64aa5d783057ebcf1a96a93f,64aa5d783057ebcf1a96a93fff2c637190772041ab55f8faff358faae5b47b06,TEXT-20251116T222102Z-1-001/TEXT/001/HOUSE_OVERSIGHT_029106.txt,c0003_r0000,text,email_generic,38,12,1.0
8f44ebaa6a6ba385489b816c,8f44ebaa6a6ba385489b816c687b471e86d25990299041a396e36b0960c89acf,TEXT-20251116T222102Z-1-001/TEXT/002/HOUSE_OVERSIGHT_033337.txt,c0003_r0000,text,email_generic,40,12,1.0
4535ddbe5f777dad1cb0ca10,4535ddbe5f777dad1cb0ca102e2a735670d5cdde5cb9fcd9243ae0489f4d6a57,TEXT-20251116T222102Z-1-001/TEXT/002/HOUSE_OVERSIGHT_032471.txt,c0003_r0006,text,email_generic,96,12,1.0
23ff3f2a9f66de931ea7af99,23ff3f2a9f66de931ea7af995f72a23bbc99f9704526259877c85c1cb711c096,TEXT-20251116T222102Z-1-001/TEXT/001/HOUSE_OVERSIGHT_029285.txt,c0004_r0000,text,email_generic,53,12,1.0
80d1d66a6964c3e72a8877a9,80d1d66a6964c3e72a8877a9275c117c23fc3c6a647553ba09064fdb43f91547,TEXT-20251116T222102Z-1-001/TEXT/001/HOUSE_OVERSIGHT_026437.txt,c0004_r0000,text,email_generic,106,12,1.0
be404a90e81fbc14bedf4da2,be404a90e81fbc14bedf4da223f19d186e0a934fd1090d61bccb462ffb49acc0,TEXT-20251116T222102Z-1-001/TEXT/002/HOUSE_OVERSIGHT_032475.txt,c0004_r0000,text,email_generic,97,12,1.0
1dc92fe0fe1b909cc37487b8,1dc92fe0fe1b909cc37487b8d7b31c5b1c13224cc4003a5b964110069a332fd9,TEXT-20251116T222102Z-1-001/TEXT/002/HOUSE_OVERSIGHT_031996.txt,c0004_r0001,text,email_generic,59,12,1.0
debebcd5aacb77492cbf1785,debebcd5aacb77492cbf1785a80dbb2d37b77d7ecf32151ded2709b045c06a0e,TEXT-20251116T222102Z-1-001/TEXT/001/HOUSE_OVERSIGHT_031442.txt,c0004_r0001,text,email_generic,59,12,1.0
7378332504e52f8628a8c10b,7378332504e52f8628a8c10beca19a3132bd9cd69deb77787af28007e59cca4c,TEXT-20251116T222102Z-1-001/TEXT/001/HOUSE_OVERSIGHT_029545.txt,c0004_r0002,text,email_generic,116,12,1.0
f4c19c524e1113a411b34106,f4c19c524e1113a411b341069fd4b7c65ac25ee07d0e9a8eeb1d76610aed4748,TEXT-20251116T222102Z-1-001/TEXT/001/HOUSE_OVERSIGHT_029549.txt,c0004_r0002,text,email_generic,93,12,1.0
64625a1df8032d5f40961a54,64625a1df8032d5f40961a5451623c44c6d29604bf3a51c808fbf8b93b139164,TEXT-20251116T222102Z-1-001/TEXT/002/HOUSE_OVERSIGHT_033434.txt,c0004_r0004,text,generic,49,12,1.0
27cf12f8dd438d1bb5edfa20,27cf12f8dd438d1bb5edfa20d9788f286bd41b47dbcd3a5f50a8722460207389,TEXT-20251116T222102Z-1-001/TEXT/001/HOUSE_OVERSIGHT_026475.txt,c0007_r0001,text,email_generic,96,12,1.0
adf6b3cc8d4f73b31a528d77,adf6b3cc8d4f73b31a528d77d86dbc9cb42ba1e19075d1d902cff86ef23d8cc3,TEXT-20251116T222102Z-1-001/TEXT/002/HOUSE_OVERSIGHT_032476.txt,c0007_r0002,text,email_generic,77,12,1.0
d92098e82cb6b0fafb66599d,d92098e82cb6b0fafb66599dd5a215845f11e58c1ac8daa6fc479def36d7ee75,TEXT-20251116T222102Z-1-001/TEXT/002/HOUSE_OVERSIGHT_032972.txt,c0007_r0002,text,email_generic,83,12,1.0
abbe82919ee2d9cce969dd96,abbe82919ee2d9cce969dd968d72c3625b3403c650d7ee288136c52e50f3e7d0,TEXT-20251116T222102Z-1-001/TEXT/001/HOUSE_OVERSIGHT_025143.txt,c0001_r0000,text,generic,117,13,1.0
47a22a804cd0fb40713be2a3,47a22a804cd0fb40713be2a34d72dc9938daa285fa2351457675fbc371c0dc47,TEXT-20251116T222102Z-1-001/TEXT/001/HOUSE_OVERSIGHT_026255.txt,c0004_r0000,text,email_generic,55,13,1.0
e894831d84ff41a38257f67c,e894831d84ff41a38257f67c74ce079ac1b59fb7716e327ec25b5ee00c995b06,TEXT-20251116T222102Z-1-001/TEXT/001/HOUSE_OVERSIGHT_025949.txt,c0004_r0002,text,email_generic,124,13,1.0
61d158ccc1df082fb04fed8f,61d158ccc1df082fb04fed8fc445bf0f291f3e0cffe0a5b28eb4205a78a9ab76,TEXT-20251116T222102Z-1-001/TEXT/001/HOUSE_OVERSIGHT_026134.txt,c0004_r0003,text,generic,127,13,1.0
5575d84cc41aea96ff72965c,5575d84cc41aea96ff72965c3527d0ee119a447cafb30732ed0eacd89cc0320a,TEXT-20251116T222102Z-1-001/TEXT/001/HOUSE_OVERSIGHT_031743.txt,c0004_r0004,text,generic,124,13,1.0
1f91abb8f9baec77a1076dbb,1f91abb8f9baec77a1076dbb7fbd02dce032f7414c445e7a19539c8c7dec8fdd,TEXT-20251116T222102Z-1-001/TEXT/001/HOUSE_OVERSIGHT_026218.txt,c0005_r0000,text,email_generic,55,13,1.0
3a90c1ffc126662de45017a8,3a90c1ffc126662de45017a875ab550e7b58db413ec8e56d6a38b7cb28ddfb8a,TEXT-20251116T222102Z-1-001/TEXT/001/HOUSE_OVERSIGHT_026455.txt,c0005_r0000,text,email_generic,76,13,1.0
6959f057ddef1a34c920f7c7,6959f057ddef1a34c920f7c705ca3084aeff5f0cd5c9728774c20c61d27d01fc,TEXT-20251116T222102Z-1-001/TEXT/001/HOUSE_OVERSIGHT_026224.txt,c0005_r0000,text,email_generic,74,13,1.0
dd2a93f294c4ff39d72695d1,dd2a93f294c4ff39d72695d10b100b80e23ba5c2d196c0ff0492291699107afd,TEXT-20251116T222102Z-1-001/TEXT/001/HOUSE_OVERSIGHT_026221.txt,c0005_r0000,text,email_generic,77,13,1.0
1794a76dd2e1e8c7a2eee1da,1794a76dd2e1e8c7a2eee1da90165eb62bcab594d72ab8a8d2627e66005c98cb,TEXT-20251116T222102Z-1-001/TEXT/002/HOUSE_OVERSIGHT_032968.txt,c0006_r0001,text,email_generic,50,13,1.0
21bc54785063b2b5a24d819f,21bc54785063b2b5a24d819fa74cb36a1f1c03441ee4f7a14651a0c22e142a04,TEXT-20251116T222102Z-1-001/TEXT/002/HOUSE_OVERSIGHT_032480.txt,c0006_r0001,text,email_generic,89,13,1.0
21f8fb6b8bfbd5a03f7ce07f,21f8fb6b8bfbd5a03f7ce07fc2680adaa6046ee5bbaf13713d88249916506695,TEXT-20251116T222102Z-1-001/TEXT/002/HOUSE_OVERSIGHT_032464.txt,c0006_r0001,text,email_generic,60,13,1.0
259b737804c684efd19cbe2c,259b737804c684efd19cbe2c71f6907bb28bc4a42dc0097eee9fc2c71b963c44,TEXT-20251116T222102Z-1-001/TEXT/002/HOUSE_OVERSIGHT_032964.txt,c0006_r0001,text,email_generic,51,13,1.0
38c4fb4edbff84e6dbf148a4,38c4fb4edbff84e6dbf148a449af8812466baeea9a742659be963f158ec40e60,TEXT-20251116T222102Z-1-001/TEXT/002/HOUSE_OVERSIGHT_032467.txt,c0006_r0001,text,email_generic,35,13,1.0
60f9c05e31bd3d431ced17c6,60f9c05e31bd3d431ced17c636e2e96b19986b4b48b55346a6b5e23da0307034,TEXT-20251116T222102Z-1-001/TEXT/001/HOUSE_OVERSIGHT_029117.txt,c0006_r0001,text,email_generic,92,13,1.0
a491850b8ac84b3519c96bed,a491850b8ac84b3519c96bed603babcd4380cced99fec337e2851db725394c2f,TEXT-20251116T222102Z-1-001/TEXT/002/HOUSE_OVERSIGHT_032554.txt,c0003_r0003,text,email_generic,54,14,1.0
12a4b360c182071f01ab7ae8,12a4b360c182071f01ab7ae8e6b4712b28f82b7e4b65e59644bef31d50df9066,TEXT-20251116T222102Z-1-001/TEXT/002/HOUSE_OVERSIGHT_032730.txt,c0003_r0006,text,email_generic,120,14,1.0
7bc03cfa8922a44e29459815,7bc03cfa8922a44e29459815eeaa242a1ea433ccf402e2728ef344acb125512b,TEXT-20251116T222102Z-1-001/TEXT/002/HOUSE_OVERSIGHT_032728.txt,c0003_r0006,text,email_generic,43,14,1.0
f023a945f504561efbe4d7a0,f023a945f504561efbe4d7a0583d60c24047b3e52fd7f72846b1de7a91bc2c47,TEXT-20251116T222102Z-1-001/TEXT/001/HOUSE_OVERSIGHT_030372.txt,c0003_r0006,text,email_generic,44,14,1.0
231cb22da87d50de261cdb2e,231cb22da87d50de261cdb2e1923504d94fb0e313f3a77055f1b7dbf9b1e30c6,TEXT-20251116T222102Z-1-001/TEXT/002/HOUSE_OVERSIGHT_033075.txt,c0004_r0000,text,email_generic,123,14,1.0
8b568c449abd02c487b904e8,8b568c449abd02c487b904e8528ab3e8eb2464bd57f72535a7f7d19a283af297,TEXT-20251116T222102Z-1-001/TEXT/002/HOUSE_OVERSIGHT_032555.txt,c0004_r0000,text,email_generic,67,14,1.0
d7e3ec7c2d6c42f0e1825ed9,d7e3ec7c2d6c42f0e1825ed9345ed63fc59b0476d66b98f86eca3d1f9930cacb,TEXT-20251116T222102Z-1-001/TEXT/001/HOUSE_OVERSIGHT_030786.txt,c0004_r0000,text,email_generic,67,14,1.0
02e72c8e99717bf0552ed4e9,02e72c8e99717bf0552ed4e99adb081a9dc5b11a3c4850c6b7a230b9e79b3de9,TEXT-20251116T222102Z-1-001/TEXT/001/HOUSE_OVERSIGHT_025190.txt,c0004_r0002,text,email_generic,52,14,1.0
2fdf21adbc2a5ee02b32be6c,2fdf21adbc2a5ee02b32be6c3858941d5ec7fa17a36ea63d2bd9ca34b1ffe7a4,TEXT-20251116T222102Z-1-001/TEXT/001/HOUSE_OVERSIGHT_025110.txt,c0004_r0002,text,email_generic,67,14,1.0
6383fb6c7d3f7ac87d881799,6383fb6c7d3f7ac87d881799df85f8c970c4b57634b0825c814d51f04a8f5c08,TEXT-20251116T222102Z-1-001/TEXT/001/HOUSE_OVERSIGHT_025105.txt,c0004_r0002,text,email_generic,85,14,1.0
7cc1daf160b1e2df64cb01d3,7cc1daf160b1e2df64cb01d3654eb178bbba8c06ff10b18fea9a422c30deb4df,TEXT-20251116T222102Z-1-001/TEXT/001/HOUSE_OVERSIGHT_026317.txt,c0004_r0002,text,email_generic,55,14,1.0
a03a4ad61da2102223c02088,a03a4ad61da2102223c0208823ffdc1d0abcdfbd9ded54767b837b286091a3fd,TEXT-20251116T222102Z-1-001/TEXT/001/HOUSE_OVERSIGHT_026877.txt,c0004_r0003,text,generic,135,14,1.0
5d60aa8832c3446f360f3839,5d60aa8832c3446f360f38398426040796d7ec752d81e97c3c8d8845c3810f4c,TEXT-20251116T222102Z-1-001/TEXT/001/HOUSE_OVERSIGHT_023707.txt,c0004_r0004,text,generic,134,14,1.0
966962fe690872ee84edae85,966962fe690872ee84edae85f150f0a1a348375f940483efb84c83c9918d26e6,TEXT-20251116T222102Z-1-001/TEXT/001/HOUSE_OVERSIGHT_029176.txt,c0004_r0004,text,generic,137,14,1.0
990905b55c09c02b602bd90e,990905b55c09c02b602bd90efbbb9623c2adc59eca02508a4fed8d34da62401c,TEXT-20251116T222102Z-1-001/TEXT/001/HOUSE_OVERSIGHT_026868.txt,c0004_r0004,text,generic,135,14,1.0
31c521d4dfddf5026a635e80,31c521d4dfddf5026a635e8012c3eeaece9b9088a9e867e8a61ffd4179000268,TEXT-20251116T222102Z-1-001/TEXT/001/HOUSE_OVERSIGHT_026755.txt,c0001_r0000,text,email_generic,68,15,1.0
7db64dcbf1ea49764e391b6e,7db64dcbf1ea49764e391b6e2d5e4f346803582e0ab854b90944d7cec2ce9a00,TEXT-20251116T222102Z-1-001/TEXT/002/HOUSE_OVERSIGHT_033246.txt,c0003_r0000,text,email_generic,58,15,1.0
c1a03bb3ce6fb32e91f81d8c,c1a03bb3ce6fb32e91f81d8c3ee48cbbfc73d784a63cb453e99d373245228815,TEXT-20251116T222102Z-1-001/TEXT/002/HOUSE_OVERSIGHT_032605.txt,c0003_r0000,text,email_generic,37,15,1.0
86f60398d4e9bcbb7228cd42,86f60398d4e9bcbb7228cd428ce991e7c92204fb717de94cc4c464f972128b6c,TEXT-20251116T222102Z-1-001/TEXT/001/HOUSE_OVERSIGHT_021399.txt,c0003_r0006,text,email_generic,82,15,1.0
f1625f967fa89999dceafe3d,f1625f967fa89999dceafe3dbd5ae83ee6575255cc199295cc448880e4e84bb8,TEXT-20251116T222102Z-1-001/TEXT/002/HOUSE_OVERSIGHT_032581.txt,c0003_r0006,text,email_generic,69,15,1.0
21282249011fc7ca58efc97a,21282249011fc7ca58efc97a890852bdc0a4ec01cc935913359c7ffa4dbdb3eb,TEXT-20251116T222102Z-1-001/TEXT/002/HOUSE_OVERSIGHT_032606.txt,c0004_r0000,text,email_generic,51,15,1.0
64e1bb3e0ba097f7a53d598b,64e1bb3e0ba097f7a53d598bca2773735a834cef607678fd2742f340ed66f067,TEXT-20251116T222102Z-1-001/TEXT/002/HOUSE_OVERSIGHT_032604.txt,c0004_r0000,text,email_generic,104,15,1.0
7f69bcf9cff81b63b30f5187,7f69bcf9cff81b63b30f5187b83bf535fcc43cd96df862e7a35d077b6683bd95,TEXT-20251116T222102Z-1-001/TEXT/001/HOUSE_OVERSIGHT_015462.txt,c0004_r0003,text,generic,120,15,1.0
4033719d3b663616b38638a4,4033719d3b663616b38638a4854347636268d0004e75ad0da737668b8d16491f,TEXT-20251116T222102Z-1-001/TEXT/002/HOUSE_OVERSIGHT_032522.txt,c0006_r0000,text,email_generic,103,15,1.0
42fd181407f4d569908e9461,42fd181407f4d569908e9461ee3422e4fa6743d9410e75fb805625375ac19d4e,TEXT-20251116T222102Z-1-001/TEXT/002/HOUSE_OVERSIGHT_033027.txt,c0006_r0001,text,email_generic,74,15,1.0
67e05bbe24b402161b651881,67e05bbe24b402161b651881c2686235918f6ae5a3e30321235f5e4dac8054dc,TEXT-20251116T222102Z-1-001/TEXT/002/HOUSE_OVERSIGHT_033030.txt,c0006_r0001,text,email_generic,50,15,1.0
7a7ffec31d7e151534f87781,7a7ffec31d7e151534f877813016f67521ddfe06666e8dfe25859b3709eb1490,TEXT-20251116T222102Z-1-001/TEXT/002/HOUSE_OVERSIGHT_032609.txt,c0006_r0001,text,email_generic,71,15,1.0
12971227109ea875d3b8ab88,12971227109ea875d3b8ab8872c733eb177e45c79f8d58128b4bf46249d35909,TEXT-20251116T222102Z-1-001/TEXT/001/HOUSE_OVERSIGHT_026165.txt,c0007_r0000,text,email_generic,56,15,1.0
82aef3eee481d9c4794b66c2,82aef3eee481d9c4794b66c263240bc086e2b48f3db07bb91d7c81b3ce4a9560,TEXT-20251116T222102Z-1-001/TEXT/002/HOUSE_OVERSIGHT_033025.txt,c0007_r0001,text,email_generic,104,15,1.0
99b649d4217ab77067a29fa0,99b649d4217ab77067a29fa00d9a7df8863ae6e1fa98eddf5b3236f449a1877d,TEXT-20251116T222102Z-1-001/TEXT/002/HOUSE_OVERSIGHT_032607.txt,c0007_r0002,text,email_generic,75,15,1.0
834f95506aae0b7c5378b220,834f95506aae0b7c5378b220f4971cbf73f36fbb614f8952ff063edf8ac50cf1,TEXT-20251116T222102Z-1-001/TEXT/001/HOUSE_OVERSIGHT_023452.txt,c0001_r0000,text,generic,118,16,1.0
e3fb4d8e0cd9c9f7d48c1226,e3fb4d8e0cd9c9f7d48c1226f5eb499bff527ab02833ea3dc6a63d90aa60bf99,TEXT-20251116T222102Z-1-001/TEXT/001/HOUSE_OVERSIGHT_029013.txt,c0004_r0000,text,email_generic,36,16,1.0
221d60f3efc69190bc209dfa,221d60f3efc69190bc209dfacb2d967f4911ecd67519bf70027276425c2d66e9,TEXT-20251116T222102Z-1-001/TEXT/001/HOUSE_OVERSIGHT_028946.txt,c0004_r0002,text,email_generic,95,16,1.0
6c8875a5465306cb27ca88f0,6c8875a5465306cb27ca88f0c767791ec524f491e62229c9e0d2df620b818e8b,TEXT-20251116T222102Z-1-001/TEXT/001/HOUSE_OVERSIGHT_019203.txt,c0004_r0002,text,email_generic,94,16,1.0
75bf13a0afa7b9fe7d822f6e,75bf13a0afa7b9fe7d822f6ec23a370f29c9623b437a46d5fb70d68a258f101c,TEXT-20251116T222102Z-1-001/TEXT/001/HOUSE_OVERSIGHT_029221.txt,c0004_r0002,text,email_generic,114,16,1.0
b0d8e9f7eb3b2bf73e904d57,b0d8e9f7eb3b2bf73e904d57327f7fbadc2af21631818899d84bdb0f61773a2f,TEXT-20251116T222102Z-1-001/TEXT/001/HOUSE_OVERSIGHT_019326.txt,c0004_r0002,text,email_generic,104,16,1.0
c4d70d44e785782300411092,c4d70d44e785782300411092721f4f5a63c02caedb5aee9cea99e104c45174ec,TEXT-20251116T222102Z-1-001/TEXT/001/HOUSE_OVERSIGHT_029242.txt,c0004_r0002,text,email_generic,63,16,1.0
e1a97092fe371bed06cd8d46,e1a97092fe371bed06cd8d4627acedda8eceda6c06ecfb6ea0fdaa5afaddd398,TEXT-20251116T222102Z-1-001/TEXT/001/HOUSE_OVERSIGHT_028943.txt,c0004_r0002,text,email_generic,110,16,1.0
ed4ee0d4828a43e8d3d46f78,ed4ee0d4828a43e8d3d46f782739591fa7e83cf6d252a46d3fcbd4c96462c8c1,TEXT-20251116T222102Z-1-001/TEXT/001/HOUSE_OVERSIGHT_028882.txt,c0004_r0002,text,email_generic,119,16,1.0
f04ea83cc946de45c2597475,f04ea83cc946de45c25974759ae7610d1dcd7cbbcbba587b9a539c0a43cb5fb2,TEXT-20251116T222102Z-1-001/TEXT/001/HOUSE_OVERSIGHT_028957.txt,c0004_r0002,text,email_generic,96,16,1.0
24d75e3a58681b913f3f6a92,24d75e3a58681b913f3f6a92afc5de3f43e844ace8b0b4ff2d4386bd28d10da0,TEXT-20251116T222102Z-1-001/TEXT/001/HOUSE_OVERSIGHT_029431.txt,c0004_r0003,text,email_generic,109,16,1.0
4166c132f15dabdfd6a3f5bf,4166c132f15dabdfd6a3f5bfda871ace06c2487f19d795dc05300d3d97db34f8,TEXT-20251116T222102Z-1-001/TEXT/001/HOUSE_OVERSIGHT_023435.txt,c0004_r0004,text,generic,117,16,1.0
6249dee80fa5185af8294864,6249dee80fa5185af82948645d1b2d6d5662675fab918b61e0deb10708ab91c8,TEXT-20251116T222102Z-1-001/TEXT/001/HOUSE_OVERSIGHT_029277.txt,c0006_r0001,text,email_generic,43,16,1.0
70ad89b7a7c9c739fb01d372,70ad89b7a7c9c739fb01d372bc54bb49621362a6f62b37a41cca9ca455344f1a,TEXT-20251116T222102Z-1-001/TEXT/001/HOUSE_OVERSIGHT_029569.txt,c0006_r0001,text,email_generic,104,16,1.0
b7b6cd14e5e741aa49c642fe,b7b6cd14e5e741aa49c642fe5d3a3ab264ac58e6c520edd46b6a709983b124d9,TEXT-20251116T222102Z-1-001/TEXT/001/HOUSE_OVERSIGHT_029593.txt,c0006_r0001,text,email_generic,111,16,1.0
72e3ae1bd7ac72adcc96af69,72e3ae1bd7ac72adcc96af691ed24af69459701b7ba9ce1e7c196103626c82da,TEXT-20251116T222102Z-1-001/TEXT/001/HOUSE_OVERSIGHT_029973.txt,c0002_r0000,text,email_generic,77,17,1.0
8cd8bc0f407090ec3747d685,8cd8bc0f407090ec3747d685361edd83551de7bcb911085e676804ed119c48d3,TEXT-20251116T222102Z-1-001/TEXT/001/HOUSE_OVERSIGHT_029402.txt,c0003_r0000,text,email_generic,31,17,1.0
a67f5e05ddd24d73dd51bbf1,a67f5e05ddd24d73dd51bbf17e1650ac051c5b35fc39fd287cf239e13ca2b46d,TEXT-20251116T222102Z-1-001/TEXT/002/HOUSE_OVERSIGHT_032338.txt,c0003_r0000,text,email_generic,34,17,1.0
dccd986bc401eb4b57614b55,dccd986bc401eb4b57614b5587915ebbf0240014b52a0368a079f4ffa8928033,TEXT-20251116T222102Z-1-001/TEXT/001/HOUSE_OVERSIGHT_028985.txt,c0003_r0001,text,email_generic,75,17,1.0
cb00d00690bf18c2155b42a4,cb00d00690bf18c2155b42a432e9e1da67631430db81b6ddc5a665122ac70273,TEXT-20251116T222102Z-1-001/TEXT/002/HOUSE_OVERSIGHT_033249.txt,c0003_r0002,text,email_generic,45,17,1.0
502a5d9280005020b4d966fe,502a5d9280005020b4d966fe235be3cf621ad4e6270e811e83fc1087025a8534,TEXT-20251116T222102Z-1-001/TEXT/001/HOUSE_OVERSIGHT_029276.txt,c0004_r0000,text,email_generic,126,17,1.0
54485e1f156861031b977c20,54485e1f156861031b977c20c6cca8459ede68968431265852aff5b730ad4c55,TEXT-20251116T222102Z-1-001/TEXT/001/HOUSE_OVERSIGHT_029203.txt,c0004_r0000,text,email_generic,55,17,1.0
97e3d86f097a9d7a38829522,97e3d86f097a9d7a388295226c9b804748d39b8422b814891452bde708a37605,TEXT-20251116T222102Z-1-001/TEXT/002/HOUSE_OVERSIGHT_032451.txt,c0004_r0000,text,email_generic,74,17,1.0
c0bb12f1b476d17d2e252380,c0bb12f1b476d17d2e2523804588b193c8c74040bd2c457f7379a1139ca47dc9,TEXT-20251116T222102Z-1-001/TEXT/002/HOUSE_OVERSIGHT_032902.txt,c0004_r0000,text,email_generic,38,17,1.0
e910cb87e59819545daed1b7,e910cb87e59819545daed1b7aac7a48c36b40c187bbe8867874633d53621cd9f,TEXT-20251116T222102Z-1-001/TEXT/001/HOUSE_OVERSIGHT_028986.txt,c0004_r0000,text,email_generic,117,17,1.0
6225697332809c8706e4b5ef,6225697332809c8706e4b5efb4b442427855229a963dc0450769be8c225384ad,TEXT-20251116T222102Z-1-001/TEXT/001/HOUSE_OVERSIGHT_023567.txt,c0004_r0002,text,generic,122,17,1.0
1c217e63c7c3eb98e60fdec8,1c217e63c7c3eb98e60fdec83b12b7e8f2563029a1041e7ed93736a5c42e05da,TEXT-20251116T222102Z-1-001/TEXT/001/HOUSE_OVERSIGHT_019477.txt,c0004_r0003,text,generic,119,17,1.0
ff05e25f025aaa8a2fad2490,ff05e25f025aaa8a2fad249027b9063bbd31e7bb084fdd5cf83df2f8fca573c1,TEXT-20251116T222102Z-1-001/TEXT/002/HOUSE_OVERSIGHT_032513.txt,c0004_r0004,text,email_generic,90,17,1.0
63e2645885d0fa60a4458c14,63e2645885d0fa60a4458c145d97fe82e503be9898c42c3ea3bb647683bae0c1,TEXT-20251116T222102Z-1-001/TEXT/001/HOUSE_OVERSIGHT_028980.txt,c0006_r0001,text,email_generic,75,17,1.0
9e2337d87f6e3175df276e09,9e2337d87f6e3175df276e0944a74792dd150124944a775ab1240ffee264f7f5,TEXT-20251116T222102Z-1-001/TEXT/001/HOUSE_OVERSIGHT_029017.txt,c0006_r0001,text,email_generic,72,17,1.0
1cc4a41b46338d9f84d4e913,1cc4a41b46338d9f84d4e91314cc4d716eed2ca008e2ef9d80393014444a667f,TEXT-20251116T222102Z-1-001/TEXT/001/HOUSE_OVERSIGHT_031736.txt,c0001_r0000,text,generic,130,18,1.0
7c88415e50368b91acdcdef2,7c88415e50368b91acdcdef2eb72dbbf5d8e67b8de7f5976ed94e8ace4ded956,TEXT-20251116T222102Z-1-001/TEXT/001/HOUSE_OVERSIGHT_029918.txt,c0001_r0000,text,generic,109,18,1.0
4676654659af4fbe95b433a9,4676654659af4fbe95b433a9ae9b2effdffabf7e4ad81735465dc2b1b9083bc6,TEXT-20251116T222102Z-1-001/TEXT/001/HOUSE_OVERSIGHT_031226.txt,c0003_r0006,text,email_generic,97,18,1.0
7c0244a207c58eb76d3576eb,7c0244a207c58eb76d3576ebebfc29a00c3cd4a924d691dac093aac200a368a0,TEXT-20251116T222102Z-1-001/TEXT/001/HOUSE_OVERSIGHT_017523.txt,c0003_r0006,text,email_generic,94,18,1.0
b28018c0ecd538d357bbb320,b28018c0ecd538d357bbb320d7e588620e5c160497979f62547928930352034c,TEXT-20251116T222102Z-1-001/TEXT/001/HOUSE_OVERSIGHT_031184.txt,c0004_r0000,text,generic,123,18,1.0
dbf934d1e71f99bcbb1a7ec6,dbf934d1e71f99bcbb1a7ec671489dd66c6702e711b6b75cf71d7a6633c77a3e,TEXT-20251116T222102Z-1-001/TEXT/001/HOUSE_OVERSIGHT_023287.txt,c0004_r0003,text,generic,125,18,1.0
edaf9fd6c79cd41ef9f2dc91,edaf9fd6c79cd41ef9f2dc91d979c7be1387769d8b1d41b974be09d492b20567,TEXT-20251116T222102Z-1-001/TEXT/002/HOUSE_OVERSIGHT_032419.txt,c0005_r0000,text,email_generic,72,18,1.0
2dad9330f0922131d395067b,2dad9330f0922131d395067b8d13657306351f010fb4c3dab975e2e4f227a88c,TEXT-20251116T222102Z-1-001/TEXT/001/HOUSE_OVERSIGHT_026090.txt,c0006_r0001,text,email_generic,67,18,1.0
8168eac03e3dde7866edfa66,8168eac03e3dde7866edfa66d648db62f06a867a5126b8b37eded10316222d30,TEXT-20251116T222102Z-1-001/TEXT/001/HOUSE_OVERSIGHT_026086.txt,c0006_r0001,text,email_generic,86,18,1.0
92b8ed659e9093edac76f537,92b8ed659e9093edac76f537f17f2ce5cc83507dfd541f91a0a6559d47133c64,TEXT-20251116T222102Z-1-001/TEXT/001/HOUSE_OVERSIGHT_026083.txt,c0006_r0001,text,email_generic,100,18,1.0
9951bf7b272bcc98c6379f13,9951bf7b272bcc98c6379f1325d7ea1dc22a90af2b665db7724e3469fad1158e,TEXT-20251116T222102Z-1-001/TEXT/001/HOUSE_OVERSIGHT_026080.txt,c0006_r0001,text,email_generic,119,18,1.0
d9041d61c88d5f9eb66370a3,d9041d61c88d5f9eb66370a31dfd3e4e8b8774a76a21d7f43ec0b06a5160c606,TEXT-20251116T222102Z-1-001/TEXT/002/HOUSE_OVERSIGHT_032643.txt,c0006_r0001,text,email_generic,98,18,1.0
e7edb0aa0cbf8d8e1246f607,e7edb0aa0cbf8d8e1246f607600c9bf018593f6eb27fa32ff9ccf9225c959259,TEXT-20251116T222102Z-1-001/TEXT/001/HOUSE_OVERSIGHT_019348.txt,c0006_r0001,text,email_generic,68,18,1.0
eebbf36420db1882d59d9d27,eebbf36420db1882d59d9d27928fc3dc11667789a469ccc6bd50593b10a351b6,TEXT-20251116T222102Z-1-001/TEXT/001/HOUSE_OVERSIGHT_026296.txt,c0006_r0001,text,email_generic,45,18,1.0
77f78b72ae6df30f7ee619ce,77f78b72ae6df30f7ee619ceed7ed51d55fdea32b43be7fc958c780ea9fdf0fc,TEXT-20251116T222102Z-1-001/TEXT/001/HOUSE_OVERSIGHT_026294.txt,c0007_r0001,text,email_generic,41,18,1.0
c96ba2b3e7af6954268ca038,c96ba2b3e7af6954268ca038856cc37d625a97605e51df3e92428a5b30c0f03d,TEXT-20251116T222102Z-1-001/TEXT/001/HOUSE_OVERSIGHT_026970.txt,c0001_r0000,text,email_generic,35,19,1.0
ccf45d678e4ca220580c7d5f,ccf45d678e4ca220580c7d5f00a9b34b6ee2b857c286462d17fb50c66020ded6,TEXT-20251116T222102Z-1-001/TEXT/001/HOUSE_OVERSIGHT_019849.txt,c0001_r0000,text,generic,134,19,1.0
f874414a70b6d37dc85bddde,f874414a70b6d37dc85bddde340b4b28153a0562c5417a6e771ad7c9a909135a,TEXT-20251116T222102Z-1-001/TEXT/001/HOUSE_OVERSIGHT_012690.txt,c0001_r0000,text,generic,135,19,1.0
8951ab2c8c366776d1f669a2,8951ab2c8c366776d1f669a2a610fcb6bbf50eaaebdb4b9997f01feb4788908c,TEXT-20251116T222102Z-1-001/TEXT/002/HOUSE_OVERSIGHT_032853.txt,c0004_r0000,text,email_generic,38,19,1.0
efdc3e165d9d80d9e0fe453b,efdc3e165d9d80d9e0fe453b84490e377acffdab51b715f3950be40dbd143e60,TEXT-20251116T222102Z-1-001/TEXT/001/HOUSE_OVERSIGHT_012700.txt,c0004_r0000,text,generic,124,19,1.0
ff0a2c96172c9d89244520ac,ff0a2c96172c9d89244520ac804a7e359e64ff323bc44ec930c54bc7a3b8b243,TEXT-20251116T222102Z-1-001/TEXT/001/HOUSE_OVERSIGHT_013450.txt,c0004_r0000,text,generic,124,19,1.0
8d586e61b3baf63882de6231,8d586e61b3baf63882de6231f9487947c3f4519fd78564d3ec2800beafbaabcc,TEXT-20251116T222102Z-1-001/TEXT/001/HOUSE_OVERSIGHT_029981.txt,c0004_r0001,text,email_generic,90,19,1.0
a047fa4fdcf84aa0cad4f463,a047fa4fdcf84aa0cad4f463e9041ed969451c2f6e4f8fc9fb7d4ec260dd2901,TEXT-20251116T222102Z-1-001/TEXT/001/HOUSE_OVERSIGHT_030571.txt,c0004_r0001,text,email_generic,30,19,1.0
68790d3f82e5c2a859b46212,68790d3f82e5c2a859b462125213f6eba639142267431640c366323b9dd42dd2,TEXT-20251116T222102Z-1-001/TEXT/001/HOUSE_OVERSIGHT_031699.txt,c0004_r0002,text,email_generic,47,19,1.0
6080cf8f9c66e38fe7b9d491,6080cf8f9c66e38fe7b9d4915f2a2700eeb9f26fddcf8c47d1a3f83344b0ef13,TEXT-20251116T222102Z-1-001/TEXT/001/HOUSE_OVERSIGHT_012685.txt,c0004_r0003,text,email_generic,114,19,1.0
9ef31868ffda4629ae49b530,9ef31868ffda4629ae49b5303bff50dd6cba44a57a8b979df66f2f4f21fb6bae,TEXT-20251116T222102Z-1-001/TEXT/001/HOUSE_OVERSIGHT_029773.txt,c0004_r0003,text,email_generic,112,19,1.0
b4c1105b8c3a41510d17f3a8,b4c1105b8c3a41510d17f3a8a673d0f3e17ea494f62234db571b04e2d38a97fd,TEXT-20251116T222102Z-1-001/TEXT/001/HOUSE_OVERSIGHT_031118.txt,c0004_r0003,text,email_generic,99,19,1.0
c1225898e27a60a17347514e,c1225898e27a60a17347514ec66040e9bf71d07a4aa3faddca4f1106e3c940a4,TEXT-20251116T222102Z-1-001/TEXT/001/HOUSE_OVERSIGHT_019465.txt,c0004_r0003,text,email_generic,97,19,1.0
5b5ee765c43f7a324be1d227,5b5ee765c43f7a324be1d2272a23696c94b68bb49096bdd650bfc4a4b5c37990,TEXT-20251116T222102Z-1-001/TEXT/001/HOUSE_OVERSIGHT_027009.txt,c0004_r0004,text,generic,129,19,1.0
93a3d3e11cf27aa0fabe2887,93a3d3e11cf27aa0fabe288716c94271748cc61172aff45c5fab92b80024e310,TEXT-20251116T222102Z-1-001/TEXT/002/HOUSE_OVERSIGHT_033440.txt,c0006_r0001,text,email_generic,38,19,1.0
baba397ba23f427dde0b7d7f,baba397ba23f427dde0b7d7f551444529bfd935c5962f6d8f28e0681f8b0f31d,TEXT-20251116T222102Z-1-001/TEXT/001/HOUSE_OVERSIGHT_026627.txt,c0003_r0000,text,generic,145,20,1.0
c278880530716302cd192ea2,c278880530716302cd192ea279367d5b200d5e6a2d38783ceb80ddb0b3d6e1cf,TEXT-20251116T222102Z-1-001/TEXT/001/HOUSE_OVERSIGHT_026626.txt,c0003_r0001,text,email_generic,34,20,1.0
9548aaf619780c6acbd7150e,9548aaf619780c6acbd7150e1ec93640c653be9ddb6d1f9ed65111d0a951929e,TEXT-20251116T222102Z-1-001/TEXT/002/HOUSE_OVERSIGHT_033175.txt,c0003_r0002,text,email_generic,82,20,1.0
1ed648a98e6f07fb19a5dc5f,1ed648a98e6f07fb19a5dc5fd4a0443a0b78b93f1afd2da188c0df1ec6649a1f,TEXT-20251116T222102Z-1-001/TEXT/002/HOUSE_OVERSIGHT_032725.txt,c0004_r0000,text,email_generic,41,20,1.0
2063c945df79ae83f3cca060,2063c945df79ae83f3cca06007572fc264761b1266e6c57fd65c9afdc3e3f087,TEXT-20251116T222102Z-1-001/TEXT/002/HOUSE_OVERSIGHT_032319.txt,c0004_r0000,text,email_generic,93,20,1.0
ab798e4b9b2f0b69d0ca1bf6,ab798e4b9b2f0b69d0ca1bf653b33a8b253c58f0030309068159fcfc721ac4d9,TEXT-20251116T222102Z-1-001/TEXT/001/HOUSE_OVERSIGHT_031518.txt,c0004_r0000,text,email_generic,122,20,1.0
b7ee6e864cb28aba058c0c95,b7ee6e864cb28aba058c0c950787239b8a13d40d596d8a8ddd51ceae28228971,TEXT-20251116T222102Z-1-001/TEXT/002/HOUSE_OVERSIGHT_033171.txt,c0004_r0000,text,email_generic,103,20,1.0
0daf51bf5b7774448cd8922b,0daf51bf5b7774448cd8922bfc97fd84ff1a4bf1a71e823e9a957719e66ca073,TEXT-20251116T222102Z-1-001/TEXT/001/HOUSE_OVERSIGHT_024251.txt,c0004_r0003,text,email_generic,84,20,1.0
77bff68dd64ab5e1e365be86,77bff68dd64ab5e1e365be86ff880e2c7ab950e15404a2272a85fbbf26ea234e,TEXT-20251116T222102Z-1-001/TEXT/001/HOUSE_OVERSIGHT_028815.txt,c0004_r0003,text,generic,30,20,1.0
6430aef43cbe5b4f9bccd106,6430aef43cbe5b4f9bccd106ee6042be6503a45f2aef270092a2861a8433a0fd,TEXT-20251116T222102Z-1-001/TEXT/001/HOUSE_OVERSIGHT_028988.txt,c0004_r0004,text,generic,115,20,1.0
771d5d3c815d8ec400f1acf7,771d5d3c815d8ec400f1acf7a68061ec1871572304dfc6c85054bb1fb23e54ef,TEXT-20251116T222102Z-1-001/TEXT/002/HOUSE_OVERSIGHT_032324.txt,c0004_r0004,text,generic,139,20,1.0
fc65cd7cdd046db04e8bf2c5,fc65cd7cdd046db04e8bf2c50dae51ece1d8b15790efedfb046e1d9229e324db,TEXT-20251116T222102Z-1-001/TEXT/002/HOUSE_OVERSIGHT_032281.txt,c0004_r0004,text,generic,127,20,1.0
26d776b2a829a3a807f5a612,26d776b2a829a3a807f5a612ce863b2ad776796febeecd69af2fdc8605708519,TEXT-20251116T222102Z-1-001/TEXT/002/HOUSE_OVERSIGHT_032297.txt,c0005_r0000,text,email_generic,64,20,1.0
8f7b943b4b13bfa06fe5b3be,8f7b943b4b13bfa06fe5b3be6ede0bdb789bba29adfa852900b091c215fb28bd,TEXT-20251116T222102Z-1-001/TEXT/001/HOUSE_OVERSIGHT_031521.txt,c0007_r0001,text,email_generic,101,20,1.0
9fa5c18aece07bfeb569b8b9,9fa5c18aece07bfeb569b8b922bea134c2463149909663e7701ba1e7ba631089,TEXT-20251116T222102Z-1-001/TEXT/001/HOUSE_OVERSIGHT_031640.txt,c0007_r0001,text,email_generic,115,20,1.0
2ca8d7f3a60968f3d24b60b1,2ca8d7f3a60968f3d24b60b1bcbe0986ed86e0903fce12f9830e0788835acba3,TEXT-20251116T222102Z-1-001/TEXT/001/HOUSE_OVERSIGHT_024179.txt,c0001_r0000,text,generic,71,21,1.0
0243aae57d53fe295df73970,0243aae57d53fe295df73970e4d169f5c6684643217ae44d5ede52ec0ee37d10,TEXT-20251116T222102Z-1-001/TEXT/001/HOUSE_OVERSIGHT_023612.txt,c0002_r0000,text,email_generic,102,21,1.0
399c3628c13323ad377e1a60,399c3628c13323ad377e1a604d27be468b672725e4073fa5412e5e9ec8b31185,TEXT-20251116T222102Z-1-001/TEXT/001/HOUSE_OVERSIGHT_031174.txt,c0002_r0000,text,email_generic,66,21,1.0
01d15a16f4a5b8161d44725e,01d15a16f4a5b8161d44725ef4074cf1cedeaccacebfcef521fddbe9e8b1d082,TEXT-20251116T222102Z-1-001/TEXT/002/HOUSE_OVERSIGHT_032204.txt,c0003_r0001,text,email_generic,86,21,1.0
34ea5f811ecf621d505ed0e3,34ea5f811ecf621d505ed0e374fec806016045347bdd2710570f096034a86e3e,TEXT-20251116T222102Z-1-001/TEXT/002/HOUSE_OVERSIGHT_033424.txt,c0003_r0004,text,email_generic,59,21,1.0
56f327e4b14556e55a929717,56f327e4b14556e55a929717cc1d9461717568ec613be526b2a465e3042312eb,TEXT-20251116T222102Z-1-001/TEXT/002/HOUSE_OVERSIGHT_033044.txt,c0004_r0000,text,email_generic,32,21,1.0
b9184225d8422f5986bf1a9e,b9184225d8422f5986bf1a9e132f9f5230c63ac99dfc59fe533c431402912f11,TEXT-20251116T222102Z-1-001/TEXT/001/HOUSE_OVERSIGHT_025328.txt,c0004_r0000,text,generic,138,21,1.0
bb4dedda66409d4f04a86ff0,bb4dedda66409d4f04a86ff0c415148a3547e04c35b9fad39da241d35469d0b0,TEXT-20251116T222102Z-1-001/TEXT/002/HOUSE_OVERSIGHT_033399.txt,c0004_r0000,text,email_generic,71,21,1.0
95734a28fcb25fdb6e51aa99,95734a28fcb25fdb6e51aa990c326ba8f1ec1a5d01ad883b3a830c2daaf51214,TEXT-20251116T222102Z-1-001/TEXT/001/HOUSE_OVERSIGHT_030326.txt,c0004_r0002,text,email_generic,65,21,1.0
e620f97300dcf93ff52394cf,e620f97300dcf93ff52394cf8123b57012abbdbbd30a665f756cf35809501307,TEXT-20251116T222102Z-1-001/TEXT/001/HOUSE_OVERSIGHT_030445.txt,c0004_r0002,text,email_generic,83,21,1.0
1a84f14576c3404698a19d38,1a84f14576c3404698a19d38a3ba726c9e9575ab8539077689177575de090f27,TEXT-20251116T222102Z-1-001/TEXT/002/HOUSE_OVERSIGHT_033098.txt,c0006_r0001,text,email_generic,54,21,1.0
3df723e384b8f2912f99972a,3df723e384b8f2912f99972a5a4999dca24664943f599bae73dcfab822af88f4,TEXT-20251116T222102Z-1-001/TEXT/002/HOUSE_OVERSIGHT_032654.txt,c0006_r0001,text,email_generic,84,21,1.0
4638836303dd2f0601464fa0,4638836303dd2f0601464fa021424f862874fa6377ee88a7f5c2bfdc0e0d7eec,TEXT-20251116T222102Z-1-001/TEXT/002/HOUSE_OVERSIGHT_032261.txt,c0006_r0001,text,email_generic,72,21,1.0
1b92bfe73dc958264eccb094,1b92bfe73dc958264eccb0945b4d7fa91bedc302ce97817d8bd9bde381875ae1,TEXT-20251116T222102Z-1-001/TEXT/002/HOUSE_OVERSIGHT_032780.txt,c0007_r0001,text,email_generic,36,21,1.0
17c335d4cff15ca96270f7c9,17c335d4cff15ca96270f7c9c04459225e901c8b6f91b1de4be2fc8c0207aca0,TEXT-20251116T222102Z-1-001/TEXT/001/HOUSE_OVERSIGHT_029585.txt,c0007_r0002,text,email_generic,105,21,1.0
43c8f7b4960bb7545d1e0c1a,43c8f7b4960bb7545d1e0c1a3270c98126b5a4feb9b61df14b4bf0fe22d0ae64,TEXT-20251116T222102Z-1-001/TEXT/001/HOUSE_OVERSIGHT_031036.txt,c0002_r0000,text,email_generic,64,22,1.0
8bef5838f8eb25646804d2ff,8bef5838f8eb25646804d2ffb19cbd57c5b532c2ad5110284cfdef5054384010,TEXT-20251116T222102Z-1-001/TEXT/001/HOUSE_OVERSIGHT_027038.txt,c0002_r0000,text,email_generic,102,22,1.0
0a942004fd2d6d6dc09d0dcd,0a942004fd2d6d6dc09d0dcdc7188d1c6fdd4b7d736d7ca68b0fae0b350dd6a4,TEXT-20251116T222102Z-1-001/TEXT/001/HOUSE_OVERSIGHT_023545.txt,c0003_r0000,text,email_generic,79,22,1.0
e196266b49c32f9734a82ca7,e196266b49c32f9734a82ca79fac5dbe094afedd082fa8492066c8fb55565b2f,TEXT-20251116T222102Z-1-001/TEXT/001/HOUSE_OVERSIGHT_031748.txt,c0003_r0000,text,email_generic,74,22,1.0
ee6839a30bd735c758b6ed5d,ee6839a30bd735c758b6ed5d51a3d948c7da952c6753056d940f9a8c78d4d4ad,TEXT-20251116T222102Z-1-001/TEXT/001/HOUSE_OVERSIGHT_023548.txt,c0003_r0000,text,email_generic,74,22,1.0
01d514ffc7914d31ca0cb4e9,01d514ffc7914d31ca0cb4e9615cfb8db5d519026e0d340460ded8c87b1c7980,TEXT-20251116T222102Z-1-001/TEXT/001/HOUSE_OVERSIGHT_026834.txt,c0003_r0001,text,email_generic,38,22,1.0
4e17cd273a7978df86bd6399,4e17cd273a7978df86bd6399e93bb8c470fdb1be83e4b33ab5dbcd494097a9d6,TEXT-20251116T222102Z-1-001/TEXT/001/HOUSE_OVERSIGHT_028780.txt,c0003_r0001,text,email_generic,33,22,1.0
fa92e7935eb8aac0773edb05,fa92e7935eb8aac0773edb051dd54d3843a2a91ac6d7a2d615d2b68cc7a7a45e,TEXT-20251116T222102Z-1-001/TEXT/002/HOUSE_OVERSIGHT_033163.txt,c0003_r0001,text,email_generic,65,22,1.0
0f9d080ea0522f91b5a2a351,0f9d080ea0522f91b5a2a351b901dbde42d7d92043fb76e906991bf575ffe2c6,TEXT-20251116T222102Z-1-001/TEXT/002/HOUSE_OVERSIGHT_033485.txt,c0003_r0002,text,email_generic,47,22,1.0
6b3bf76d89c920b873d15812,6b3bf76d89c920b873d158127d702d8fa0d5fe1ed451239ce94ff792e4930b63,TEXT-20251116T222102Z-1-001/TEXT/001/HOUSE_OVERSIGHT_031346.txt,c0003_r0002,text,email_generic,43,22,1.0
c4ae6e9129ecc334f3a3dedb,c4ae6e9129ecc334f3a3dedbe66105f9d9e7c2079b8e20a084358790a46c1cf7,TEXT-20251116T222102Z-1-001/TEXT/002/HOUSE_OVERSIGHT_033360.txt,c0003_r0002,text,email_generic,59,22,1.0
ec70913084f5c3a6bd97fad1,ec70913084f5c3a6bd97fad1aac1f890e415d90fcf7deed1f1700df66d49dab3,TEXT-20251116T222102Z-1-001/TEXT/002/HOUSE_OVERSIGHT_032304.txt,c0003_r0002,text,email_generic,33,22,1.0
7a1ca68d7d207c4010ae9440,7a1ca68d7d207c4010ae9440428ef0e4fa9aae894154c94056ecd4c38254d4a8,TEXT-20251116T222102Z-1-001/TEXT/002/HOUSE_OVERSIGHT_032803.txt,c0003_r0004,text,email_generic,103,22,1.0
adc85e31db5757943fa5410e,adc85e31db5757943fa5410e8ce8c0dd42867786e01770e7daf90b3ee5113352,TEXT-20251116T222102Z-1-001/TEXT/002/HOUSE_OVERSIGHT_033354.txt,c0003_r0005,text,email_generic,47,22,1.0
90e4ffae6eca55f3c50c0a68,90e4ffae6eca55f3c50c0a68399414205f97078c93b0fae078e324da8cfd8d93,TEXT-20251116T222102Z-1-001/TEXT/002/HOUSE_OVERSIGHT_033566.txt,c0003_r0006,text,email_generic,65,22,1.0
2e6f1cc06a8cef7864626247,2e6f1cc06a8cef7864626247597aeded01a74bc602532cf3e5d46799d9d98291,TEXT-20251116T222102Z-1-001/TEXT/001/HOUSE_OVERSIGHT_030142.txt,c0001_r0000,text,generic,106,23,1.0
fbd09c2b1708ae952a4b7ae9,fbd09c2b1708ae952a4b7ae91b4aeb041bf5667b0dceb210b4c5747c5139df44,TEXT-20251116T222102Z-1-001/TEXT/002/HOUSE_OVERSIGHT_033242.txt,c0001_r0000,text,email_generic,89,23,1.0
91a4b65d93026e73587e2d4f,91a4b65d93026e73587e2d4fa4a949d7b570a60358e03b112ebfed065b662bfa,TEXT-20251116T222102Z-1-001/TEXT/002/HOUSE_OVERSIGHT_031775.txt,c0003_r0006,text,email_generic,63,23,1.0
362b1f4c37356be5d96ab28b,362b1f4c37356be5d96ab28bb7bc8fa7fa0eb09385a024cf031ae7abcb4f37c0,TEXT-20251116T222102Z-1-001/TEXT/002/HOUSE_OVERSIGHT_032474.txt,c0004_r0000,text,email_generic,105,23,1.0
4635c8c17ff28fc7f246eeef,4635c8c17ff28fc7f246eeef11d5de1801b85aaeeeedccb13313485efa44cb3f,TEXT-20251116T222102Z-1-001/TEXT/001/HOUSE_OVERSIGHT_029854.txt,c0004_r0000,text,email_generic,43,23,1.0
4ef67d5e513360967a277235,4ef67d5e513360967a2772357098e8ce7dc4c19c7b1279d4b1509d69a36d76df,TEXT-20251116T222102Z-1-001/TEXT/002/HOUSE_OVERSIGHT_032365.txt,c0004_r0000,text,email_generic,86,23,1.0
a3de4c77ab9fc130ba7f34c7,a3de4c77ab9fc130ba7f34c73a82a0aebe35c8c92f56c1323517da39ee3f94d3,TEXT-20251116T222102Z-1-001/TEXT/001/HOUSE_OVERSIGHT_029856.txt,c0004_r0000,text,email_generic,73,23,1.0
bdd41d9426caa9865457a99c,bdd41d9426caa9865457a99c26748a66cb1f13ac5403b189d71af4a5a0f76ba8,TEXT-20251116T222102Z-1-001/TEXT/002/HOUSE_OVERSIGHT_032707.txt,c0004_r0000,text,email_generic,32,23,1.0
c5cf4fe6160e53f1b9a52f93,c5cf4fe6160e53f1b9a52f9328ccb06cc35e7a56b26e0471fa0febb81878285e,TEXT-20251116T222102Z-1-001/TEXT/001/HOUSE_OVERSIGHT_030332.txt,c0004_r0000,text,email_generic,92,23,1.0
50ec0624928ca2cbc6dcebd8,50ec0624928ca2cbc6dcebd80d30646889e3ad335accc3010384315450d07fbe,TEXT-20251116T222102Z-1-001/TEXT/001/HOUSE_OVERSIGHT_030097.txt,c0004_r0001,text,email_generic,120,23,1.0
3010b01f36c52b14b99f9365,3010b01f36c52b14b99f9365b70c7a84612d1d8b9d05a6ce4e349f81b063643f,TEXT-20251116T222102Z-1-001/TEXT/001/HOUSE_OVERSIGHT_026605.txt,c0004_r0002,text,email_generic,67,23,1.0
5745d19ca1d0aaaa31543764,5745d19ca1d0aaaa31543764f41b14e0a33757b2fb91803e8dd1411d1f9c516c,TEXT-20251116T222102Z-1-001/TEXT/001/HOUSE_OVERSIGHT_026975.txt,c0004_r0002,text,email_generic,92,23,1.0
22b2c826d2e16fa2d541a9bb,22b2c826d2e16fa2d541a9bb4d1f773044a259aabe10753d014c11bbfaa158e2,TEXT-20251116T222102Z-1-001/TEXT/001/HOUSE_OVERSIGHT_023047.txt,c0004_r0004,text,generic,128,23,1.0
0a21295bda9c67e71be0f72f,0a21295bda9c67e71be0f72f6a483b1ffa66fe5d38a1969966c3b15c1558bacd,TEXT-20251116T222102Z-1-001/TEXT/002/HOUSE_OVERSIGHT_033377.txt,c0006_r0001,text,email_generic,69,23,1.0
a6510045b375ba0f322e396b,a6510045b375ba0f322e396b41b9c1d0614facb27fd79c2e061ef1e03cd04c89,TEXT-20251116T222102Z-1-001/TEXT/001/HOUSE_OVERSIGHT_029274.txt,c0006_r0001,text,email_generic,77,23,1.0
ccefe194e0976057195b1c00,ccefe194e0976057195b1c003a09443f406494744c7300c75512e8a755f461d8,TEXT-20251116T222102Z-1-001/TEXT/001/HOUSE_OVERSIGHT_027576.txt,c0000_r0000,text,chat_ichat,38,24,1.0
0a4e3333e4e92990004211b2,0a4e3333e4e92990004211b275faf1d9f49de4d4ca8d42ab51d7d350589cb528,TEXT-20251116T222102Z-1-001/TEXT/001/HOUSE_OVERSIGHT_029923.txt,c0002_r0000,text,email_generic,77,24,1.0
1bcc3362cc9b1c68263b03ef,1bcc3362cc9b1c68263b03ef12ca56ddc7a6ab18dae30fe1e0beb3a3d44f7694,TEXT-20251116T222102Z-1-001/TEXT/001/HOUSE_OVERSIGHT_029680.txt,c0002_r0000,text,email_generic,123,24,1.0
bd460f5fbe5db253feaa2fa8,bd460f5fbe5db253feaa2fa8bda48c11e6ac2e680f3327fd9d199e8cec58895a,TEXT-20251116T222102Z-1-001/TEXT/001/HOUSE_OVERSIGHT_030498.txt,c0002_r0000,text,email_generic,77,24,1.0
4505f69cefbe4429f1d2e2d1,4505f69cefbe4429f1d2e2d1bc5e350b5834f678855089c1f35d575712369c94,TEXT-20251116T222102Z-1-001/TEXT/001/HOUSE_OVERSIGHT_031339.txt,c0003_r0006,text,email_generic,118,24,1.0
650aa14ad2f24f6bc53dd83d,650aa14ad2f24f6bc53dd83d7b7f4bd9321e1e0614f9ddccda822f05ec24762c,TEXT-20251116T222102Z-1-001/TEXT/001/HOUSE_OVERSIGHT_029269.txt,c0004_r0000,text,email_generic,86,24,1.0
8867d0b891c3d4fe0a099e62,8867d0b891c3d4fe0a099e6294dce2d54f5feca1d79f39e95a9927ba6153d520,TEXT-20251116T222102Z-1-001/TEXT/001/HOUSE_OVERSIGHT_030635.txt,c0004_r0000,text,email_generic,41,24,1.0
d3ae3e65ed1a72f71e454ee6,d3ae3e65ed1a72f71e454ee62d1172ed2e3a6ea4f427bd52eef13c009f46c39d,TEXT-20251116T222102Z-1-001/TEXT/001/HOUSE_OVERSIGHT_031134.txt,c0004_r0000,text,email_generic,43,24,1.0
78bd367ebd6b8d8397d3a31a,78bd367ebd6b8d8397d3a31a217731cfc0d238e29c0e7cba01f511877498cf49,Jeffrey Epstein Part 10 of 10.pdf,c0004_r0001,pdf,generic,255,24,1.0
12e28ef29479937712d19ccc,12e28ef29479937712d19ccc045bc5aa106b1faf19b9bf8ea80503d02d72808e,TEXT-20251116T222102Z-1-001/TEXT/001/HOUSE_OVERSIGHT_028775.txt,c0004_r0003,text,email_generic,57,24,1.0
ae9b51523a6f5b34c5eb11ed,ae9b51523a6f5b34c5eb11ed7316217be3b2bc7bd01ba09493af46dc43c1c6cb,TEXT-20251116T222102Z-1-001/TEXT/001/HOUSE_OVERSIGHT_026835.txt,c0004_r0003,text,email_generic,54,24,1.0
5a2c175dbebe3bb465ca1250,5a2c175dbebe3bb465ca12507d0b263e6e8cb749b384744bbe848b3b39572be9,TEXT-20251116T222102Z-1-001/TEXT/002/HOUSE_OVERSIGHT_032745.txt,c0005_r0000,text,email_generic,48,24,1.0
aa69124ab868839bd4830458,aa69124ab868839bd48304587a3c48af5586a31797e21810dbe07c388c33506f,TEXT-20251116T222102Z-1-001/TEXT/001/HOUSE_OVERSIGHT_026263.txt,c0005_r0000,text,email_generic,37,24,1.0
eaeeb5077117b7b6f96029f8,eaeeb5077117b7b6f96029f8af366ac7334a2fed3dc6f10ff0d5347538687f20,TEXT-20251116T222102Z-1-001/TEXT/001/HOUSE_OVERSIGHT_030755.txt,c0007_r0000,text,email_generic,41,24,1.0
faf823df860a83e865aadad1,faf823df860a83e865aadad199b8102e06690d9f56d493eff956490c7f81c850,TEXT-20251116T222102Z-1-001/TEXT/002/HOUSE_OVERSIGHT_032894.txt,c0007_r0002,text,email_generic,74,24,1.0
a7c3f2d76af4c91368e397a3,a7c3f2d76af4c91368e397a3c21a2fcc741de0e6068f61614b83a09681844037,TEXT-20251116T222102Z-1-001/TEXT/001/HOUSE_OVERSIGHT_025347.txt,c0002_r0000,text,email_generic,44,25,1.0
4543e3982257e67b14f5af6f,4543e3982257e67b14f5af6f3dec9833d1f009fab7289d6f34277163b04ee1e7,TEXT-20251116T222102Z-1-001/TEXT/001/HOUSE_OVERSIGHT_029976.txt,c0003_r0002,text,email_generic,83,25,1.0
a9b05c405450506996f2cd73,a9b05c405450506996f2cd73261388ae4665dcefdaa7bd07edf4c8fb6f670609,TEXT-20251116T222102Z-1-001/TEXT/002/HOUSE_OVERSIGHT_033173.txt,c0003_r0006,text,email_generic,65,25,1.0
00d80ce0d8e916839d6c0200,00d80ce0d8e916839d6c020025d9129ef8eed1a4adb3ae1b399b28ae811a5022,TEXT-20251116T222102Z-1-001/TEXT/002/HOUSE_OVERSIGHT_033454.txt,c0004_r0000,text,email_generic,36,25,1.0
0b00a7bb27f3f6b50d1e0168,0b00a7bb27f3f6b50d1e0168dfad3ed823278ab74253b9feeadc42c31aee14ac,TEXT-20251116T222102Z-1-001/TEXT/001/HOUSE_OVERSIGHT_028765.txt,c0004_r0000,text,email_generic,98,25,1.0
2b70481b45ac861d11095120,2b70481b45ac861d110951201d1f4de85b4f52134887ac474e73edb9ea38d62a,TEXT-20251116T222102Z-1-001/TEXT/001/HOUSE_OVERSIGHT_028773.txt,c0004_r0000,text,email_generic,111,25,1.0
2ba5b777b3d4ca6c7dd83dda,2ba5b777b3d4ca6c7dd83dda5bde706eea1f49ec1ead471f03e3177b668567c2,TEXT-20251116T222102Z-1-001/TEXT/001/HOUSE_OVERSIGHT_028770.txt,c0004_r0000,text,email_generic,121,25,1.0
6dd93a9b2184a7e6f7a96b6a,6dd93a9b2184a7e6f7a96b6aff215dff00e660bf1c1b68d2bcc963744ef81254,TEXT-20251116T222102Z-1-001/TEXT/001/HOUSE_OVERSIGHT_027049.txt,c0004_r0000,text,email_generic,111,25,1.0
9ef3de8e2e06d1bf1d674ba2,9ef3de8e2e06d1bf1d674ba2a99c24a9d77a35ed665f66c23422f2e94710d4f6,TEXT-20251116T222102Z-1-001/TEXT/001/HOUSE_OVERSIGHT_030655.txt,c0004_r0000,text,email_generic,78,25,1.0
c67c5e453d573f678f176ef6,c67c5e453d573f678f176ef6127af9cb20280b8e53f8b4bee136b51e2b08d591,TEXT-20251116T222102Z-1-001/TEXT/002/HOUSE_OVERSIGHT_032448.txt,c0004_r0000,text,email_generic,38,25,1.0
d63d1c324ce925cdcb8e7670,d63d1c324ce925cdcb8e767017ea447fda627e38ee188184ea0e3f16a40f10cd,TEXT-20251116T222102Z-1-001/TEXT/001/HOUSE_OVERSIGHT_027053.txt,c0004_r0000,text,email_generic,94,25,1.0
5885b6433da886c063fdd8e7,5885b6433da886c063fdd8e79d03fd2c60013397eeb65e4a8d2bf8e54bbab2f9,TEXT-20251116T222102Z-1-001/TEXT/002/HOUSE_OVERSIGHT_032560.txt,c0007_r0001,text,email_generic,39,25,1.0
89395e6bd102f42bc3d03dea,89395e6bd102f42bc3d03deacd193bea4bc1a426b74fcd9ebee6fdeda3576fbe,TEXT-20251116T222102Z-1-001/TEXT/001/HOUSE_OVERSIGHT_031519.txt,c0007_r0001,text,email_generic,51,25,1.0
94cf9e5a570b617ed97e7313,94cf9e5a570b617ed97e731324f87bfdd4437657be0d12fb7b30a416b3327720,TEXT-20251116T222102Z-1-001/TEXT/001/HOUSE_OVERSIGHT_030712.txt,c0007_r0002,text,email_generic,39,25,1.0
f5ebcb34f8c09a1526416554,f5ebcb34f8c09a1526416554b92f8d34719928eb2f65103ae8f423949fc166e1,TEXT-20251116T222102Z-1-001/TEXT/001/HOUSE_OVERSIGHT_026450.txt,c0007_r0002,text,email_generic,75,25,1.0
32fac6245965e358e5ee8ed9,32fac6245965e358e5ee8ed927a166eab9d261e67a6b7aff2f3ca31f48d1bc69,TEXT-20251116T222102Z-1-001/TEXT/001/HOUSE_OVERSIGHT_030724.txt,c0004_r0000,text,email_generic,80,26,1.0
53469f9b03c4d3706c7c0b61,53469f9b03c4d3706c7c0b616388634aed086c1502ba8d5b4d345e74bca9252c,TEXT-20251116T222102Z-1-001/TEXT/001/HOUSE_OVERSIGHT_026269.txt,c0004_r0000,text,email_generic,56,26,1.0
8a75813c042d6f61018997f4,8a75813c042d6f61018997f4b009fc46d1843353e0bc7693cf2a5f2b0d466fdb,TEXT-20251116T222102Z-1-001/TEXT/002/HOUSE_OVERSIGHT_033007.txt,c0004_r0000,text,email_generic,55,26,1.0
078f63a8b8d78881d094541f,078f63a8b8d78881d094541f5ec755da6023b28a7003210dc8d3ff6922873eaf,TEXT-20251116T222102Z-1-001/TEXT/002/HOUSE_OVERSIGHT_032699.txt,c0005_r0000,text,email_generic,54,26,1.0
425a09078064665d74edff98,425a09078064665d74edff98a378d61859c5e8ec33d2a16a9b75bbf279142153,TEXT-20251116T222102Z-1-001/TEXT/002/HOUSE_OVERSIGHT_033059.txt,c0005_r0000,text,email_generic,39,26,1.0
4599d03df01bfa488bc22ddc,4599d03df01bfa488bc22ddc28327f9edcb7977c91dce6373080f32841d13d2c,TEXT-20251116T222102Z-1-001/TEXT/002/HOUSE_OVERSIGHT_033053.txt,c0005_r0000,text,email_generic,35,26,1.0
ae73ad413e39c8307e0d3e98,ae73ad413e39c8307e0d3e988e6258adda8a370044433b7f4517f793d51081b6,TEXT-20251116T222102Z-1-001/TEXT/002/HOUSE_OVERSIGHT_033055.txt,c0005_r0000,text,email_generic,45,26,1.0
b062e2b871b7c38f3386453a,b062e2b871b7c38f3386453ac3d44fa1f3a09bc3ab0aa2794e624ae9cca2295f,TEXT-20251116T222102Z-1-001/TEXT/002/HOUSE_OVERSIGHT_032697.txt,c0005_r0000,text,email_generic,54,26,1.0
dcf1b11e3c3751f76e97eea1,dcf1b11e3c3751f76e97eea126cda17842394a8b744971c9a7da5a24e3992cf9,TEXT-20251116T222102Z-1-001/TEXT/002/HOUSE_OVERSIGHT_032703.txt,c0005_r0000,text,email_generic,38,26,1.0
024456928cc8ca0eeed8aaa0,024456928cc8ca0eeed8aaa0d3530a89f0d2356d459fd5878d85959a209ea9e0,TEXT-20251116T222102Z-1-001/TEXT/001/HOUSE_OVERSIGHT_030729.txt,c0006_r0001,text,email_generic,82,26,1.0
1843d844bfaee2599ff4fe5f,1843d844bfaee2599ff4fe5ff884cda5cd8e778eaadeaa0b4a177b4e9ab0a8b8,TEXT-20251116T222102Z-1-001/TEXT/001/HOUSE_OVERSIGHT_025649.txt,c0006_r0001,text,email_generic,65,26,1.0
1f95c0d5f6e7be0612d6ed67,1f95c0d5f6e7be0612d6ed670ca015824cdd971497fd76068a63d1da3b78f1e4,TEXT-20251116T222102Z-1-001/TEXT/001/HOUSE_OVERSIGHT_026329.txt,c0006_r0001,text,email_generic,47,26,1.0
5046cc1917342607e4b5d696,5046cc1917342607e4b5d6968ba6cd8734b81311345b0bd22a65a0c71707e525,TEXT-20251116T222102Z-1-001/TEXT/001/HOUSE_OVERSIGHT_030790.txt,c0006_r0001,text,email_generic,76,26,1.0
a645a99d9f9dc36428c2e824,a645a99d9f9dc36428c2e82460ba650984694bfdb32e0c611b68561700a9d78a,TEXT-20251116T222102Z-1-001/TEXT/001/HOUSE_OVERSIGHT_025660.txt,c0006_r0001,text,email_generic,66,26,1.0
b460ee73f075ce53c4ade002,b460ee73f075ce53c4ade002840d24d8b67c2e37b8f8780649f177449964792d,TEXT-20251116T222102Z-1-001/TEXT/001/HOUSE_OVERSIGHT_025647.txt,c0007_r0001,text,email_generic,63,26,1.0
262545b40c3c15a8c606fc75,262545b40c3c15a8c606fc756eadfeb0913a69dd9280dc45e80b4e615dbe33e4,TEXT-20251116T222102Z-1-001/TEXT/001/HOUSE_OVERSIGHT_023458.txt,c0001_r0000,text,generic,122,27,1.0
d58577e746a74547246a42c9,d58577e746a74547246a42c96acf90c6edea3ba03d3e7ac57453ab475ccf797b,TEXT-20251116T222102Z-1-001/TEXT/002/HOUSE_OVERSIGHT_033580.txt,c0003_r0000,text,email_generic,65,27,1.0
eac436cc1da6acd976d1456b,eac436cc1da6acd976d1456b8bbde9891991cd44e043c830c2ea8d817567d166,TEXT-20251116T222102Z-1-001/TEXT/002/HOUSE_OVERSIGHT_033207.txt,c0003_r0006,text,email_generic,64,27,1.0
8b377eb78c78afe4c52ea9b6,8b377eb78c78afe4c52ea9b67b45c6b8dbdf7a0995f0aedd214894c5c6909dce,TEXT-20251116T222102Z-1-001/TEXT/001/HOUSE_OVERSIGHT_019845.txt,c0004_r0000,text,email_generic,77,27,1.0
a8c3271c6491b33e17df7f0d,a8c3271c6491b33e17df7f0d2259e9d83819dd78309ab2f190b8d0867651f9db,TEXT-20251116T222102Z-1-001/TEXT/001/HOUSE_OVERSIGHT_031679.txt,c0004_r0000,text,email_generic,67,27,1.0
b6aa8d567b5f6ad0daafd72a,b6aa8d567b5f6ad0daafd72a3fcc7286ed959c8680020e407d38186922c5499c,TEXT-20251116T222102Z-1-001/TEXT/001/HOUSE_OVERSIGHT_030141.txt,c0004_r0000,text,email_generic,33,27,1.0
d8be34361f4c253de108ca38,d8be34361f4c253de108ca38b14d5642fea8ba779690fbd44a059ca6993fd14e,TEXT-20251116T222102Z-1-001/TEXT/001/HOUSE_OVERSIGHT_031565.txt,c0004_r0000,text,email_generic,83,27,1.0
f04c3749b111986b008c2d75,f04c3749b111986b008c2d75e97d70a4c8a77019a2c9686723323c04671c9ee2,TEXT-20251116T222102Z-1-001/TEXT/001/HOUSE_OVERSIGHT_031680.txt,c0004_r0000,text,email_generic,90,27,1.0
0ff9a2df99641d91f0ca5636,0ff9a2df99641d91f0ca563657b1e6b0b6aed0bea7a01e6a96287a40f1536504,TEXT-20251116T222102Z-1-001/TEXT/001/HOUSE_OVERSIGHT_031607.txt,c0004_r0002,text,email_generic,101,27,1.0
c00aed14099e3cc88ad5d5de,c00aed14099e3cc88ad5d5ded3f6b2135f3a4424c1de85a5b73c6c79beba591d,TEXT-20251116T222102Z-1-001/TEXT/001/HOUSE_OVERSIGHT_031472.txt,c0004_r0002,text,email_generic,41,27,1.0
e1933965fb88cb82012c2439,e1933965fb88cb82012c2439668c4992a035e8c65e2a7e381cc4869cb701319e,TEXT-20251116T222102Z-1-001/TEXT/001/HOUSE_OVERSIGHT_031460.txt,c0004_r0002,text,email_generic,104,27,1.0
095d9cca2ea17ff6774b1b71,095d9cca2ea17ff6774b1b7165d3e6e0b1049e0de2115d82c12e6490780e9c5f,TEXT-20251116T222102Z-1-001/TEXT/001/HOUSE_OVERSIGHT_022211.txt,c0004_r0004,text,generic,112,27,1.0
5351c3aa068a281891383ec8,5351c3aa068a281891383ec89267d148bcbca9bbf3cd8a3df9d9c970013c469a,TEXT-20251116T222102Z-1-001/TEXT/001/HOUSE_OVERSIGHT_021093.txt,c0004_r0004,text,generic,129,27,1.0
58aca1f9682c508d3d31a940,58aca1f9682c508d3d31a940fa3e0c0291b7069e5c17e0a59acea38f973d16e2,TEXT-20251116T222102Z-1-001/TEXT/001/HOUSE_OVERSIGHT_031662.txt,c0006_r0001,text,email_generic,64,27,1.0
2f697ac518c01e29ea61eb40,2f697ac518c01e29ea61eb40a30ee86d8c50163ace0807d5a111a2d4c97e97c9,TEXT-20251116T222102Z-1-001/TEXT/001/HOUSE_OVERSIGHT_030795.txt,c0007_r0001,text,email_generic,81,27,1.0
359bc508b6f9bae4c1895e87,359bc508b6f9bae4c1895e87c25a4b67c06fa97f0526d2f9d4b469c7d52d2f33,TEXT-20251116T222102Z-1-001/TEXT/001/HOUSE_OVERSIGHT_026582.txt,c0001_r0000,text,generic,70,28,1.0
844c87730ed7d2be94b7bb53,844c87730ed7d2be94b7bb53a37c3548613d4baa8b3cab52ec4e9c7d5a2a0061,TEXT-20251116T222102Z-1-001/TEXT/001/HOUSE_OVERSIGHT_030460.txt,c0001_r0000,text,email_generic,88,28,1.0
0fe2fa37e650802c0d276aad,0fe2fa37e650802c0d276aad064e8f698f28251c1dd3d43480e026397dafc46c,TEXT-20251116T222102Z-1-001/TEXT/001/HOUSE_OVERSIGHT_030584.txt,c0004_r0000,text,email_generic,76,28,1.0
6dcbdeb01457613dfd671efb,6dcbdeb01457613dfd671efbdbd3d90bc5f0f153f53e86aa430f35dcb95afbed,TEXT-20251116T222102Z-1-001/TEXT/001/HOUSE_OVERSIGHT_030467.txt,c0004_r0000,text,email_generic,65,28,1.0
6f6eec1b1078733699822b5f,6f6eec1b1078733699822b5f6eaa1f137c4d690002d75627bbc47bbe2bddb088,TEXT-20251116T222102Z-1-001/TEXT/001/HOUSE_OVERSIGHT_030528.txt,c0004_r0000,text,email_generic,82,28,1.0
6faf5e939bd8eb9398136e06,6faf5e939bd8eb9398136e06212ae8e3f271230b9836fb68282aae27bf504be6,TEXT-20251116T222102Z-1-001/TEXT/001/HOUSE_OVERSIGHT_030522.txt,c0004_r0000,text,email_generic,82,28,1.0
732e271b852ddadd910bc43f,732e271b852ddadd910bc43fea267f91751126f87bf8d0e5be178f46b73462fd,TEXT-20251116T222102Z-1-001/TEXT/001/HOUSE_OVERSIGHT_030414.txt,c0004_r0000,text,email_generic,33,28,1.0
ca5d7c65aff546cf509ea07e,ca5d7c65aff546cf509ea07ee44953053cdc075729b6337209ef13857d43839c,TEXT-20251116T222102Z-1-001/TEXT/001/HOUSE_OVERSIGHT_030581.txt,c0004_r0000,text,email_generic,66,28,1.0
d383ec76eb3d5afacb00751b,d383ec76eb3d5afacb00751b0490e089266c4a1741936e48dcad0e90523abcf1,TEXT-20251116T222102Z-1-001/TEXT/001/HOUSE_OVERSIGHT_030525.txt,c0004_r0000,text,email_generic,66,28,1.0
d406d8a431c2adafe541e7a1,d406d8a431c2adafe541e7a143fabc6825204006697d8adfef569505343243c8,TEXT-20251116T222102Z-1-001/TEXT/001/HOUSE_OVERSIGHT_030470.txt,c0004_r0000,text,email_generic,67,28,1.0
e3b1f8369224bb175f41f341,e3b1f8369224bb175f41f341376c62ebb5b00881f06ac58bad8f4babe69cc1b7,TEXT-20251116T222102Z-1-001/TEXT/001/HOUSE_OVERSIGHT_030578.txt,c0004_r0000,text,email_generic,42,28,1.0
ed1e44cc60f670c0d323ec7e,ed1e44cc60f670c0d323ec7e3171a2ac1c7931a8d25d92681f5e02b5fd069a0b,TEXT-20251116T222102Z-1-001/TEXT/001/HOUSE_OVERSIGHT_030462.txt,c0004_r0000,text,email_generic,69,28,1.0
61ff4c8ea4aafdff1be9c7c8,61ff4c8ea4aafdff1be9c7c818e7e86ac1c340de919d742b112b21ea3e21462a,TEXT-20251116T222102Z-1-001/TEXT/001/HOUSE_OVERSIGHT_030472.txt,c0004_r0003,text,email_generic,59,28,1.0
e9e3a4985c36a6aaa138eea5,e9e3a4985c36a6aaa138eea56e8d1a8dd17dc6a5e4864e972d7ffc89d26b8d0f,TEXT-20251116T222102Z-1-001/TEXT/001/HOUSE_OVERSIGHT_030478.txt,c0004_r0003,text,email_generic,55,28,1.0
36d45ab7730d61c07cb2f0e0,36d45ab7730d61c07cb2f0e00e1903c35d734246e2435d98d45355fbadbad818,TEXT-20251116T222102Z-1-001/TEXT/001/HOUSE_OVERSIGHT_022234.txt,c0004_r0004,text,email_generic,67,28,1.0
3b683f3174a101b02148d965,3b683f3174a101b02148d965e55916743a46715f6df4c71cd8fb66aa29b2ac14,TEXT-20251116T222102Z-1-001/TEXT/001/HOUSE_OVERSIGHT_022811.txt,c0001_r0000,text,email_generic,73,29,1.0
acd4ab544ae6a3dfc6556fa1,acd4ab544ae6a3dfc6556fa180bf6f6217f9b91c4ff1215f6cd981f81cf791a8,TEXT-20251116T222102Z-1-001/TEXT/001/HOUSE_OVERSIGHT_026849.txt,c0003_r0000,text,email_generic,73,29,1.0
79944f3a8843cbd97be445cc,79944f3a8843cbd97be445ccda1b0b1437719600f237b03b6586df4f56b4f1e8,TEXT-20251116T222102Z-1-001/TEXT/002/HOUSE_OVERSIGHT_032267.txt,c0003_r0005,text,email_generic,30,29,1.0
153e181ea15a91ef8f51118f,153e181ea15a91ef8f51118fa00c57984f6caca026eb773f52186f33fa7804ef,TEXT-20251116T222102Z-1-001/TEXT/001/HOUSE_OVERSIGHT_031614.txt,c0004_r0000,text,email_generic,40,29,1.0
32a5b0d5c67c754765c76e68,32a5b0d5c67c754765c76e6824f739ed01f90de7a53838aa83ae5a3761a3f832,TEXT-20251116T222102Z-1-001/TEXT/001/HOUSE_OVERSIGHT_026017.txt,c0004_r0000,text,email_generic,74,29,1.0
630608fd5a821b34749d30c3,630608fd5a821b34749d30c3a4533b3193e903c97b5eb843150f66bf56f58baa,TEXT-20251116T222102Z-1-001/TEXT/001/HOUSE_OVERSIGHT_031612.txt,c0004_r0000,text,email_generic,45,29,1.0
abb6dc94f3d2733c4237c544,abb6dc94f3d2733c4237c544ae402393d67c4e0112766c4d9eabc4760f329e94,TEXT-20251116T222102Z-1-001/TEXT/002/HOUSE_OVERSIGHT_032935.txt,c0004_r0000,text,email_generic,46,29,1.0
d3411ea26ab7516c8e1b8e97,d3411ea26ab7516c8e1b8e97f49cb75b1e62b7466ebf7905089f5575e72ec224,TEXT-20251116T222102Z-1-001/TEXT/002/HOUSE_OVERSIGHT_032876.txt,c0004_r0000,text,email_generic,44,29,1.0
e7d0d11ed9dae9c0fa988762,e7d0d11ed9dae9c0fa98876260abd98879ba19542d741e8004d6d65b8575a78c,TEXT-20251116T222102Z-1-001/TEXT/001/HOUSE_OVERSIGHT_031636.txt,c0004_r0000,text,email_generic,54,29,1.0
eee8b2827b1fff78d92491b4,eee8b2827b1fff78d92491b499ca4a5646e3d38cf9bd484f53257a4066f6915c,TEXT-20251116T222102Z-1-001/TEXT/001/HOUSE_OVERSIGHT_029978.txt,c0004_r0000,text,email_generic,86,29,1.0
02b04887de056f9fbdf4bd47,02b04887de056f9fbdf4bd4707d6cec2669dfbac4631711ef286140e24576023,TEXT-20251116T222102Z-1-001/TEXT/001/HOUSE_OVERSIGHT_026793.txt,c0004_r0004,text,generic,112,29,1.0
442ab514047ca9e274fa1dae,442ab514047ca9e274fa1dae8c07a6b2c586cd5a991fd912f963f22f1ed83c9a,TEXT-20251116T222102Z-1-001/TEXT/002/HOUSE_OVERSIGHT_031972.txt,c0004_r0004,text,generic,121,29,1.0
63eb9e358900095021a37c05,63eb9e358900095021a37c053cbc96d2cd5d48698b4181b9c5df481090e92a5b,TEXT-20251116T222102Z-1-001/TEXT/001/HOUSE_OVERSIGHT_029398.txt,c0004_r0004,text,generic,102,29,1.0
0b861cd5623e0f3fd3117baa,0b861cd5623e0f3fd3117baa66dd2992b68658f2f0a07009a20d8102bc3994f3,TEXT-20251116T222102Z-1-001/TEXT/001/HOUSE_OVERSIGHT_025197.txt,c0007_r0001,text,email_generic,100,29,1.0
2fb38af68e7beb76098ac0c7,2fb38af68e7beb76098ac0c76ba9be63f6aef246bbbad466de7c3921b01dfd9d,TEXT-20251116T222102Z-1-001/TEXT/001/HOUSE_OVERSIGHT_025195.txt,c0007_r0002,text,email_generic,99,29,1.0
01b3924f32ca09fedd7d75e7,01b3924f32ca09fedd7d75e79c50045f9c59438629e7d02d7f84783934d8e2ed,TEXT-20251116T222102Z-1-001/TEXT/001/HOUSE_OVERSIGHT_030156.txt,c0001_r0000,text,generic,111,30,1.0
baa3eb3f1c6ca3c5c5f1f713,baa3eb3f1c6ca3c5c5f1f7131d0ed41f54fd8fa2f4d14cdab385d12c62f63162,TEXT-20251116T222102Z-1-001/TEXT/001/HOUSE_OVERSIGHT_029628.txt,c0001_r0000,text,generic,111,30,1.0
c9a14c6b1ee0720051f89561,c9a14c6b1ee0720051f89561fe2422fffd17a20a600c961e254875a7213c3b0b,TEXT-20251116T222102Z-1-001/TEXT/001/HOUSE_OVERSIGHT_023517.txt,c0001_r0000,text,generic,113,30,1.0
afbf463985954ba722b8c589,afbf463985954ba722b8c589d58a682f7c99651cb2ffafdd0fd471c0b1818933,TEXT-20251116T222102Z-1-001/TEXT/001/HOUSE_OVERSIGHT_031696.txt,c0003_r0002,text,email_generic,64,30,1.0
81bfb53fa72c7d442dcb82bc,81bfb53fa72c7d442dcb82bc57827158fc5e1fc6fbdcf718ea3264aa3b6d220f,TEXT-20251116T222102Z-1-001/TEXT/001/HOUSE_OVERSIGHT_029505.txt,c0004_r0000,text,email_generic,79,30,1.0
14c258e71c0db763f21dfdd9,14c258e71c0db763f21dfdd912c808c3ab88f8cc0d79d9f4e52b8efdfa97f420,TEXT-20251116T222102Z-1-001/TEXT/001/HOUSE_OVERSIGHT_029692.txt,c0004_r0002,text,email_generic,108,30,1.0
42a452505627ad03bd5e2996,42a452505627ad03bd5e29964e08483402bbde1530bab22f7c6cde94899f5145,TEXT-20251116T222102Z-1-001/TEXT/001/HOUSE_OVERSIGHT_027099.txt,c0004_r0002,text,email_generic,43,30,1.0
8d63e08d06a3d4f814e5611b,8d63e08d06a3d4f814e5611b4d61e23c1a76401f944597ac311d3170d018b513,TEXT-20251116T222102Z-1-001/TEXT/002/HOUSE_OVERSIGHT_033586.txt,c0004_r0002,text,email_generic,89,30,1.0
a629c4eeab2f709d7bbf7fac,a629c4eeab2f709d7bbf7faccc81eac8ae3f8a75980c9a0fb43a027d79760ecf,TEXT-20251116T222102Z-1-001/TEXT/002/HOUSE_OVERSIGHT_033297.txt,c0004_r0002,text,email_generic,77,30,1.0
c7c16ff7a7aea621845668f9,c7c16ff7a7aea621845668f958e62805c40f5e9445adc29a2c39303426d1bcec,TEXT-20251116T222102Z-1-001/TEXT/001/HOUSE_OVERSIGHT_025361.txt,c0004_r0002,text,email_generic,102,30,1.0
dd3234cdd50a3f3ef3fa802a,dd3234cdd50a3f3ef3fa802ae1e42fd605e5ed08b00bc1c9c103f413a4c18a9b,TEXT-20251116T222102Z-1-001/TEXT/001/HOUSE_OVERSIGHT_026551.txt,c0004_r0002,text,email_generic,89,30,1.0
757f7b8681b69d330675823c,757f7b8681b69d330675823cf8e37bba05af547f45b276811e8f731ff3df7807,TEXT-20251116T222102Z-1-001/TEXT/001/HOUSE_OVERSIGHT_027028.txt,c0004_r0003,text,email_generic,42,30,1.0
02851546afd9cb72cc700e1d,02851546afd9cb72cc700e1d4eef537555a4c9e9c78f45bdb8b0f00260eef1b2,TEXT-20251116T222102Z-1-001/TEXT/002/HOUSE_OVERSIGHT_033568.txt,c0004_r0004,text,email_generic,80,30,1.0
caf3cf50e8236465cd4d10bb,caf3cf50e8236465cd4d10bbc488b2383c566b1c3ba7c6c29ba1ed1dc2dec7c1,TEXT-20251116T222102Z-1-001/TEXT/001/HOUSE_OVERSIGHT_031716.txt,c0004_r0004,text,generic,109,30,1.0
51777641b0dc5795e368f940,51777641b0dc5795e368f9401dee95307cddf628a3c5e567016703ec9159757f,TEXT-20251116T222102Z-1-001/TEXT/001/HOUSE_OVERSIGHT_031511.txt,c0006_r0001,text,email_generic,93,30,1.0
36b94ca4eb34443d3cfa6d14,36b94ca4eb34443d3cfa6d14f4913fb814caa2fe2178751da776b5e225cdf682,TEXT-20251116T222102Z-1-001/TEXT/001/HOUSE_OVERSIGHT_031747.txt,c0001_r0000,text,email_generic,42,31,1.0
8e951912b3106e692f305755,8e951912b3106e692f3057557d8332dedbae2e7ade79ec8bccfde0825e439499,TEXT-20251116T222102Z-1-001/TEXT/002/HOUSE_OVERSIGHT_033001.txt,c0004_r0000,text,email_generic,105,31,1.0
2c866464090e335c9b083d68,2c866464090e335c9b083d68e2f52554b5160946064ed73324f69162d0afc743,TEXT-20251116T222102Z-1-001/TEXT/001/HOUSE_OVERSIGHT_031333.txt,c0004_r0002,text,email_generic,102,31,1.0
54151ff68495a31e522139c2,54151ff68495a31e522139c264378db601a3c95cc56c4b996df706e362795887,TEXT-20251116T222102Z-1-001/TEXT/002/HOUSE_OVERSIGHT_032217.txt,c0004_r0002,text,email_generic,105,31,1.0
69893fc07fb57ad48bfed8c0,69893fc07fb57ad48bfed8c04abba025daa9419ac805497cc69524357aacceb9,TEXT-20251116T222102Z-1-001/TEXT/001/HOUSE_OVERSIGHT_028648.txt,c0004_r0002,text,email_generic,105,31,1.0
78220b08ae6dcdde2286c853,78220b08ae6dcdde2286c853d8809759d2ec133a0b84782ad87835923848a472,TEXT-20251116T222102Z-1-001/TEXT/001/HOUSE_OVERSIGHT_018197.txt,c0004_r0002,text,email_generic,105,31,1.0
159ecabb5a99122bbfabd96f,159ecabb5a99122bbfabd96f31b2816ffcb78bb9e44c879ed9504740512cc05e,TEXT-20251116T222102Z-1-001/TEXT/001/HOUSE_OVERSIGHT_025094.txt,c0004_r0003,text,generic,111,31,1.0
47d76ceb645ca9c26560a50f,47d76ceb645ca9c26560a50f2e023ab5ccebcbbfcf97618dc111063306f24a50,TEXT-20251116T222102Z-1-001/TEXT/002/HOUSE_OVERSIGHT_033517.txt,c0004_r0003,text,email_generic,83,31,1.0
674b289ba5a0a1407f47f933,674b289ba5a0a1407f47f933d2e820880d36ac47afce91d8ee6ae8000fe2651d,TEXT-20251116T222102Z-1-001/TEXT/001/HOUSE_OVERSIGHT_016699.txt,c0004_r0003,text,email_generic,139,31,1.0
6d32bf1c04ad4b5b713532fa,6d32bf1c04ad4b5b713532fa6ef4a5e325fd7aec892d174272be946e59d528fe,TEXT-20251116T222102Z-1-001/TEXT/001/HOUSE_OVERSIGHT_029849.txt,c0004_r0003,text,email_generic,99,31,1.0
72c14afda431969cc0fdc09b,72c14afda431969cc0fdc09b20a2620f825607ead0ddc400a0bc03850e5c2cdd,TEXT-20251116T222102Z-1-001/TEXT/001/HOUSE_OVERSIGHT_010617.txt,c0004_r0003,text,email_generic,132,31,1.0
904d5e12468eef23c6b34c53,904d5e12468eef23c6b34c53b2cb79f8e9d9da6001cfa1735e9dc9e056c6f6ed,TEXT-20251116T222102Z-1-001/TEXT/001/HOUSE_OVERSIGHT_017830.txt,c0004_r0003,text,generic,116,31,1.0
a2d7c71ee5156acce6a8e74e,a2d7c71ee5156acce6a8e74eeff7f0d27993e3496339f2d5a83105748adfd57b,TEXT-20251116T222102Z-1-001/TEXT/002/HOUSE_OVERSIGHT_033482.txt,c0004_r0003,text,email_generic,102,31,1.0
d94e4fd999ed20721f6a4200,d94e4fd999ed20721f6a420001f0c285d5a72a029ab22da6c4938781bd35438b,TEXT-20251116T222102Z-1-001/TEXT/002/HOUSE_OVERSIGHT_033528.txt,c0004_r0003,text,email_generic,84,31,1.0
c4a1383a6d10af022db2b429,c4a1383a6d10af022db2b42988d07c80a79c8a0d9d582288f9cf6b5f9808152a,TEXT-20251116T222102Z-1-001/TEXT/001/HOUSE_OVERSIGHT_031637.txt,c0007_r0002,text,email_generic,120,31,1.0
bfe021d919473cad490ce29b,bfe021d919473cad490ce29b35dd42c92e29c724efb1b99fb3c196d7f73b1430,TEXT-20251116T222102Z-1-001/TEXT/001/HOUSE_OVERSIGHT_022660.txt,c0004_r0000,text,email_generic,120,32,1.0
e13b0dcbbf047c18a535f2f8,e13b0dcbbf047c18a535f2f82f8495cbfb803681fff820fb60eb3f52f304cc32,TEXT-20251116T222102Z-1-001/TEXT/002/HOUSE_OVERSIGHT_032321.txt,c0004_r0000,text,generic,126,32,1.0
e6b65097415e0724c1a7e7de,e6b65097415e0724c1a7e7defd978e705f88a31be4744306caeed146f20642c7,TEXT-20251116T222102Z-1-001/TEXT/001/HOUSE_OVERSIGHT_022941.txt,c0004_r0000,text,email_generic,45,32,1.0
fccb4b2587094540839ba64f,fccb4b2587094540839ba64fb08365844536af0f81344ea8b9094dd215bde352,TEXT-20251116T222102Z-1-001/TEXT/001/HOUSE_OVERSIGHT_030347.txt,c0004_r0000,text,email_generic,80,32,1.0
9cfb56b06eb5f180539883d8,9cfb56b06eb5f180539883d84c9bc2eac6b9d30a2bc99c2b3fe6209d3537b360,TEXT-20251116T222102Z-1-001/TEXT/001/HOUSE_OVERSIGHT_014788.txt,c0004_r0001,text,generic,80,32,1.0
f58e624e9bf0c8632f899e73,f58e624e9bf0c8632f899e738376a9b79fe1e942c1ee5469e4441035e446c01e,TEXT-20251116T222102Z-1-001/TEXT/001/HOUSE_OVERSIGHT_011463.txt,c0004_r0001,text,generic,91,32,1.0
0e641c4cbf67246c965e38e4,0e641c4cbf67246c965e38e480511d8dc44f6144a0ee1676222f84c80c50ac0a,TEXT-20251116T222102Z-1-001/TEXT/001/HOUSE_OVERSIGHT_026477.txt,c0004_r0002,text,email_generic,36,32,1.0
1de87031055b657d23936740,1de87031055b657d239367405efd162e47af14249d72d0232d5383cf95a7ce5c,TEXT-20251116T222102Z-1-001/TEXT/001/HOUSE_OVERSIGHT_029225.txt,c0004_r0002,text,email_generic,82,32,1.0
a04200714925be819541349d,a04200714925be819541349dcc4abafd094414b2a7c9b7210aa9f6ca76477502,TEXT-20251116T222102Z-1-001/TEXT/001/HOUSE_OVERSIGHT_026854.txt,c0004_r0003,text,generic,115,32,1.0
a69402432b4a54a5da282a53,a69402432b4a54a5da282a537f2b80ee4c1fa4d6f38536b494cba12a3441b55f,TEXT-20251116T222102Z-1-001/TEXT/001/HOUSE_OVERSIGHT_015650.txt,c0004_r0003,text,generic,113,32,1.0
c2a244bc4d8096a1c0ee0245,c2a244bc4d8096a1c0ee024581513c232806a3ae60b504030b86a10bd15ea8b6,TEXT-20251116T222102Z-1-001/TEXT/001/HOUSE_OVERSIGHT_026384.txt,c0004_r0003,text,generic,92,32,1.0
e68c8bd9da07cd41b7f19c1d,e68c8bd9da07cd41b7f19c1d7ea35fabec140eed236cf484235ea8026c441ca9,TEXT-20251116T222102Z-1-001/TEXT/001/HOUSE_OVERSIGHT_016218.txt,c0004_r0003,text,email_generic,67,32,1.0
280d61a8686a7d0e74cf80fa,280d61a8686a7d0e74cf80fae26e343dfa7c61b1a9d59a2a12fdb7b2211ef960,TEXT-20251116T222102Z-1-001/TEXT/001/HOUSE_OVERSIGHT_022829.txt,c0006_r0001,text,email_generic,79,32,1.0
5352d93425047c58e1f21cb6,5352d93425047c58e1f21cb6aba89dd9e3c24ff96805e228b3474f4792102625,TEXT-20251116T222102Z-1-001/TEXT/001/HOUSE_OVERSIGHT_022665.txt,c0006_r0001,text,email_generic,74,32,1.0
7a06f8d458dcb784625c35e2,7a06f8d458dcb784625c35e21e47fc835dc4330626d1467502578ead8a1b7e57,TEXT-20251116T222102Z-1-001/TEXT/001/HOUSE_OVERSIGHT_022827.txt,c0006_r0001,text,email_generic,77,32,1.0
6e73e65f0d7a49133ab85cd6,6e73e65f0d7a49133ab85cd6fbd26e5f4416808b09278e5cd982a22af6f9bec3,TEXT-20251116T222102Z-1-001/TEXT/001/HOUSE_OVERSIGHT_030859.txt,c0003_r0002,text,email_generic,58,33,1.0
fc59e9a8f77cbe8c7079ebe5,fc59e9a8f77cbe8c7079ebe5ad4155dc7bd18b675a4db693d52605ec1f870872,TEXT-20251116T222102Z-1-001/TEXT/001/HOUSE_OVERSIGHT_031067.txt,c0003_r0002,text,email_generic,58,33,1.0
5d10401629ebf7be9d4916bd,5d10401629ebf7be9d4916bd1dc06925180e47cfd50bf898cab5fb832a117ae4,TEXT-20251116T222102Z-1-001/TEXT/002/HOUSE_OVERSIGHT_031772.txt,c0003_r0005,text,email_generic,47,33,1.0
9df9fa44d52813c90ed00b72,9df9fa44d52813c90ed00b723e95e1a4c0225626f18b124fb4f86c55be37c9f3,TEXT-20251116T222102Z-1-001/TEXT/001/HOUSE_OVERSIGHT_022187.txt,c0004_r0000,text,email_generic,80,33,1.0
cd1567b0bdf056fe15c3a69b,cd1567b0bdf056fe15c3a69bc576e8872911cfddcd7d41bae51cba9ac7531da2,TEXT-20251116T222102Z-1-001/TEXT/001/HOUSE_OVERSIGHT_023035.txt,c0004_r0000,text,email_generic,93,33,1.0
dce850febbeff81bb1bad8e3,dce850febbeff81bb1bad8e30aeff587046fc142bad24de552077cb74f3c52d1,TEXT-20251116T222102Z-1-001/TEXT/002/HOUSE_OVERSIGHT_032058.txt,c0004_r0000,text,email_generic,61,33,1.0
3776fdf9515d911b6c92f611,3776fdf9515d911b6c92f611adfbd42552438f473ce58ff162ccf0048141b08a,TEXT-20251116T222102Z-1-001/TEXT/001/HOUSE_OVERSIGHT_030519.txt,c0004_r0002,text,email_generic,112,33,1.0
49b39d45ba38e92590255b2a,49b39d45ba38e92590255b2aacd22ac4652ac4ed9fcfc96c0666006f976e5540,TEXT-20251116T222102Z-1-001/TEXT/001/HOUSE_OVERSIGHT_022624.txt,c0004_r0003,text,email_generic,74,33,1.0
8408b448e6923c384f3c7661,8408b448e6923c384f3c76615fa1476f4354ba263749a2d4aa9d2201b91d37cd,TEXT-20251116T222102Z-1-001/TEXT/001/HOUSE_OVERSIGHT_022684.txt,c0004_r0003,text,email_generic,51,33,1.0
a83b25abbe14f16dc7a9d55c,a83b25abbe14f16dc7a9d55c13aa1a101c6c0256a15327a745c09dfface689b7,TEXT-20251116T222102Z-1-001/TEXT/001/HOUSE_OVERSIGHT_029625.txt,c0004_r0003,text,email_generic,97,33,1.0
3dac8781c3385b29861ea0fa,3dac8781c3385b29861ea0faba1184bbfa461f4e148a3773db41f8a03dd8b312,TEXT-20251116T222102Z-1-001/TEXT/001/HOUSE_OVERSIGHT_030751.txt,c0004_r0004,text,email_generic,127,33,1.0
7cccc693750cd8995883b11b,7cccc693750cd8995883b11b9149adc4660e53aec65c3d82e93a1576c3fb78ae,TEXT-20251116T222102Z-1-001/TEXT/001/HOUSE_OVERSIGHT_022397.txt,c0004_r0004,text,email_generic,69,33,1.0
9a00d58902d9062ca76e6d04,9a00d58902d9062ca76e6d04eb32d0e3c05fdfa2903b55dd092107172aac2c17,TEXT-20251116T222102Z-1-001/TEXT/001/HOUSE_OVERSIGHT_025292.txt,c0004_r0004,text,generic,128,33,1.0
aee08254b4da1b3eb44b77dd,aee08254b4da1b3eb44b77ddb18f5e13d1afd521cce9c0695dd4ad10fc6d9a53,TEXT-20251116T222102Z-1-001/TEXT/001/HOUSE_OVERSIGHT_026047.txt,c0005_r0000,text,email_generic,80,33,1.0
d4ec73f5bedf22657a853ed5,d4ec73f5bedf22657a853ed5859c3be835fd71c702904b7e7e0c0fbd8f887809,TEXT-20251116T222102Z-1-001/TEXT/001/HOUSE_OVERSIGHT_030920.txt,c0006_r0000,text,email_generic,116,33,1.0
3f44ce66587250da69fd2082,3f44ce66587250da69fd2082b712e182e182746e42f05017f5d732d205c616a6,TEXT-20251116T222102Z-1-001/TEXT/001/HOUSE_OVERSIGHT_017796.txt,c0003_r0001,text,generic,44,34,1.0
a892e5acd57707fcab408fb6,a892e5acd57707fcab408fb60d50c397b74ac7f9df11aad6065a7c6cf5354cad,TEXT-20251116T222102Z-1-001/TEXT/001/HOUSE_OVERSIGHT_016197.txt,c0003_r0001,text,generic,56,34,1.0
86289f51c2f01cef0af28bc8,86289f51c2f01cef0af28bc8ad243034b34fd757a29174d2d46efce06a821219,TEXT-20251116T222102Z-1-001/TEXT/002/HOUSE_OVERSIGHT_033419.txt,c0003_r0006,text,email_generic,106,34,1.0
1d9057f17599bbae1a3080a1,1d9057f17599bbae1a3080a1e2978b99e39618c8315c87af8da3986a77149495,TEXT-20251116T222102Z-1-001/TEXT/002/HOUSE_OVERSIGHT_032897.txt,c0004_r0000,text,email_generic,53,34,1.0
37ccec51ab8a9c5c58a75a49,37ccec51ab8a9c5c58a75a49a61d1d2d7190219abca883a24d0778f1992bdda3,TEXT-20251116T222102Z-1-001/TEXT/001/HOUSE_OVERSIGHT_026328.txt,c0004_r0000,text,email_generic,92,34,1.0
88cff39aa25e8db9e0762ade,88cff39aa25e8db9e0762ade0637a72e0630f48c975d505daf3da9565ce2319d,TEXT-20251116T222102Z-1-001/TEXT/001/HOUSE_OVERSIGHT_031491.txt,c0004_r0000,text,email_generic,73,34,1.0
ad098b0fed0f49e880d2f36f,ad098b0fed0f49e880d2f36f3d437fc4cf4d8a48a9d7e3cd6c5e24ebbc721a61,TEXT-20251116T222102Z-1-001/TEXT/002/HOUSE_OVERSIGHT_032334.txt,c0004_r0000,text,email_generic,47,34,1.0
af041adb27400f575076c637,af041adb27400f575076c6370c2d49ec009340bdda1c5f781d0ffdbbe06faf3b,TEXT-20251116T222102Z-1-001/TEXT/002/HOUSE_OVERSIGHT_032056.txt,c0004_r0000,text,email_generic,31,34,1.0
0d053deafd1a2c8ac5090bf9,0d053deafd1a2c8ac5090bf9683e50518afd576b9207d49c8800cda26c284244,TEXT-20251116T222102Z-1-001/TEXT/001/HOUSE_OVERSIGHT_030983.txt,c0004_r0002,text,email_generic,64,34,1.0
12fdc7ca4c2389e4df452651,12fdc7ca4c2389e4df4526510c179664f083f5b68620370b894c52a2a3e5394c,TEXT-20251116T222102Z-1-001/TEXT/001/HOUSE_OVERSIGHT_031388.txt,c0004_r0002,text,email_generic,69,34,1.0
22dc0624669694396ffbe16b,22dc0624669694396ffbe16b33740292f0f0a82f3442005c8590dc7ee98dddc7,TEXT-20251116T222102Z-1-001/TEXT/001/HOUSE_OVERSIGHT_021106.txt,c0004_r0002,text,email_generic,72,34,1.0
339a800450c33bbb15d2b0c2,339a800450c33bbb15d2b0c2e365c864e6d141ac397cc05707a0eddad27a0416,TEXT-20251116T222102Z-1-001/TEXT/001/HOUSE_OVERSIGHT_020815.txt,c0004_r0002,text,email_generic,78,34,1.0
38c65652a7fd7ee7771c793c,38c65652a7fd7ee7771c793cf877d02bba2185a992e5bd8326cd7a9ef0088b42,TEXT-20251116T222102Z-1-001/TEXT/001/HOUSE_OVERSIGHT_031399.txt,c0004_r0002,text,email_generic,104,34,1.0
72f414e8c68e4bd80570bb91,72f414e8c68e4bd80570bb91abfc8287b48643524b5337821958f83341908228,TEXT-20251116T222102Z-1-001/TEXT/001/HOUSE_OVERSIGHT_031403.txt,c0004_r0002,text,email_generic,74,34,1.0
7854c0f8807ea7c438094d3c,7854c0f8807ea7c438094d3cc90b6fe54d40854882591bac31dc8c3ae14e772f,TEXT-20251116T222102Z-1-001/TEXT/001/HOUSE_OVERSIGHT_021729.txt,c0004_r0002,text,email_generic,30,34,1.0
cddc07746906edabb39a0d96,cddc07746906edabb39a0d96c3d7d21e20bffd367ee2798dd5ad387bfd74d3a2,TEXT-20251116T222102Z-1-001/TEXT/001/HOUSE_OVERSIGHT_031332.txt,c0003_r0000,text,email_generic,45,35,1.0
0f1375884bdc17a024a52f43,0f1375884bdc17a024a52f43edd7d7f9e8282a44f4659273b08697f3b44b5484,TEXT-20251116T222102Z-1-001/TEXT/001/HOUSE_OVERSIGHT_023038.txt,c0004_r0000,text,email_generic,30,35,1.0
6a812f88c226b941d8afc18e,6a812f88c226b941d8afc18e45740b15c633d20d7a91542fa1152f0b9ca2d50f,TEXT-20251116T222102Z-1-001/TEXT/001/HOUSE_OVERSIGHT_025139.txt,c0004_r0000,text,email_generic,102,35,1.0
955cb2607774b34f13f807ee,955cb2607774b34f13f807ee9e6763c5cea195a3acd79f773efaae77f2653fcd,TEXT-20251116T222102Z-1-001/TEXT/001/HOUSE_OVERSIGHT_031301.txt,c0004_r0000,text,email_generic,114,35,1.0
b668491c1fd9540a83d92bbf,b668491c1fd9540a83d92bbfdc45e87dad942e96f0cdb08ba6ddc1f634ad1ef7,TEXT-20251116T222102Z-1-001/TEXT/002/HOUSE_OVERSIGHT_032268.txt,c0004_r0000,text,email_generic,37,35,1.0
c88f2e6c3f9eaed29c3f7a26,c88f2e6c3f9eaed29c3f7a264e79161d9ad6a90eb4f35366ecb02ccb4235ed49,TEXT-20251116T222102Z-1-001/TEXT/002/HOUSE_OVERSIGHT_032414.txt,c0004_r0000,text,email_generic,65,35,1.0
1368a324bc5ac96ee4cc4698,1368a324bc5ac96ee4cc46989852b613aac24ef78251f2c3173df77302b00ea4,TEXT-20251116T222102Z-1-001/TEXT/001/HOUSE_OVERSIGHT_029992.txt,c0004_r0003,text,email_generic,33,35,1.0
ad833e45883dab847cabdb7c,ad833e45883dab847cabdb7c2a27f46a376ba04968aebffb4a8e1ba5f0e4dcc2,TEXT-20251116T222102Z-1-001/TEXT/001/HOUSE_OVERSIGHT_029564.txt,c0004_r0004,text,generic,134,35,1.0
cf0c0b67ff1baced1eeddc32,cf0c0b67ff1baced1eeddc321d3f040ed6f1ef3f982059e644b91c8738043fd8,TEXT-20251116T222102Z-1-001/TEXT/001/HOUSE_OVERSIGHT_029975.txt,c0004_r0004,text,email_generic,122,35,1.0
da5a36af9b3184240dd746fd,da5a36af9b3184240dd746fd94ac5bbba66d2156ccd6450fee07ddafcec32fe5,TEXT-20251116T222102Z-1-001/TEXT/001/HOUSE_OVERSIGHT_022202.txt,c0004_r0004,text,email_generic,129,35,1.0
086a7ba127d2c8ec3ba15da2,086a7ba127d2c8ec3ba15da28b8d31df506e01d18b7631708c07e070d115b6a5,TEXT-20251116T222102Z-1-001/TEXT/001/HOUSE_OVERSIGHT_031604.txt,c0006_r0001,text,email_generic,90,35,1.0
1d6c9e15b0832161c82afe51,1d6c9e15b0832161c82afe51179ad5c8111b518243625eff872561877651775c,TEXT-20251116T222102Z-1-001/TEXT/001/HOUSE_OVERSIGHT_023418.txt,c0006_r0001,text,email_generic,65,35,1.0
2be57eb1ceb49879913385be,2be57eb1ceb49879913385be901e643ed28f4147f11877366a0fd6e6b446065d,TEXT-20251116T222102Z-1-001/TEXT/001/HOUSE_OVERSIGHT_029611.txt,c0006_r0001,text,email_generic,76,35,1.0
395b77d6e23e91d679e64b42,395b77d6e23e91d679e64b42b64d80c0091beccbb5c6c79db0d7d25ed6b0319b,TEXT-20251116T222102Z-1-001/TEXT/001/HOUSE_OVERSIGHT_029616.txt,c0006_r0001,text,email_generic,63,35,1.0
c2b798f6f1b2c471f8b006d2,c2b798f6f1b2c471f8b006d260e49e87eb829bc9affedc5dc9ab4f645f33d50c,TEXT-20251116T222102Z-1-001/TEXT/001/HOUSE_OVERSIGHT_031457.txt,c0006_r0001,text,email_generic,92,35,1.0
91f86eb3035ce226ce71d24e,91f86eb3035ce226ce71d24e9d6d342aa5e60b46c6b196507bf9f451457e600f,TEXT-20251116T222102Z-1-001/TEXT/001/HOUSE_OVERSIGHT_025874.txt,c0004_r0000,text,email_generic,105,36,1.0
9deb92f781cfc2389ad20135,9deb92f781cfc2389ad20135a9d5e3933848d86a69d729e4697c9c23bbd06a28,TEXT-20251116T222102Z-1-001/TEXT/001/HOUSE_OVERSIGHT_022944.txt,c0004_r0000,text,email_generic,96,36,1.0
dabc2a9dd734d740e7742a5e,dabc2a9dd734d740e7742a5e20419e168f09f42bffe71c94d6316be171b033cc,TEXT-20251116T222102Z-1-001/TEXT/001/HOUSE_OVERSIGHT_022943.txt,c0004_r0000,text,email_generic,47,36,1.0
dde609c87eb9a91f787cd9b7,dde609c87eb9a91f787cd9b7dafcce9c2b5fa9ef565d15dc56f803f22bfee8ed,TEXT-20251116T222102Z-1-001/TEXT/001/HOUSE_OVERSIGHT_022805.txt,c0004_r0000,text,email_generic,95,36,1.0
a736839a1291baa79c05c7d8,a736839a1291baa79c05c7d839786c1c4e38f9dee37b3dbe78a24687633ceec6,TEXT-20251116T222102Z-1-001/TEXT/001/HOUSE_OVERSIGHT_030511.txt,c0004_r0001,text,email_generic,52,36,1.0
4fbf5507abb6388d5f1a8f9f,4fbf5507abb6388d5f1a8f9f1252c243b3c4a358bbe27b29dffb95afa7a51380,TEXT-20251116T222102Z-1-001/TEXT/001/HOUSE_OVERSIGHT_023050.txt,c0004_r0004,text,generic,126,36,1.0
996bd406afd29eba593aa065,996bd406afd29eba593aa0656d1a48207cb8906c667d96fbae2bfb7882b8a204,TEXT-20251116T222102Z-1-001/TEXT/002/HOUSE_OVERSIGHT_033433.txt,c0004_r0004,text,generic,116,36,1.0
de902ce7fbd7268fa30ecbd1,de902ce7fbd7268fa30ecbd1c7d042d5b1df539c83eff501b04364b76338532c,TEXT-20251116T222102Z-1-001/TEXT/002/HOUSE_OVERSIGHT_033432.txt,c0004_r0004,text,generic,129,36,1.0
24396a28909d00ed3f5c3a4a,24396a28909d00ed3f5c3a4a8798b475f84b1f2f323f74c0d76197a878963166,TEXT-20251116T222102Z-1-001/TEXT/001/HOUSE_OVERSIGHT_022949.txt,c0006_r0001,text,email_generic,65,36,1.0
3619c591fbc718ce1b8651c9,3619c591fbc718ce1b8651c98f2c58e9b84782ecf72bdb109b6f9bdf24e44d87,TEXT-20251116T222102Z-1-001/TEXT/001/HOUSE_OVERSIGHT_022947.txt,c0006_r0001,text,email_generic,54,36,1.0
b5d27f2ba209f1cea6093dd2,b5d27f2ba209f1cea6093dd25bbd1ddb444fae5c8d3a2be613b450b9c3efd935,TEXT-20251116T222102Z-1-001/TEXT/001/HOUSE_OVERSIGHT_022808.txt,c0006_r0001,text,email_generic,49,36,1.0
62aa07fcbb3f8e8b63ddc4d8,62aa07fcbb3f8e8b63ddc4d8f25b8abcdfc1c8d8826ff6e44716a87306b694f5,TEXT-20251116T222102Z-1-001/TEXT/001/HOUSE_OVERSIGHT_031593.txt,c0007_r0001,text,email_generic,65,36,1.0
669a21ed6694827f367180c8,669a21ed6694827f367180c85edd2502ee9ff2a2454d6a3bdfa0b91bcd230fc1,TEXT-20251116T222102Z-1-001/TEXT/001/HOUSE_OVERSIGHT_031445.txt,c0007_r0001,text,email_generic,61,36,1.0
0676f180e7338c5235269761,0676f180e7338c52352697610911d52f5c66afdcea8f3b01274f41d932cc1543,TEXT-20251116T222102Z-1-001/TEXT/001/HOUSE_OVERSIGHT_022806.txt,c0007_r0002,text,email_generic,65,36,1.0
65575128024a82caa50ceb04,65575128024a82caa50ceb04342ef33f3a5d2ad633ef70f8579e974a72432b6b,TEXT-20251116T222102Z-1-001/TEXT/001/HOUSE_OVERSIGHT_022945.txt,c0007_r0002,text,email_generic,77,36,1.0
60aa76da4e98af0686b0a0b2,60aa76da4e98af0686b0a0b2a9ec8591d9764059394726ead7d5355817a1b506,TEXT-20251116T222102Z-1-001/TEXT/002/HOUSE_OVERSIGHT_032311.txt,c0003_r0000,text,email_generic,40,37,1.0
63832e70a763d0a03034d191,63832e70a763d0a03034d191cdeba2de48e746fd9a2b5a521b7eb22d30031a50,TEXT-20251116T222102Z-1-001/TEXT/001/HOUSE_OVERSIGHT_030350.txt,c0003_r0004,text,email_generic,94,37,1.0
db77e60137601c8e2e04ba68,db77e60137601c8e2e04ba686b064ed6bee3f6134162713e76abc73a2ead6066,TEXT-20251116T222102Z-1-001/TEXT/002/HOUSE_OVERSIGHT_033453.txt,c0003_r0005,text,email_generic,69,37,1.0
765b2010a75084d9ed0e7beb,765b2010a75084d9ed0e7beb26cb3e6fd5b2f11dbfb29dd0b0610cb3e34ff20e,TEXT-20251116T222102Z-1-001/TEXT/002/HOUSE_OVERSIGHT_032312.txt,c0004_r0000,text,email_generic,91,37,1.0
aa4f6e195c7325e86d4c4b8f,aa4f6e195c7325e86d4c4b8f623f7779cdc20ace335042502a48b2cedbb22a3d,TEXT-20251116T222102Z-1-001/TEXT/002/HOUSE_OVERSIGHT_033410.txt,c0004_r0000,text,email_generic,67,37,1.0
c77b2f69e1c2ed2a50fc931f,c77b2f69e1c2ed2a50fc931fd3ff907f9819b361ad2fbdcb9410498895f97b67,TEXT-20251116T222102Z-1-001/TEXT/002/HOUSE_OVERSIGHT_032252.txt,c0004_r0000,text,email_generic,42,37,1.0
fb5fbbbaa47a249d36fe16e7,fb5fbbbaa47a249d36fe16e71a4c0ef645154e69809b04c5bb57dd639c0730f9,TEXT-20251116T222102Z-1-001/TEXT/002/HOUSE_OVERSIGHT_032802.txt,c0004_r0000,text,email_generic,31,37,1.0
bc187f8ef8bd9be107a03e50,bc187f8ef8bd9be107a03e50bf85c70309defb49d6a41aa2dc5da49235001987,TEXT-20251116T222102Z-1-001/TEXT/001/HOUSE_OVERSIGHT_030095.txt,c0004_r0001,text,email_generic,113,37,1.0
08ff15e9139ff319a600e333,08ff15e9139ff319a600e333e5234d12a39c7d1dbb502aee0065aff4a8ea0f18,TEXT-20251116T222102Z-1-001/TEXT/001/HOUSE_OVERSIGHT_022260.txt,c0004_r0003,text,email_generic,46,37,1.0
162d3cdf8acc25ad492420ee,162d3cdf8acc25ad492420ee3151b8220382aaca7e99e82f8cdff1610d2bfa23,TEXT-20251116T222102Z-1-001/TEXT/001/HOUSE_OVERSIGHT_022272.txt,c0004_r0003,text,email_generic,71,37,1.0
67a145edfbae5d61d3b393d6,67a145edfbae5d61d3b393d677ca29f63474c6958e4f58a954f061a64dba8f5a,TEXT-20251116T222102Z-1-001/TEXT/001/HOUSE_OVERSIGHT_022346.txt,c0004_r0003,text,email_generic,59,37,1.0
ba95080d2e39b4e82d0ca331,ba95080d2e39b4e82d0ca331a9d324f069aba08b902bba1cc6cfd4ecea6d68e6,TEXT-20251116T222102Z-1-001/TEXT/001/HOUSE_OVERSIGHT_022262.txt,c0004_r0003,text,email_generic,59,37,1.0
37a3b23be3f2fee69ffa4ede,37a3b23be3f2fee69ffa4ede391f4bb18b5f9f1376498d7b39240ff8f5bd9d2d,TEXT-20251116T222102Z-1-001/TEXT/002/HOUSE_OVERSIGHT_031779.txt,c0004_r0004,text,email_generic,66,37,1.0
6820e9c955d18171a4706ae9,6820e9c955d18171a4706ae93c4031a92201eb10600efdd7cbab3f6b5b7769ac,TEXT-20251116T222102Z-1-001/TEXT/001/HOUSE_OVERSIGHT_026938.txt,c0004_r0004,text,email_generic,97,37,1.0
b558ff19e65ce8368a5885d4,b558ff19e65ce8368a5885d4b8082dc737e5b5e5ee442f32094b6db8fbd247bd,TEXT-20251116T222102Z-1-001/TEXT/001/HOUSE_OVERSIGHT_018703.txt,c0004_r0004,text,generic,131,37,1.0
7a11601ca4c6f9baa6a8e859,7a11601ca4c6f9baa6a8e85977ec99b8e053922dd3b40e222e2169e88384d0b2,TEXT-20251116T222102Z-1-001/TEXT/001/HOUSE_OVERSIGHT_030096.txt,c0002_r0000,text,email_generic,47,38,1.0
1d64b0e6eadc91383415f4bb,1d64b0e6eadc91383415f4bb715e70f28e3714dea562edc98ddf646c801ff430,TEXT-20251116T222102Z-1-001/TEXT/002/HOUSE_OVERSIGHT_033200.txt,c0003_r0000,text,email_generic,36,38,1.0
6d6051924972b232d0ab97a4,6d6051924972b232d0ab97a4b360892dd996c804b4aabf40b717e7cca6c51ff7,TEXT-20251116T222102Z-1-001/TEXT/001/HOUSE_OVERSIGHT_014516.txt,c0003_r0000,text,email_generic,41,38,1.0
329a4e0a9869ab50d632dec8,329a4e0a9869ab50d632dec87f70b3b214d7f6cea1f3008ac53d4468e253569b,TEXT-20251116T222102Z-1-001/TEXT/001/HOUSE_OVERSIGHT_031639.txt,c0004_r0000,text,email_generic,122,38,1.0
be473c5768f456d75f7eec58,be473c5768f456d75f7eec5876bf95e0660b91d1ce58283227fb787180debb24,TEXT-20251116T222102Z-1-001/TEXT/001/HOUSE_OVERSIGHT_026074.txt,c0004_r0000,text,email_generic,113,38,1.0
35d8094d33e9a0e86f595260,35d8094d33e9a0e86f595260d3d1eb01a7753c8c46f3484373b4f48eb11accb8,TEXT-20251116T222102Z-1-001/TEXT/001/HOUSE_OVERSIGHT_030617.txt,c0004_r0001,text,email_generic,106,38,1.0
c6764a2a101fd885270f5194,c6764a2a101fd885270f519477b933a4f7378c161f07caa826695e3f68e55838,TEXT-20251116T222102Z-1-001/TEXT/001/HOUSE_OVERSIGHT_030574.txt,c0004_r0001,text,email_generic,106,38,1.0
1be4fb1a6fa04c93adae871b,1be4fb1a6fa04c93adae871b4a468aafaa4590b6e333587a4d3e2262517e6970,TEXT-20251116T222102Z-1-001/TEXT/001/HOUSE_OVERSIGHT_029433.txt,c0004_r0002,text,email_generic,35,38,1.0
5b85ff7f6d0ec8ee69afd87d,5b85ff7f6d0ec8ee69afd87d9bc4bc3e4246186aff09cd1248179a3f11a70136,TEXT-20251116T222102Z-1-001/TEXT/001/HOUSE_OVERSIGHT_026829.txt,c0004_r0003,text,email_generic,37,38,1.0
63cfded62c5e4d6cf2382d36,63cfded62c5e4d6cf2382d3692945d9f6e25a8a61a4bbd4bd0fca057f1d2d290,TEXT-20251116T222102Z-1-001/TEXT/001/HOUSE_OVERSIGHT_031089.txt,c0004_r0003,text,email_generic,112,38,1.0
907cc901b80792f9acaba8e7,907cc901b80792f9acaba8e7253b1f5804f6e51fed788d6bda92915e085da8d6,TEXT-20251116T222102Z-1-001/TEXT/001/HOUSE_OVERSIGHT_026778.txt,c0004_r0003,text,email_generic,72,38,1.0
b847f25e511839953a5607a0,b847f25e511839953a5607a081444d2cafbe6cace6250d11781c6a5036799992,TEXT-20251116T222102Z-1-001/TEXT/001/HOUSE_OVERSIGHT_026543.txt,c0004_r0003,text,generic,111,38,1.0
d21fffca01876d4ec284215a,d21fffca01876d4ec284215a0a59e23d6b25ea30e85e6fe28680c8bcb75bf066,TEXT-20251116T222102Z-1-001/TEXT/001/HOUSE_OVERSIGHT_030384.txt,c0004_r0003,text,email_generic,75,38,1.0
da52e16ff418662bef20e92e,da52e16ff418662bef20e92e3035469618fd8fa53df703697feaf579d9f13ce3,TEXT-20251116T222102Z-1-001/TEXT/001/HOUSE_OVERSIGHT_018084.txt,c0004_r0003,text,email_generic,111,38,1.0
e0dbda332d77d40a6fd6adc2,e0dbda332d77d40a6fd6adc2b0123aa5753f3bd18d9db6e27a6c3825402bc585,TEXT-20251116T222102Z-1-001/TEXT/001/HOUSE_OVERSIGHT_014518.txt,c0004_r0003,text,generic,132,38,1.0
d524efa24617d70d5368ab51,d524efa24617d70d5368ab51a75d53fc93d1345150f182c5b6b652d5ef955743,TEXT-20251116T222102Z-1-001/TEXT/002/HOUSE_OVERSIGHT_033487.txt,c0003_r0002,text,email_generic,72,39,1.0
f2be739c2777a3e1beb71293,f2be739c2777a3e1beb712939023fe8c9f7b12a3bfbd9cc7b9b3b65a1953ae35,TEXT-20251116T222102Z-1-001/TEXT/001/HOUSE_OVERSIGHT_030873.txt,c0003_r0002,text,email_generic,55,39,1.0
18570c07e0f990a48c7329af,18570c07e0f990a48c7329af8763e82afd5b934640a0d90ee2fe09fe198aa2d3,TEXT-20251116T222102Z-1-001/TEXT/001/HOUSE_OVERSIGHT_031120.txt,c0003_r0006,text,email_generic,100,39,1.0
99f50c17ba8e94c1dedbf7d6,99f50c17ba8e94c1dedbf7d6aa5ba5ac0fca2f17f49c39faf84c9158874d55bc,TEXT-20251116T222102Z-1-001/TEXT/001/HOUSE_OVERSIGHT_026998.txt,c0003_r0006,text,email_generic,47,39,1.0
d9d830a1174e203c6e32cee5,d9d830a1174e203c6e32cee5fc73cee749e212384f1c8877835e0b39c94b4376,TEXT-20251116T222102Z-1-001/TEXT/001/HOUSE_OVERSIGHT_029968.txt,c0003_r0006,text,email_generic,105,39,1.0
7a424982f62af93e370ae3ff,7a424982f62af93e370ae3ff7adda1dab7ef82ae036a5b5fcb6608ef53073047,TEXT-20251116T222102Z-1-001/TEXT/001/HOUSE_OVERSIGHT_027056.txt,c0004_r0000,text,email_generic,97,39,1.0
b9b0f19598977812933ad213,b9b0f19598977812933ad213264c51028c23143b478bc2b6d82e7a3234b4a372,TEXT-20251116T222102Z-1-001/TEXT/001/HOUSE_OVERSIGHT_028762.txt,c0004_r0000,text,email_generic,86,39,1.0
5587a3d806b4646dfc87a520,5587a3d806b4646dfc87a520c0268a89f5a7e76c905d84bd9399ca7b7da38057,TEXT-20251116T222102Z-1-001/TEXT/001/HOUSE_OVERSIGHT_026128.txt,c0004_r0002,text,email_generic,76,39,1.0
4964e4c8369e0a14eb50d11d,4964e4c8369e0a14eb50d11d4e96c006999d93d193edd5f8a949d4cafe186c8a,TEXT-20251116T222102Z-1-001/TEXT/001/HOUSE_OVERSIGHT_026943.txt,c0004_r0004,text,generic,31,39,1.0
4addb18d2de5f5c60e0e5e90,4addb18d2de5f5c60e0e5e90a763ea4469352b0c059646273d28483f105f7853,TEXT-20251116T222102Z-1-001/TEXT/001/HOUSE_OVERSIGHT_025820.txt,c0006_r0001,text,email_generic,73,39,1.0
5b6c05df8c1c0d6f9cf77bef,5b6c05df8c1c0d6f9cf77bef1d7bf32ec71951bc6b6bd3dba12591c303b728cf,TEXT-20251116T222102Z-1-001/TEXT/001/HOUSE_OVERSIGHT_025834.txt,c0006_r0001,text,email_generic,59,39,1.0
923f95f43353c756e720b5bc,923f95f43353c756e720b5bc5a2f9bfb3f57fdc42230bbd6158b004cbc30dae1,TEXT-20251116T222102Z-1-001/TEXT/001/HOUSE_OVERSIGHT_025827.txt,c0006_r0001,text,email_generic,74,39,1.0
f72fe56137d92cd7f94335aa,f72fe56137d92cd7f94335aaf678b02e1f79eb6638ca589505185e5d78678947,TEXT-20251116T222102Z-1-001/TEXT/001/HOUSE_OVERSIGHT_030970.txt,c0006_r0001,text,email_generic,91,39,1.0
40ecb86d30384916bf56c74c,40ecb86d30384916bf56c74c25c2f323fdf20bdc1add126f6649d1e7668b73ca,TEXT-20251116T222102Z-1-001/TEXT/002/HOUSE_OVERSIGHT_032556.txt,c0007_r0002,text,email_generic,40,39,1.0
860133d822ffa8d839632dc9,860133d822ffa8d839632dc9b7959b6af88f3a62a229e704c043f22bcadf26ae,TEXT-20251116T222102Z-1-001/TEXT/001/HOUSE_OVERSIGHT_026131.txt,noise,text,email_generic,44,39,1.0
1e0a5f993bdf59718abd1139,1e0a5f993bdf59718abd1139e59094d37e44add2d64a584b223c9cdf08aab247,TEXT-20251116T222102Z-1-001/TEXT/002/HOUSE_OVERSIGHT_033384.txt,c0002_r0000,text,email_generic,59,40,1.0
1032cd4667d0ded1dc34105b,1032cd4667d0ded1dc34105b8b2382cc4059244a72d2c8c643e30daf0e96d479,TEXT-20251116T222102Z-1-001/TEXT/002/HOUSE_OVERSIGHT_032550.txt,c0004_r0000,text,email_generic,113,40,1.0
1e4c53189f41a988eaa14f23,1e4c53189f41a988eaa14f23467aa02d2a69201c5d4342ebf16c7ef7c6ac01d5,TEXT-20251116T222102Z-1-001/TEXT/002/HOUSE_OVERSIGHT_032390.txt,c0004_r0000,text,email_generic,37,40,1.0
0ea823ed9dd9bdddcc48171b,0ea823ed9dd9bdddcc48171bb21522a8469f9c49ab83d51c9949f20b127e3351,TEXT-20251116T222102Z-1-001/TEXT/001/HOUSE_OVERSIGHT_030868.txt,c0004_r0002,text,email_generic,98,40,1.0
aadd4cf516736eee01c930ae,aadd4cf516736eee01c930aedc1903033d47a529662166b7636f1e1c47542248,TEXT-20251116T222102Z-1-001/TEXT/001/HOUSE_OVERSIGHT_026431.txt,c0004_r0002,text,email_generic,92,40,1.0
1b3a81e855d3fb332978cb08,1b3a81e855d3fb332978cb083706cba26762064a798a3732ce829826cfd042ee,TEXT-20251116T222102Z-1-001/TEXT/001/HOUSE_OVERSIGHT_030974.txt,c0004_r0003,text,email_generic,82,40,1.0
1eb6bd6649c0d3b3df2bc441,1eb6bd6649c0d3b3df2bc441e953e837cedfcf92fa2595be42c610452dbc7040,TEXT-20251116T222102Z-1-001/TEXT/001/HOUSE_OVERSIGHT_026612.txt,c0004_r0003,text,email_generic,39,40,1.0
243b513a881476e5cb3630c8,243b513a881476e5cb3630c8a283948d1ccf2a216a0cbc3ce50c71447b14ace3,TEXT-20251116T222102Z-1-001/TEXT/001/HOUSE_OVERSIGHT_012684.txt,c0004_r0003,text,email_generic,98,40,1.0
3ce4d89de1baa526fbf1e3a4,3ce4d89de1baa526fbf1e3a4c19c71d2bec47c0ff6ba63bc7f91cfc2f377b6a1,TEXT-20251116T222102Z-1-001/TEXT/001/HOUSE_OVERSIGHT_020437.txt,c0004_r0003,text,email_generic,93,40,1.0
5e5a6e4152f42885f0100245,5e5a6e4152f42885f0100245853ecd04a2e960ef59c010bd751df1afce9e7354,TEXT-20251116T222102Z-1-001/TEXT/001/HOUSE_OVERSIGHT_030987.txt,c0004_r0003,text,email_generic,99,40,1.0
bf47c3a6128c34e99c172933,bf47c3a6128c34e99c1729332ef56b21a20af4cc5b855f8753a842c6a05732fb,TEXT-20251116T222102Z-1-001/TEXT/001/HOUSE_OVERSIGHT_028487.txt,c0004_r0003,text,email_generic,38,40,1.0
c7332c7092442fd73fc44a65,c7332c7092442fd73fc44a65f7d03f1e20169908c057357f19d1f88db76ad531,TEXT-20251116T222102Z-1-001/TEXT/001/HOUSE_OVERSIGHT_030972.txt,c0004_r0003,text,email_generic,99,40,1.0
5f9ed7910f08dba1931c4a66,5f9ed7910f08dba1931c4a6679095ef6affda805c358edf6a9fd3b71dee61057,TEXT-20251116T222102Z-1-001/TEXT/002/HOUSE_OVERSIGHT_032391.txt,c0006_r0001,text,email_generic,79,40,1.0
b2014ba52755c394c062e656,b2014ba52755c394c062e6564e547068f2b8f9bd26b03798b299c3af62d361e5,TEXT-20251116T222102Z-1-001/TEXT/001/HOUSE_OVERSIGHT_030802.txt,c0006_r0001,text,email_generic,79,40,1.0
6defc6e0a7db0a0a87b3ec20,6defc6e0a7db0a0a87b3ec20b3abe9b3c9201e005406a52b7cf2940fe50aa190,TEXT-20251116T222102Z-1-001/TEXT/002/HOUSE_OVERSIGHT_032944.txt,c0007_r0001,text,email_generic,52,40,1.0
68328dffff0f9f118e8f9026,68328dffff0f9f118e8f902663035710d40b619ef8f0f7e871df569e7f85939e,TEXT-20251116T222102Z-1-001/TEXT/001/HOUSE_OVERSIGHT_027445.txt,c0000_r0000,text,chat_ichat,37,41,1.0
200a39a90da96276463b1e9b,200a39a90da96276463b1e9b785b8e19c2410651b9e00a73c9a615966098641f,TEXT-20251116T222102Z-1-001/TEXT/001/HOUSE_OVERSIGHT_030484.txt,c0002_r0000,text,email_generic,106,41,1.0
8ba623d2ba958f8df43de27d,8ba623d2ba958f8df43de27dfbd12aeb2c99c02803ff98c2293fb8220e1ccefc,TEXT-20251116T222102Z-1-001/TEXT/002/HOUSE_OVERSIGHT_033226.txt,c0003_r0006,text,email_generic,113,41,1.0
9d27019eddefdaee1669712e,9d27019eddefdaee1669712eea604a3c2b6017b3b1bbca24c2113cfd721c808b,TEXT-20251116T222102Z-1-001/TEXT/001/HOUSE_OVERSIGHT_030636.txt,c0004_r0000,text,email_generic,84,41,1.0
c1a104f20c8769cca23c6ac8,c1a104f20c8769cca23c6ac88655aab4b1437a36bcddb1143616a9f068001062,TEXT-20251116T222102Z-1-001/TEXT/002/HOUSE_OVERSIGHT_032221.txt,c0004_r0000,text,email_generic,36,41,1.0
fe1b80d94e9f24059291ac58,fe1b80d94e9f24059291ac587baa5620d0730ba997e91ef4caf516b5e43c2eb7,TEXT-20251116T222102Z-1-001/TEXT/002/HOUSE_OVERSIGHT_032285.txt,c0004_r0000,text,email_generic,33,41,1.0
03b34133b276b6c7a5b48637,03b34133b276b6c7a5b4863769b4eb32f702c5c74807165192ac0c7323b26c41,TEXT-20251116T222102Z-1-001/TEXT/002/HOUSE_OVERSIGHT_032888.txt,c0006_r0001,text,email_generic,67,41,1.0
08622aeeed2dfcddc86a6955,08622aeeed2dfcddc86a6955b6bf59f2fad9915f4f0052043b2dd20064672895,TEXT-20251116T222102Z-1-001/TEXT/002/HOUSE_OVERSIGHT_032885.txt,c0006_r0001,text,email_generic,63,41,1.0
4428724d09aadf1eac6576a5,4428724d09aadf1eac6576a5cc490f9e3a2eab0e1ddf7ce991abbabcabe2cea1,TEXT-20251116T222102Z-1-001/TEXT/002/HOUSE_OVERSIGHT_032289.txt,c0006_r0001,text,email_generic,81,41,1.0
4964dc7300da3f340147edcb,4964dc7300da3f340147edcb355d3e33b07320a2e925d365fa91f8aa6ab6b8c0,TEXT-20251116T222102Z-1-001/TEXT/002/HOUSE_OVERSIGHT_032292.txt,c0006_r0001,text,email_generic,77,41,1.0
6d909075545ebd7c6c5bb2cb,6d909075545ebd7c6c5bb2cb70e7637c0820c1b7e690ed53cbb9bf0b5ffe1434,TEXT-20251116T222102Z-1-001/TEXT/001/HOUSE_OVERSIGHT_030757.txt,c0006_r0001,text,email_generic,76,41,1.0
717ea5b7d58d57f7b1b1da53,717ea5b7d58d57f7b1b1da532638ef2a4d96a0c7aff428ccd5281aec3d9ad6f2,TEXT-20251116T222102Z-1-001/TEXT/002/HOUSE_OVERSIGHT_032873.txt,c0007_r0002,text,email_generic,44,41,1.0
9e4004bbfb412a0bef613703,9e4004bbfb412a0bef613703885117592f26fd1eec97a4f08a4c7bbe7b8c2f2f,TEXT-20251116T222102Z-1-001/TEXT/002/HOUSE_OVERSIGHT_032287.txt,c0007_r0002,text,email_generic,64,41,1.0
b84e815a5fbec37820619ae4,b84e815a5fbec37820619ae4a7c432cf9655e40a9fe6ef0b6f76acbe1bc4f2a1,TEXT-20251116T222102Z-1-001/TEXT/001/HOUSE_OVERSIGHT_030639.txt,c0007_r0002,text,email_generic,84,41,1.0
e1192e6b5bce3108943b5eeb,e1192e6b5bce3108943b5eeba0929c8f72a0d2202c00ddacfa8329b7c81d4770,TEXT-20251116T222102Z-1-001/TEXT/001/HOUSE_OVERSIGHT_030637.txt,c0007_r0002,text,email_generic,92,41,1.0
b25b48e0b7c425c305c92e89,b25b48e0b7c425c305c92e89e0cde635953b7efb3cbef221353cce2e444751fa,TEXT-20251116T222102Z-1-001/TEXT/001/HOUSE_OVERSIGHT_030429.txt,c0003_r0004,text,email_generic,61,42,1.0
a51754dbf041c5925cdd231e,a51754dbf041c5925cdd231ec019fe959d31bdcc76efe3f192fd2f32be93a53f,TEXT-20251116T222102Z-1-001/TEXT/002/HOUSE_OVERSIGHT_032485.txt,c0003_r0005,text,email_generic,41,42,1.0
650e72b68cff6b592d0230df,650e72b68cff6b592d0230df128b504ac8dfd68a1e76de2275b08ed475da17f5,TEXT-20251116T222102Z-1-001/TEXT/002/HOUSE_OVERSIGHT_032974.txt,c0004_r0000,text,email_generic,49,42,1.0
dd52dfd7c241b2553027132c,dd52dfd7c241b2553027132ca398d44077f77927ceafc8f3e5ac0032f9f2d592,TEXT-20251116T222102Z-1-001/TEXT/001/HOUSE_OVERSIGHT_029088.txt,c0004_r0000,text,email_generic,68,42,1.0
0ca73929b1a1585de7a58aaf,0ca73929b1a1585de7a58aaf19060bc4e2934f5bd073d0b4f52b523a8e4bfeea,TEXT-20251116T222102Z-1-001/TEXT/001/HOUSE_OVERSIGHT_029340.txt,c0004_r0003,text,generic,125,42,1.0
11ded4c33c991e51f2c6e06b,11ded4c33c991e51f2c6e06baedd9631f1e45658d0f261b462e4694788a90547,TEXT-20251116T222102Z-1-001/TEXT/001/HOUSE_OVERSIGHT_031136.txt,c0004_r0003,text,email_generic,102,42,1.0
14eca06b9255344a66adb31d,14eca06b9255344a66adb31db87dfdb0d7af002a463e400adada83ab3598cb61,TEXT-20251116T222102Z-1-001/TEXT/001/HOUSE_OVERSIGHT_031496.txt,c0004_r0003,text,email_generic,100,42,1.0
08f3035bd2494d8530094be8,08f3035bd2494d8530094be8b5fba8200bed7ee2865ce0aa2f37f8278965e176,TEXT-20251116T222102Z-1-001/TEXT/001/HOUSE_OVERSIGHT_031504.txt,c0006_r0001,text,email_generic,81,42,1.0
15b6a9b5d20a4e5ec4c8ff52,15b6a9b5d20a4e5ec4c8ff524e5779856650a5c1b8e4a212ac9b1980334cb521,TEXT-20251116T222102Z-1-001/TEXT/001/HOUSE_OVERSIGHT_031498.txt,c0006_r0001,text,email_generic,80,42,1.0
31b84678c6a3f2c82b4684bf,31b84678c6a3f2c82b4684bf4db322e2f9f9fef290eb8eabe8736600edeb6036,TEXT-20251116T222102Z-1-001/TEXT/001/HOUSE_OVERSIGHT_031507.txt,c0006_r0001,text,email_generic,68,42,1.0
33ac30d17f7e1b548c9acd7b,33ac30d17f7e1b548c9acd7b1db5bb2a9a48bf362fe80fb14b96f83ba878ac99,TEXT-20251116T222102Z-1-001/TEXT/001/HOUSE_OVERSIGHT_031501.txt,c0006_r0001,text,email_generic,89,42,1.0
3c314a3d1cee488a753286b2,3c314a3d1cee488a753286b28357fb1e2fe3695c10650eae55ecce04e3bcfb00,TEXT-20251116T222102Z-1-001/TEXT/001/HOUSE_OVERSIGHT_031627.txt,c0006_r0001,text,email_generic,76,42,1.0
52ac6fa0a6747975f14f468c,52ac6fa0a6747975f14f468c623c992cbb7ddbb438aa5e0022a0b9ba02b76dba,TEXT-20251116T222102Z-1-001/TEXT/001/HOUSE_OVERSIGHT_031631.txt,c0006_r0001,text,email_generic,60,42,1.0
afde8b4b3bb3b7204b25c675,afde8b4b3bb3b7204b25c675858dcba85fe3d10163583615d7e9e2e3eb48bbda,TEXT-20251116T222102Z-1-001/TEXT/001/HOUSE_OVERSIGHT_031624.txt,c0006_r0001,text,email_generic,79,42,1.0
e6a65e1f103253c2c7f211c0,e6a65e1f103253c2c7f211c07f11d71b996dbb5fd35060ba238b6fc2e299e433,TEXT-20251116T222102Z-1-001/TEXT/001/HOUSE_OVERSIGHT_031622.txt,c0006_r0001,text,email_generic,93,42,1.0
8f0ee40eeffbf99aa6e34a6b,8f0ee40eeffbf99aa6e34a6b6683531934893f549411848e93a206254d7396e3,TEXT-20251116T222102Z-1-001/TEXT/001/HOUSE_OVERSIGHT_031489.txt,c0003_r0000,text,email_generic,70,43,1.0
d1ac24cdd0c2f66d723f42e7,d1ac24cdd0c2f66d723f42e7e02df9fabc9b7a2afbd6379e77b3dbfc8dceb4b9,TEXT-20251116T222102Z-1-001/TEXT/002/HOUSE_OVERSIGHT_033247.txt,c0003_r0000,text,email_generic,69,43,1.0
dfe787b79c370acae95e227e,dfe787b79c370acae95e227edd38627206b6f4c17641cceac3603ff2bc7c7c00,TEXT-20251116T222102Z-1-001/TEXT/001/HOUSE_OVERSIGHT_028531.txt,c0003_r0000,text,email_generic,72,43,1.0
e49fc50605bffb43ef9ec0ad,e49fc50605bffb43ef9ec0ad16ce0dbb9c3ef6976d9f1da0eee8100d2683333c,TEXT-20251116T222102Z-1-001/TEXT/001/HOUSE_OVERSIGHT_027032.txt,c0003_r0000,text,email_generic,67,43,1.0
3f7a5606ff0e9f41d7ad7dfe,3f7a5606ff0e9f41d7ad7dfe76409c5b256f168c3f770446eaca25ba5e24f81b,TEXT-20251116T222102Z-1-001/TEXT/001/HOUSE_OVERSIGHT_031709.txt,c0003_r0006,text,email_generic,87,43,1.0
668b1f6bbc7134d0c55e4e95,668b1f6bbc7134d0c55e4e957ed89ddc8721a0af06af8871f8f7d8a23ea4bd23,TEXT-20251116T222102Z-1-001/TEXT/001/HOUSE_OVERSIGHT_031619.txt,c0004_r0000,text,email_generic,67,43,1.0
2b990f6e57b28e1459d7add6,2b990f6e57b28e1459d7add6895370bbbc21731d7a5785fa6adb09d3121e01da,TEXT-20251116T222102Z-1-001/TEXT/001/HOUSE_OVERSIGHT_026451.txt,c0004_r0001,text,email_generic,37,43,1.0
701ae0ac78f47b467ba79fe5,701ae0ac78f47b467ba79fe55ea081fe55dd8d56b9c31cf1981a271053ed540c,TEXT-20251116T222102Z-1-001/TEXT/001/HOUSE_OVERSIGHT_027126.txt,c0004_r0001,text,email_generic,81,43,1.0
14a4c614197d32ecf627abbc,14a4c614197d32ecf627abbca839c77de68ef564d2f663832daf804e28a95dd1,TEXT-20251116T222102Z-1-001/TEXT/001/HOUSE_OVERSIGHT_030242.txt,c0004_r0002,text,email_generic,107,43,1.0
b90541921f91e19c1e92dae4,b90541921f91e19c1e92dae40ca68182a18ab1e8101e3728a4781c240469c40a,TEXT-20251116T222102Z-1-001/TEXT/002/HOUSE_OVERSIGHT_032048.txt,c0004_r0002,text,email_generic,110,43,1.0
944dc96753d3819eefd1ec92,944dc96753d3819eefd1ec923bfcf564ae73f934bce5009cc647b50b55946e10,TEXT-20251116T222102Z-1-001/TEXT/001/HOUSE_OVERSIGHT_022986.txt,c0004_r0004,text,generic,116,43,1.0
8618213119fed0c02bc31ca5,8618213119fed0c02bc31ca54163379a729628179d8c92f3dc8b3ffb69cbc7f0,TEXT-20251116T222102Z-1-001/TEXT/001/HOUSE_OVERSIGHT_030321.txt,c0005_r0000,text,email_generic,44,43,1.0
6d810a35853d8e54b09e67c2,6d810a35853d8e54b09e67c215d9d046d3212c4821b49388a92b97d3cbb11dc8,TEXT-20251116T222102Z-1-001/TEXT/001/HOUSE_OVERSIGHT_021759.txt,c0006_r0001,text,email_generic,56,43,1.0
ed2a2e013864579db3e18e68,ed2a2e013864579db3e18e6810f1a2e89953a68c83b047d6d23e9914bd189118,TEXT-20251116T222102Z-1-001/TEXT/002/HOUSE_OVERSIGHT_032486.txt,c0006_r0001,text,email_generic,62,43,1.0
a86ad53fe3c2078d4b305230,a86ad53fe3c2078d4b3052300f0d83790dc92a2c4d6b43156e17d361fd03cadd,TEXT-20251116T222102Z-1-001/TEXT/002/HOUSE_OVERSIGHT_032825.txt,c0007_r0002,text,email_generic,64,43,1.0
1f996bef6081227640b05b32,1f996bef6081227640b05b328cf901ac219a4575e720dabf8c6b99099d37b0b1,TEXT-20251116T222102Z-1-001/TEXT/001/HOUSE_OVERSIGHT_019300.txt,c0001_r0000,text,generic,119,44,1.0
4975e5b8d530a21c9821c653,4975e5b8d530a21c9821c65378913ea2f4e3ecaf21ac236c0c17653be6085c05,TEXT-20251116T222102Z-1-001/TEXT/001/HOUSE_OVERSIGHT_022407.txt,c0001_r0000,text,generic,82,44,1.0
fc5447871be0319b1ae6bf2e,fc5447871be0319b1ae6bf2e8b115fa5522d0a9ff52d8727458830aa22044978,TEXT-20251116T222102Z-1-001/TEXT/002/HOUSE_OVERSIGHT_031964.txt,c0002_r0000,text,email_generic,91,44,1.0
a113405695f61ca400be6f6a,a113405695f61ca400be6f6ab9a6782be380bf605220ac5b6643a460404b5fa0,TEXT-20251116T222102Z-1-001/TEXT/001/HOUSE_OVERSIGHT_031450.txt,c0003_r0006,text,email_generic,81,44,1.0
d8f4cf3ee54b541f33d3d9be,d8f4cf3ee54b541f33d3d9be50cdca3487d1ab8c4782cf7e3eaf6376c04ce4c2,TEXT-20251116T222102Z-1-001/TEXT/001/HOUSE_OVERSIGHT_031466.txt,c0003_r0006,text,email_generic,33,44,1.0
115d0184fd63f8afef57aaac,115d0184fd63f8afef57aaaca9c5ff4cce9fbea8c436a169ff8c28211200843d,TEXT-20251116T222102Z-1-001/TEXT/001/HOUSE_OVERSIGHT_031215.txt,c0004_r0000,text,email_generic,91,44,1.0
2108c6657da165228d749c75,2108c6657da165228d749c75a04a79038877b9b3f18d377d3808a55736f2f40b,TEXT-20251116T222102Z-1-001/TEXT/001/HOUSE_OVERSIGHT_031596.txt,c0004_r0000,text,email_generic,122,44,1.0
3fccec2df6803c486b4b29e6,3fccec2df6803c486b4b29e6f42eba1aa5d79e2185ff03c58fe7c401d5c0a6c0,TEXT-20251116T222102Z-1-001/TEXT/001/HOUSE_OVERSIGHT_031467.txt,c0004_r0000,text,email_generic,51,44,1.0
7d96331fb181a2d1b888875d,7d96331fb181a2d1b888875db6f67634fe5a8adea23b523039e7370607c90305,TEXT-20251116T222102Z-1-001/TEXT/001/HOUSE_OVERSIGHT_031451.txt,c0004_r0000,text,email_generic,92,44,1.0
bb6044887738cdc714a3d591,bb6044887738cdc714a3d5918ad8996809480332d0aeee4a3b049a8ab12fcf4a,TEXT-20251116T222102Z-1-001/TEXT/001/HOUSE_OVERSIGHT_031618.txt,c0004_r0000,text,email_generic,37,44,1.0
fbbd18bb8ddc3c357de5db0a,fbbd18bb8ddc3c357de5db0a63807022da441a229fed80ef52890988c475c80c,TEXT-20251116T222102Z-1-001/TEXT/001/HOUSE_OVERSIGHT_031595.txt,c0004_r0000,text,email_generic,106,44,1.0
8754dddf3898a201f50cfa32,8754dddf3898a201f50cfa32296af52693ad2ef6b29387f8fc7aa81d1ea8eaf2,TEXT-20251116T222102Z-1-001/TEXT/001/HOUSE_OVERSIGHT_031676.txt,c0006_r0000,text,email_generic,103,44,1.0
624053ca9826de81a361026b,624053ca9826de81a361026b0243e71cbc735b17614223a7ef33715e67e8a6c9,TEXT-20251116T222102Z-1-001/TEXT/001/HOUSE_OVERSIGHT_029566.txt,c0006_r0001,text,email_generic,105,44,1.0
20513f5c69fa524af5eac092,20513f5c69fa524af5eac092cf1c9bf81a859a976260725d531701f8ddfcd2c0,TEXT-20251116T222102Z-1-001/TEXT/001/HOUSE_OVERSIGHT_031599.txt,c0007_r0002,text,email_generic,80,44,1.0
f2d2ecd88cd87f08d1cf1890,f2d2ecd88cd87f08d1cf18909efa01b171ebe6b3166162b662f1c71d141f09f4,TEXT-20251116T222102Z-1-001/TEXT/001/HOUSE_OVERSIGHT_031597.txt,c0007_r0002,text,email_generic,84,44,1.0
8d61b73abe6345848d145fef,8d61b73abe6345848d145fef437836d4f9a9e7810badc6064d23475e73277442,TEXT-20251116T222102Z-1-001/TEXT/001/HOUSE_OVERSIGHT_027333.txt,c0000_r0000,text,generic,40,45,1.0
1008fa7e4c106ae42e8df4e2,1008fa7e4c106ae42e8df4e2c902fe112b63dbed7340df2a9cbb84040ffcbdf7,TEXT-20251116T222102Z-1-001/TEXT/002/HOUSE_OVERSIGHT_033328.txt,c0003_r0001,text,email_generic,39,45,1.0
d75d677a1668003adcc5027d,d75d677a1668003adcc5027d8a2452f20564571fcf9bba48665a9b725ec85dd1,TEXT-20251116T222102Z-1-001/TEXT/002/HOUSE_OVERSIGHT_032210.txt,c0003_r0001,text,email_generic,62,45,1.0
e1eac3c6f5e113542591bdce,e1eac3c6f5e113542591bdceeee052dd1812c730a3b5e4fccedbc3028e0cece0,TEXT-20251116T222102Z-1-001/TEXT/001/HOUSE_OVERSIGHT_027062.txt,c0004_r0000,text,email_generic,31,45,1.0
14b9eb5937290a265c8e08c8,14b9eb5937290a265c8e08c807d2be1e8ce242ff437f8bd8b4ae02703f8a102d,TEXT-20251116T222102Z-1-001/TEXT/001/HOUSE_OVERSIGHT_022770.txt,c0004_r0004,text,email_generic,134,45,1.0
4c8335fa2a947840e4a10b1c,4c8335fa2a947840e4a10b1ca6ae491baf184ecdd3a76fcfc031cc445ec6aa00,TEXT-20251116T222102Z-1-001/TEXT/002/HOUSE_OVERSIGHT_032652.txt,c0006_r0001,text,email_generic,103,45,1.0
597a8674727ad3304aea342c,597a8674727ad3304aea342cda72e9aa5fe7562594de3fce8de13d0ee62fe651,TEXT-20251116T222102Z-1-001/TEXT/002/HOUSE_OVERSIGHT_032536.txt,c0006_r0001,text,email_generic,49,45,1.0
7331e00afeff0166b0971813,7331e00afeff0166b0971813c50aab2c1957fc0967a236e75c2d801937c70834,TEXT-20251116T222102Z-1-001/TEXT/002/HOUSE_OVERSIGHT_033047.txt,c0006_r0001,text,email_generic,96,45,1.0
bdaf43e9872ebe08004dc6f0,bdaf43e9872ebe08004dc6f093391f34415a6756b78dfe74f7caa7a8fe81ac3c,TEXT-20251116T222102Z-1-001/TEXT/001/HOUSE_OVERSIGHT_022936.txt,c0006_r0001,text,email_generic,101,45,1.0
f3117b78f15e806dc1f484ae,f3117b78f15e806dc1f484ae141af4a5c8b3d1ba8cd704dc3b9cedb5ed3402d7,TEXT-20251116T222102Z-1-001/TEXT/001/HOUSE_OVERSIGHT_022776.txt,c0006_r0001,text,email_generic,115,45,1.0
f3155855d43a8b9645975a26,f3155855d43a8b9645975a26c856356223fcb887309f0ebe23247d2b18050dfa,TEXT-20251116T222102Z-1-001/TEXT/001/HOUSE_OVERSIGHT_022938.txt,c0006_r0001,text,email_generic,118,45,1.0
f6376ff7c1a0c1bcba473a66,f6376ff7c1a0c1bcba473a66cc41170802ce9f785c321656e2484ae9cf118669,TEXT-20251116T222102Z-1-001/TEXT/001/HOUSE_OVERSIGHT_022801.txt,c0006_r0001,text,email_generic,106,45,1.0
f64054d8b56d27b560f3943b,f64054d8b56d27b560f3943be4ba41dd26088c081081166498d984e24e4e30b4,TEXT-20251116T222102Z-1-001/TEXT/001/HOUSE_OVERSIGHT_022773.txt,c0006_r0001,text,email_generic,113,45,1.0
fbebb8e373cf4c48d635b19e,fbebb8e373cf4c48d635b19ebbd81344f26cd2340745ebdf93abc79f3eb7fea2,TEXT-20251116T222102Z-1-001/TEXT/002/HOUSE_OVERSIGHT_032538.txt,c0006_r0001,text,email_generic,55,45,1.0
4fbe004389eeee902d7da197,4fbe004389eeee902d7da197d7c404f20d29e72b16fbbc01b4f45ccb874261d6,TEXT-20251116T222102Z-1-001/TEXT/002/HOUSE_OVERSIGHT_032650.txt,c0007_r0001,text,email_generic,84,45,1.0
78efcfe9aad0e7395c910821,78efcfe9aad0e7395c910821009b74124cc672641ba27f68e548b681a8bad997,TEXT-20251116T222102Z-1-001/TEXT/001/HOUSE_OVERSIGHT_029448.txt,c0001_r0000,text,generic,119,46,1.0
3091a41bacac0560d06a7ca7,3091a41bacac0560d06a7ca774f42df11e296118ccd2259e524265f1b75977c9,TEXT-20251116T222102Z-1-001/TEXT/001/HOUSE_OVERSIGHT_023454.txt,c0004_r0000,text,email_generic,37,46,1.0
4f408986b150d3fc7bda40ac,4f408986b150d3fc7bda40aca4dd3bcd7c0621bbee7204257d5634602107a0c2,TEXT-20251116T222102Z-1-001/TEXT/001/HOUSE_OVERSIGHT_029087.txt,c0004_r0002,text,email_generic,118,46,1.0
4da80f9818c64dc9e9fd2d4f,4da80f9818c64dc9e9fd2d4f4dd2fc91c64069efa183e68ba20cf4dab560a033,TEXT-20251116T222102Z-1-001/TEXT/001/HOUSE_OVERSIGHT_022670.txt,c0004_r0004,text,email_generic,95,46,1.0
5cb3cd658a005be04f4afb7d,5cb3cd658a005be04f4afb7d7ce674942b9a61c380ffc217981105cbed41ddfe,TEXT-20251116T222102Z-1-001/TEXT/002/HOUSE_OVERSIGHT_033129.txt,c0005_r0000,text,email_generic,64,46,1.0
a8dda13c44268bfbb1ea4b92,a8dda13c44268bfbb1ea4b92ad2b50c7c17ee70ae72138640a292a3aa8349106,TEXT-20251116T222102Z-1-001/TEXT/002/HOUSE_OVERSIGHT_033133.txt,c0005_r0000,text,email_generic,55,46,1.0
cd5edc22e8253138ed07b579,cd5edc22e8253138ed07b579a94fa71476900ca731882c272d701fe51dc4027f,TEXT-20251116T222102Z-1-001/TEXT/002/HOUSE_OVERSIGHT_032818.txt,c0005_r0000,text,email_generic,71,46,1.0
ef7e281cd746364f61f2421d,ef7e281cd746364f61f2421dfb230627106d5368b8d8ea142cf03bca7b007366,TEXT-20251116T222102Z-1-001/TEXT/002/HOUSE_OVERSIGHT_032821.txt,c0005_r0000,text,email_generic,61,46,1.0
13a95e9a79db74df3c628250,13a95e9a79db74df3c62825079ac25121779cf3fffefbb8cfabbf11c0a1d8ca8,TEXT-20251116T222102Z-1-001/TEXT/001/HOUSE_OVERSIGHT_028870.txt,c0006_r0001,text,email_generic,36,46,1.0
591c3d09a5eca065b64d335e,591c3d09a5eca065b64d335e24ff59331b319c81f9877416ff7fe43376049983,TEXT-20251116T222102Z-1-001/TEXT/001/HOUSE_OVERSIGHT_028875.txt,c0006_r0001,text,email_generic,44,46,1.0
5ac84db8a3223e8882807d1b,5ac84db8a3223e8882807d1b760bf7b3f127ed757bb428157f5682b14da63eb9,TEXT-20251116T222102Z-1-001/TEXT/002/HOUSE_OVERSIGHT_032829.txt,c0006_r0001,text,email_generic,80,46,1.0
c65bac6548d423e8eb25585c,c65bac6548d423e8eb25585cc2cbc86bf9d46d93543b3232787ab735e74c6bbd,TEXT-20251116T222102Z-1-001/TEXT/001/HOUSE_OVERSIGHT_028862.txt,c0006_r0001,text,email_generic,59,46,1.0
d1f87056fedb887ec0f448d1,d1f87056fedb887ec0f448d17f43a0c1f2558babfdd9116ac42252970ff63714,TEXT-20251116T222102Z-1-001/TEXT/001/HOUSE_OVERSIGHT_029213.txt,c0006_r0001,text,email_generic,49,46,1.0
e0b63274400b1452a9b5f650,e0b63274400b1452a9b5f6504debfb266ea4511a1f688ba909bb16df9192020f,TEXT-20251116T222102Z-1-001/TEXT/001/HOUSE_OVERSIGHT_028866.txt,c0006_r0001,text,email_generic,67,46,1.0
da87977c55afc7a2afdd0523,da87977c55afc7a2afdd052325b25a7daeb04672c289676af2a1082583e7cf3f,TEXT-20251116T222102Z-1-001/TEXT/001/HOUSE_OVERSIGHT_022839.txt,c0007_r0002,text,email_generic,110,46,1.0
5acb3c22da4f68a4230fa91b,5acb3c22da4f68a4230fa91b759f32b596a1880b341784d9035440f0d384c6bc,TEXT-20251116T222102Z-1-001/TEXT/001/HOUSE_OVERSIGHT_022359.txt,c0003_r0000,text,email_generic,60,47,1.0
2e3bc80a8dc57d31207ee182,2e3bc80a8dc57d31207ee182c49949e1a3d507070821768bb5476a8e6fe90f89,TEXT-20251116T222102Z-1-001/TEXT/001/HOUSE_OVERSIGHT_030997.txt,c0004_r0000,text,email_generic,72,47,1.0
52a5f4a3c29842d10699f399,52a5f4a3c29842d10699f399bf42ba5322122a6e4e61fb50ef778f4da54cd9ce,TEXT-20251116T222102Z-1-001/TEXT/001/HOUSE_OVERSIGHT_029302.txt,c0004_r0000,text,generic,109,47,1.0
8629f797093512e1e5d97593,8629f797093512e1e5d975932d40160e4848b4a0bd74203954e0356b9371372c,TEXT-20251116T222102Z-1-001/TEXT/001/HOUSE_OVERSIGHT_030986.txt,c0004_r0000,text,email_generic,69,47,1.0
88534a3bffdabcf98a9a6409,88534a3bffdabcf98a9a6409f6f7d6f972439b79302f05ac3d3c057a8939b1c3,TEXT-20251116T222102Z-1-001/TEXT/001/HOUSE_OVERSIGHT_031529.txt,c0004_r0000,text,email_generic,74,47,1.0
4c828d5d83a7114fda35e457,4c828d5d83a7114fda35e45704ad7476b2cb6a18eb648c8fb7f502bf9bb7edc0,TEXT-20251116T222102Z-1-001/TEXT/001/HOUSE_OVERSIGHT_029299.txt,c0004_r0002,text,email_generic,88,47,1.0
82cbac52773c1c738e6c656a,82cbac52773c1c738e6c656a9a03d3df389e66d3dd7f6c0226227066bea5005e,TEXT-20251116T222102Z-1-001/TEXT/001/HOUSE_OVERSIGHT_026794.txt,c0004_r0003,text,generic,124,47,1.0
d0baedb9a0899bd05a7bd9a4,d0baedb9a0899bd05a7bd9a4d943444f97204f5a0f9a99a08e481d284b7443fb,TEXT-20251116T222102Z-1-001/TEXT/001/HOUSE_OVERSIGHT_014532.txt,c0004_r0003,text,generic,113,47,1.0
d95e8250e8ec6b172fd8485e,d95e8250e8ec6b172fd8485e3cc022501dc9a101fdbeed657ed90060e9ae686e,TEXT-20251116T222102Z-1-001/TEXT/001/HOUSE_OVERSIGHT_026944.txt,c0004_r0003,text,generic,117,47,1.0
f65540f184dc003c43f5799b,f65540f184dc003c43f5799b818327a0d9b5b2e5b252379e797792493bd3203a,TEXT-20251116T222102Z-1-001/TEXT/001/HOUSE_OVERSIGHT_014695.txt,c0004_r0003,text,email_generic,83,47,1.0
172ff420a2017685a2964cec,172ff420a2017685a2964cec48fba868ecffb49d5e74b765835b0db3657832e7,TEXT-20251116T222102Z-1-001/TEXT/001/HOUSE_OVERSIGHT_030823.txt,c0004_r0004,text,email_generic,103,47,1.0
49c4dc8011c91557f78576cc,49c4dc8011c91557f78576cce6b757eb53b772a0662d2f4e72e7e7999ac4c546,TEXT-20251116T222102Z-1-001/TEXT/001/HOUSE_OVERSIGHT_029304.txt,c0004_r0004,text,generic,133,47,1.0
e82dd44075fcedadccc783e9,e82dd44075fcedadccc783e9105109d8eb42899317f3d5fe7112ab802073405d,TEXT-20251116T222102Z-1-001/TEXT/002/HOUSE_OVERSIGHT_033594.txt,c0004_r0004,text,email_generic,87,47,1.0
2d9c815f26ffd00af876fb0f,2d9c815f26ffd00af876fb0f5b9b37c39daa46302b131b3e354d22b6f5f3df4b,TEXT-20251116T222102Z-1-001/TEXT/001/HOUSE_OVERSIGHT_031531.txt,c0007_r0000,text,email_generic,106,47,1.0
3498c86bd7411c2208421e14,3498c86bd7411c2208421e14b29bfc08bb553a23663db66c3ce3b236e74f4abe,TEXT-20251116T222102Z-1-001/TEXT/001/HOUSE_OVERSIGHT_030968.txt,c0007_r0001,text,email_generic,87,47,1.0
43e6e4fa7db3a193892bb8a3,43e6e4fa7db3a193892bb8a380a9a95ddc34d767608ce15517ee20127a16ead6,TEXT-20251116T222102Z-1-001/TEXT/001/HOUSE_OVERSIGHT_031126.txt,c0001_r0000,text,email_generic,87,48,1.0
8d71c493b3ed338f5750a0bf,8d71c493b3ed338f5750a0bf21f7291e8f5ed91fbc8fa59e16d350b876722dd6,TEXT-20251116T222102Z-1-001/TEXT/001/HOUSE_OVERSIGHT_031114.txt,c0001_r0000,text,email_generic,70,48,1.0
c398e2936969acced752eb9e,c398e2936969acced752eb9e5e706cf7c56d33627088e884db7cec96b40bd7bc,TEXT-20251116T222102Z-1-001/TEXT/001/HOUSE_OVERSIGHT_031121.txt,c0001_r0000,text,email_generic,87,48,1.0
cc8a29e69e63b439546cf739,cc8a29e69e63b439546cf739bbd2c98b400fa492ec0fe0d3bafd1314025a9ad3,TEXT-20251116T222102Z-1-001/TEXT/001/HOUSE_OVERSIGHT_025215.txt,c0001_r0000,text,email_generic,107,48,1.0
d5c77b405d2a1e448c6488e5,d5c77b405d2a1e448c6488e5b6cc1a81dadddbc3a23a45f10796fbd0b9c9c407,TEXT-20251116T222102Z-1-001/TEXT/001/HOUSE_OVERSIGHT_031159.txt,c0001_r0000,text,email_generic,107,48,1.0
fade1a79494c620fe56d8f60,fade1a79494c620fe56d8f600ba1049f9b1b2dcc795c5ab34a388add60d7352d,TEXT-20251116T222102Z-1-001/TEXT/001/HOUSE_OVERSIGHT_030837.txt,c0001_r0000,text,email_generic,88,48,1.0
0b022c6849451978a0978298,0b022c6849451978a0978298e3729fa0a587c55afd2caff0e5808ea607ec0b79,TEXT-20251116T222102Z-1-001/TEXT/001/HOUSE_OVERSIGHT_026059.txt,c0004_r0002,text,email_generic,87,48,1.0
7c8cf1cc3d328f0105b01277,7c8cf1cc3d328f0105b012778237a471e168d8ec243e274592b3cb4e2cbb7f56,TEXT-20251116T222102Z-1-001/TEXT/001/HOUSE_OVERSIGHT_026069.txt,c0004_r0002,text,email_generic,82,48,1.0
8902167c69c31940992a9ad8,8902167c69c31940992a9ad82e304b1cb7d595cba990a214b2b63d9ac98b9946,TEXT-20251116T222102Z-1-001/TEXT/001/HOUSE_OVERSIGHT_026064.txt,c0004_r0002,text,email_generic,89,48,1.0
d6450793b107fe46a5712571,d6450793b107fe46a571257122476e3809954a7224ed3aa2b26ba025292c6de7,TEXT-20251116T222102Z-1-001/TEXT/001/HOUSE_OVERSIGHT_016801.txt,c0004_r0002,text,email_generic,110,48,1.0
02926b4bbdc48603a6e7c408,02926b4bbdc48603a6e7c408e212f91203bda99c12cda2078abfba7b225e57a7,TEXT-20251116T222102Z-1-001/TEXT/001/HOUSE_OVERSIGHT_025547.txt,c0004_r0003,text,email_generic,54,48,1.0
07a0cfb6429e34277df6f775,07a0cfb6429e34277df6f775a9b10edd9a2e20e8f25dc9416f965c8c424e69b5,TEXT-20251116T222102Z-1-001/TEXT/001/HOUSE_OVERSIGHT_026447.txt,c0004_r0003,text,email_generic,114,48,1.0
3ef6930b2bb99201692f570a,3ef6930b2bb99201692f570ad9946a8725a944ff33772d2789141e1080df1b5f,TEXT-20251116T222102Z-1-001/TEXT/001/HOUSE_OVERSIGHT_026572.txt,c0004_r0003,text,generic,134,48,1.0
452a007cdb38523ff0d12c55,452a007cdb38523ff0d12c5506cda43077be72b6fb5be240be42711ad2463b49,TEXT-20251116T222102Z-1-001/TEXT/001/HOUSE_OVERSIGHT_014860.txt,c0004_r0003,text,email_generic,52,48,1.0
79b699aaecbd59dfd4646cfb,79b699aaecbd59dfd4646cfb1df2e2a8113d0c3a120b1ef520cef6a191da1b2c,TEXT-20251116T222102Z-1-001/TEXT/001/HOUSE_OVERSIGHT_030840.txt,c0004_r0003,text,generic,133,48,1.0
19d4e46d83a066e3dbb7c9d6,19d4e46d83a066e3dbb7c9d6d8c83480195bd83aa5c2c8c707b7312b307b7987,TEXT-20251116T222102Z-1-001/TEXT/001/HOUSE_OVERSIGHT_026519.txt,c0004_r0000,text,email_generic,116,49,1.0
8c9b895f7956d512415a951c,8c9b895f7956d512415a951c6fe1af28686eae2b31c7cb213ea1222552868c05,TEXT-20251116T222102Z-1-001/TEXT/001/HOUSE_OVERSIGHT_014857.txt,c0004_r0002,text,email_generic,47,49,1.0
462bbb25396a2f9416933474,462bbb25396a2f9416933474b96c19ab3540bb16213ec6758d75b9184a8f72d9,TEXT-20251116T222102Z-1-001/TEXT/001/HOUSE_OVERSIGHT_014523.txt,c0004_r0003,text,email_generic,44,49,1.0
4f5366c34ae5b325c0b1c11c,4f5366c34ae5b325c0b1c11c9dc100e1ab5d9d8a0bc25e163a496ce9e787aef0,TEXT-20251116T222102Z-1-001/TEXT/001/HOUSE_OVERSIGHT_014972.txt,c0004_r0003,text,generic,123,49,1.0
6fe7a17f77be7d6d781a5557,6fe7a17f77be7d6d781a5557e5ecadb80501474e31933e549fe924e9b8e6016c,TEXT-20251116T222102Z-1-001/TEXT/001/HOUSE_OVERSIGHT_011280.txt,c0004_r0003,text,email_generic,47,49,1.0
8e0f7bf26feeffa52c6e3e38,8e0f7bf26feeffa52c6e3e38156343409b06e3f2c63d5692767f1fe3884018e8,TEXT-20251116T222102Z-1-001/TEXT/001/HOUSE_OVERSIGHT_014731.txt,c0004_r0003,text,generic,139,49,1.0
9269aaab3372d06b2f48b9fd,9269aaab3372d06b2f48b9fd38a300aa53627243b6a1ddd76f06c5f7ab42dc42,TEXT-20251116T222102Z-1-001/TEXT/001/HOUSE_OVERSIGHT_012044.txt,c0004_r0003,text,email_generic,93,49,1.0
9fefafe6c01d30ffa3e2e08f,9fefafe6c01d30ffa3e2e08f55dea58984fa9c3dd3ef61b5c600cdd5c6910fcd,TEXT-20251116T222102Z-1-001/TEXT/001/HOUSE_OVERSIGHT_014460.txt,c0004_r0003,text,generic,126,49,1.0
a3ec35a86c268a6d7eacc63b,a3ec35a86c268a6d7eacc63bd9935808e2e34097345153cda33582e03cf6d801,TEXT-20251116T222102Z-1-001/TEXT/001/HOUSE_OVERSIGHT_010609.txt,c0004_r0003,text,generic,130,49,1.0
add402a2fd296d776e9a0d27,add402a2fd296d776e9a0d2757d2ebbdd9447d521cff8f4f6c19a976ab08f11b,TEXT-20251116T222102Z-1-001/TEXT/001/HOUSE_OVERSIGHT_016111.txt,c0004_r0003,text,generic,116,49,1.0
c589fb7185bfc4db210703de,c589fb7185bfc4db210703de1efaab6a7e5508c7045472e4e774a70d2a29a0b9,TEXT-20251116T222102Z-1-001/TEXT/001/HOUSE_OVERSIGHT_014717.txt,c0004_r0003,text,email_generic,94,49,1.0
e6ce3ae7f71014346ad66907,e6ce3ae7f71014346ad66907536d451b08ace8be224d41e9c836db982ff590f3,TEXT-20251116T222102Z-1-001/TEXT/001/HOUSE_OVERSIGHT_014312.txt,c0004_r0003,text,email_generic,114,49,1.0
ffcf7f47c4aa313e7687f95c,ffcf7f47c4aa313e7687f95c268f62decbdb49d25218a7ac3fbcfb568d83d25d,TEXT-20251116T222102Z-1-001/TEXT/001/HOUSE_OVERSIGHT_014873.txt,c0004_r0003,text,generic,126,49,1.0
3fcbd22f3b613e5681516662,3fcbd22f3b613e5681516662ecdb4ba58a64134dbcf8e46a28b23b7fb501770a,TEXT-20251116T222102Z-1-001/TEXT/001/HOUSE_OVERSIGHT_011277.txt,c0004_r0004,text,email_generic,98,49,1.0
db58632556a9a44158869f42,db58632556a9a44158869f429ed769b7da589932166cf0a3f71e9893de343f9a,TEXT-20251116T222102Z-1-001/TEXT/001/HOUSE_OVERSIGHT_014310.txt,c0004_r0004,text,email_generic,95,49,1.0
cdb2138a7849ea1005ffca63,cdb2138a7849ea1005ffca63bb4d60a734f06881635d243d4083a58a364d8885,TEXT-20251116T222102Z-1-001/TEXT/001/HOUSE_OVERSIGHT_027650.txt,c0000_r0000,text,chat_ichat,46,50,1.0
64ef1acfc71ad31a2ecf052e,64ef1acfc71ad31a2ecf052e5675a00509a490a07ccb993a8f7bd5515a27fd4f,TEXT-20251116T222102Z-1-001/TEXT/001/HOUSE_OVERSIGHT_029622.txt,c0001_r0000,text,email_generic,84,50,1.0
2d6da583be18ccb0628ec2c3,2d6da583be18ccb0628ec2c3f5a158a6bb0335758fc2ec7948bf2a68e3498db2,TEXT-20251116T222102Z-1-001/TEXT/001/HOUSE_OVERSIGHT_026010.txt,c0004_r0000,text,email_generic,65,50,1.0
c214d8da53d43d731cbce7dd,c214d8da53d43d731cbce7ddbc8571fb51dcb1fbef54724d79681707b99fae1f,TEXT-20251116T222102Z-1-001/TEXT/001/HOUSE_OVERSIGHT_029282.txt,c0004_r0000,text,email_generic,95,50,1.0
d9983e676090b500b47cee6d,d9983e676090b500b47cee6da742a4e64a7befcc194b45d7126bfa660e66c236,TEXT-20251116T222102Z-1-001/TEXT/001/HOUSE_OVERSIGHT_030732.txt,c0004_r0000,text,email_generic,50,50,1.0
351594dfbc32e6c0eb7c7393,351594dfbc32e6c0eb7c7393e18c540b84d583c126d94f2dca7c3bdf7a2c08ec,TEXT-20251116T222102Z-1-001/TEXT/001/HOUSE_OVERSIGHT_030389.txt,c0004_r0002,text,email_generic,86,50,1.0
58ba527cb473e3b9c0850426,58ba527cb473e3b9c0850426b0e71adfa7afff9f3439403619a96610f08c3ea9,TEXT-20251116T222102Z-1-001/TEXT/001/HOUSE_OVERSIGHT_030351.txt,c0004_r0002,text,email_generic,87,50,1.0
ba9d91973ee6410029567eef,ba9d91973ee6410029567eef17690bb66c43a0300c6550f7a8980df1926bdddc,TEXT-20251116T222102Z-1-001/TEXT/001/HOUSE_OVERSIGHT_030358.txt,c0004_r0002,text,email_generic,79,50,1.0
47bba74879e530f0554f926e,47bba74879e530f0554f926e00630fc10f00cd7fdcd7a8f8c8699a2b874d3db0,TEXT-20251116T222102Z-1-001/TEXT/002/HOUSE_OVERSIGHT_032782.txt,c0006_r0001,text,email_generic,65,50,1.0
6ad7c6ec2c4e6f56eb7bd836,6ad7c6ec2c4e6f56eb7bd836777beaed853eb6cab68e149f66d7ced0d2a923ad,TEXT-20251116T222102Z-1-001/TEXT/001/HOUSE_OVERSIGHT_028856.txt,c0006_r0001,text,email_generic,86,50,1.0
a30075e384186379cf44981a,a30075e384186379cf44981a7449b5c04844fb5692b6534afce646d9706020c6,TEXT-20251116T222102Z-1-001/TEXT/002/HOUSE_OVERSIGHT_032785.txt,c0006_r0001,text,email_generic,50,50,1.0
ca6bbb50e5b09fff0971e95d,ca6bbb50e5b09fff0971e95d128ef3ceafa677bf32db961733e6041be25b01f7,TEXT-20251116T222102Z-1-001/TEXT/001/HOUSE_OVERSIGHT_028859.txt,c0006_r0001,text,email_generic,73,50,1.0
dd72216afae148580e0805bb,dd72216afae148580e0805bb04e9606ba9913b3954a240f4aae649b90173aa81,TEXT-20251116T222102Z-1-001/TEXT/002/HOUSE_OVERSIGHT_033100.txt,c0006_r0001,text,email_generic,65,50,1.0
fc2ba9e35bded2220de1cae9,fc2ba9e35bded2220de1cae9126ffc034d8b97cfa57a19c3a89d5c79844535a7,TEXT-20251116T222102Z-1-001/TEXT/001/HOUSE_OVERSIGHT_029111.txt,c0007_r0001,text,email_generic,105,50,1.0
480f552dcce4ee9ac745e3d6,480f552dcce4ee9ac745e3d6abb196ccfadf9d4d395d38800f22b9a7cf5bf00d,TEXT-20251116T222102Z-1-001/TEXT/002/HOUSE_OVERSIGHT_032961.txt,c0007_r0002,text,email_generic,103,50,1.0
72dd621c39cf1b5787889d1b,72dd621c39cf1b5787889d1b61f50e0d10c1882d3cf087be1227911f76532344,TEXT-20251116T222102Z-1-001/TEXT/001/HOUSE_OVERSIGHT_027594.txt,c0000_r0000,text,chat_ichat,39,51,1.0
b5becb58da17afe0bdd95120,b5becb58da17afe0bdd95120c08759f4565be9a572cb89a96c99c19ea05a6c3a,TEXT-20251116T222102Z-1-001/TEXT/002/HOUSE_OVERSIGHT_032423.txt,c0004_r0000,text,email_generic,53,51,1.0
dcc8db2d4c3c6a951563e38b,dcc8db2d4c3c6a951563e38bc729513c6aab8c800686ebc4dd09076b6a619555,TEXT-20251116T222102Z-1-001/TEXT/001/HOUSE_OVERSIGHT_030737.txt,c0004_r0000,text,email_generic,53,51,1.0
be0feeb19eef2c6597998c7e,be0feeb19eef2c6597998c7efb8afdb40f9cb3a3ba37811bdf57e480791cf158,TEXT-20251116T222102Z-1-001/TEXT/001/HOUSE_OVERSIGHT_026508.txt,c0004_r0002,text,email_generic,49,51,1.0
0b0ffb6c3dbc731eea71b9af,0b0ffb6c3dbc731eea71b9af3dc5599d5e3c1db818a88901a7b2c50028f2273d,TEXT-20251116T222102Z-1-001/TEXT/001/HOUSE_OVERSIGHT_028950.txt,c0006_r0001,text,email_generic,44,51,1.0
3ec762941a96dc7ce4517987,3ec762941a96dc7ce45179870b7d61ba7c9062aad304bf0b8e79df2742745860,TEXT-20251116T222102Z-1-001/TEXT/001/HOUSE_OVERSIGHT_025118.txt,c0006_r0001,text,email_generic,65,51,1.0
46d4ae21a089f8a4acd52ff8,46d4ae21a089f8a4acd52ff89071e41fc26af8f87b4cae5b4e6d31e5a65d5f53,TEXT-20251116T222102Z-1-001/TEXT/001/HOUSE_OVERSIGHT_030775.txt,c0006_r0001,text,email_generic,101,51,1.0
908bfbdf6203901cc47a35bb,908bfbdf6203901cc47a35bb68b305c1fbc97d73c2d0a343061fbac9045fd345,TEXT-20251116T222102Z-1-001/TEXT/001/HOUSE_OVERSIGHT_025349.txt,c0006_r0001,text,email_generic,47,51,1.0
b1becaf5ad0bf2083cb27163,b1becaf5ad0bf2083cb27163a162b48323f28f9e555fbc982375113ff8f9cb3b,TEXT-20251116T222102Z-1-001/TEXT/001/HOUSE_OVERSIGHT_025121.txt,c0006_r0001,text,email_generic,39,51,1.0
ce6044e513521139ed9f87ab,ce6044e513521139ed9f87ab8d980db12a0cc4d3e34c07c83e2b0165494330ef,TEXT-20251116T222102Z-1-001/TEXT/001/HOUSE_OVERSIGHT_030693.txt,c0006_r0001,text,email_generic,71,51,1.0
ceaba194fcb0a11ce0538415,ceaba194fcb0a11ce053841527da1fa9962333140d611c4fc036dfebe64bf3ca,TEXT-20251116T222102Z-1-001/TEXT/001/HOUSE_OVERSIGHT_030691.txt,c0006_r0001,text,email_generic,92,51,1.0
dd0ea773657ec8443463b5ed,dd0ea773657ec8443463b5ed306549774ce3e2e7f2d18b8ff56270ff8d94a46f,TEXT-20251116T222102Z-1-001/TEXT/002/HOUSE_OVERSIGHT_032428.txt,c0006_r0001,text,email_generic,73,51,1.0
f188d62e785df2b9a924fdce,f188d62e785df2b9a924fdce52dbd6bd9a98cb6decce2dc566639d47971c22d7,TEXT-20251116T222102Z-1-001/TEXT/001/HOUSE_OVERSIGHT_029246.txt,c0006_r0001,text,email_generic,47,51,1.0
539c34ec6897727c8e4f65f4,539c34ec6897727c8e4f65f44430781752d46351503764eb9393ff8d7b8fddfa,TEXT-20251116T222102Z-1-001/TEXT/002/HOUSE_OVERSIGHT_032424.txt,c0007_r0001,text,email_generic,73,51,1.0
a7a732431f2f0793d13e7e1a,a7a732431f2f0793d13e7e1a90c21ec8ed8e8d924b08792a000ea545004349b0,TEXT-20251116T222102Z-1-001/TEXT/002/HOUSE_OVERSIGHT_032426.txt,c0007_r0001,text,email_generic,83,51,1.0
17a421712daa51b1858228ff,17a421712daa51b1858228ff88a6aa2a71f587fe08875edd2727702cb82353aa,TEXT-20251116T222102Z-1-001/TEXT/001/HOUSE_OVERSIGHT_031018.txt,c0002_r0000,text,email_generic,98,52,1.0
23099d58faac01c104d747a3,23099d58faac01c104d747a3328fe0f381e7101b211387f2d67067b30a81f4dc,TEXT-20251116T222102Z-1-001/TEXT/001/HOUSE_OVERSIGHT_030609.txt,c0002_r0000,text,email_generic,92,52,1.0
2bbe399795703b1a9f2ea4ad,2bbe399795703b1a9f2ea4ad6945feecab566931648b79a072c6cef6cbe79e8f,TEXT-20251116T222102Z-1-001/TEXT/001/HOUSE_OVERSIGHT_031086.txt,c0002_r0000,text,email_generic,100,52,1.0
9b97eee6cd90c9e001fa3b96,9b97eee6cd90c9e001fa3b961a28a427590da8104e3641973367d58e6ca15362,TEXT-20251116T222102Z-1-001/TEXT/001/HOUSE_OVERSIGHT_030495.txt,c0002_r0000,text,email_generic,91,52,1.0
a7745f0a38695d95b6a2c078,a7745f0a38695d95b6a2c0784e14c0df76f2662f1e6dd329c6cfc802bff7ae65,TEXT-20251116T222102Z-1-001/TEXT/001/HOUSE_OVERSIGHT_030502.txt,c0002_r0000,text,email_generic,89,52,1.0
b7efdef1a9ceb780ced8a463,b7efdef1a9ceb780ced8a463ab0e642b841a5c115fc89fcde01a45afa1234b53,TEXT-20251116T222102Z-1-001/TEXT/001/HOUSE_OVERSIGHT_031020.txt,c0002_r0000,text,email_generic,95,52,1.0
be0a642a2d698d11259eaaa1,be0a642a2d698d11259eaaa143a419cfac578a29e425291c925f2689093396b6,TEXT-20251116T222102Z-1-001/TEXT/001/HOUSE_OVERSIGHT_030887.txt,c0002_r0000,text,email_generic,100,52,1.0
fe6203f49141c48d619f4997,fe6203f49141c48d619f499773940695a1309197c720221eae822b96006f6e51,TEXT-20251116T222102Z-1-001/TEXT/001/HOUSE_OVERSIGHT_031084.txt,c0002_r0000,text,email_generic,96,52,1.0
fe755852d1773a9f21da86dd,fe755852d1773a9f21da86dd86dd13b544df44315f658b6ffe6470f722bf8380,TEXT-20251116T222102Z-1-001/TEXT/001/HOUSE_OVERSIGHT_030602.txt,c0002_r0000,text,email_generic,84,52,1.0
12112fc0567e57880eebfd4e,12112fc0567e57880eebfd4e35f5175dfe7aa2f1ee7198af16c214e1b5528293,TEXT-20251116T222102Z-1-001/TEXT/001/HOUSE_OVERSIGHT_031017.txt,c0004_r0001,text,email_generic,51,52,1.0
1832728fd82c847a43055e08,1832728fd82c847a43055e088d0412b09e92690ebe529ce5d692ac5550f34c0e,TEXT-20251116T222102Z-1-001/TEXT/001/HOUSE_OVERSIGHT_030886.txt,c0004_r0001,text,email_generic,83,52,1.0
be3cfc8d8802d9734792b069,be3cfc8d8802d9734792b06964169074d76bd478eeb4decbd4952edb4016edb5,TEXT-20251116T222102Z-1-001/TEXT/001/HOUSE_OVERSIGHT_030806.txt,c0004_r0001,text,email_generic,67,52,1.0
298896597c4361b97cc0f488,298896597c4361b97cc0f4886983d717bee347478b3285616d65423a62766fc1,TEXT-20251116T222102Z-1-001/TEXT/001/HOUSE_OVERSIGHT_026204.txt,c0006_r0001,text,email_generic,79,52,1.0
546c5a47e7998ffc0414cc66,546c5a47e7998ffc0414cc66347e8def53a0377ccd3db92a2a993d96cb6061fc,TEXT-20251116T222102Z-1-001/TEXT/001/HOUSE_OVERSIGHT_026210.txt,c0006_r0001,text,email_generic,74,52,1.0
00fb57fb8af6c8b1321fe950,00fb57fb8af6c8b1321fe950633faddec9b3915db7e48f1b4cd27ad5fe734609,TEXT-20251116T222102Z-1-001/TEXT/002/HOUSE_OVERSIGHT_032472.txt,c0007_r0001,text,email_generic,60,52,1.0
8ea0d161e21af3855625e07a,8ea0d161e21af3855625e07ab9b00cae9a862c3123fd853e60287fce4a5b91a0,TEXT-20251116T222102Z-1-001/TEXT/001/HOUSE_OVERSIGHT_027250.txt,c0000_r0000,text,generic,33,53,1.0
7579a4256e9184a62784fbee,7579a4256e9184a62784fbee73e716c212d243160f22c78ff4837e72aafa63f5,TEXT-20251116T222102Z-1-001/TEXT/001/HOUSE_OVERSIGHT_031152.txt,c0002_r0000,text,email_generic,39,53,1.0
fc02cee12b23df9f74f82d3d,fc02cee12b23df9f74f82d3d877a062c84c0edc6a691e25ed2ea8d971c32c24e,TEXT-20251116T222102Z-1-001/TEXT/001/HOUSE_OVERSIGHT_029972.txt,c0003_r0000,text,email_generic,44,53,1.0
1158b9aca32b4992a0b0d0ea,1158b9aca32b4992a0b0d0eab2afc801c65df46ad04edf61324c2fa35d98b1b5,TEXT-20251116T222102Z-1-001/TEXT/002/HOUSE_OVERSIGHT_033209.txt,c0003_r0002,text,email_generic,65,53,1.0
96d20a1caeae9ce15ad3b00e,96d20a1caeae9ce15ad3b00e676befe435a84319ac8453ff219ea4c85661c704,TEXT-20251116T222102Z-1-001/TEXT/002/HOUSE_OVERSIGHT_033233.txt,c0003_r0006,text,email_generic,43,53,1.0
6e33ea11f2ebb351d70129ae,6e33ea11f2ebb351d70129ae653bc6c88f7981902b614516e5bef1b47fb0eed9,TEXT-20251116T222102Z-1-001/TEXT/002/HOUSE_OVERSIGHT_033388.txt,c0004_r0000,text,email_generic,67,53,1.0
a3d55ad3531bda4c864eab88,a3d55ad3531bda4c864eab88ce4a3a86d05c97f5229098cdec78e48c7936542c,TEXT-20251116T222102Z-1-001/TEXT/001/HOUSE_OVERSIGHT_026673.txt,c0004_r0000,text,email_generic,89,53,1.0
713d72ae3aace90bb6fc4ead,713d72ae3aace90bb6fc4eadda98e4be114f72a2a2a15c9e0a9d363fc5145423,TEXT-20251116T222102Z-1-001/TEXT/001/HOUSE_OVERSIGHT_031005.txt,c0004_r0002,text,email_generic,36,53,1.0
cf06a88a37666c957b2be7dc,cf06a88a37666c957b2be7dc5b5de2498bdc856ce069aae84ddcda1790bd81a4,TEXT-20251116T222102Z-1-001/TEXT/001/HOUSE_OVERSIGHT_026053.txt,c0005_r0000,text,email_generic,73,53,1.0
f2ffe781c66195ab9c95db38,f2ffe781c66195ab9c95db38f58982dd959eb9437daad09a6afaabedade03ca6,TEXT-20251116T222102Z-1-001/TEXT/002/HOUSE_OVERSIGHT_032417.txt,c0005_r0000,text,email_generic,34,53,1.0
25b4453c4b7b6e9a33bdd494,25b4453c4b7b6e9a33bdd4940513ade18b26500e91b1593d577594bb934889ca,TEXT-20251116T222102Z-1-001/TEXT/001/HOUSE_OVERSIGHT_029137.txt,c0006_r0001,text,email_generic,43,53,1.0
2d2dea151ad1df88fd1bb43c,2d2dea151ad1df88fd1bb43ce612cba3df1ef23feac11cd621203abddab0e039,TEXT-20251116T222102Z-1-001/TEXT/001/HOUSE_OVERSIGHT_029126.txt,c0006_r0001,text,email_generic,60,53,1.0
3805a7400a5c2b501671c215,3805a7400a5c2b501671c215cd6b734c36ec2cbe0e52271f6b14de0e03f21f64,TEXT-20251116T222102Z-1-001/TEXT/001/HOUSE_OVERSIGHT_029122.txt,c0006_r0001,text,email_generic,70,53,1.0
446d078bda262fb35eeddda5,446d078bda262fb35eeddda55ba9692bdbcaba6e4b87068a0b53e4fb8c592b32,TEXT-20251116T222102Z-1-001/TEXT/002/HOUSE_OVERSIGHT_032461.txt,c0006_r0001,text,email_generic,89,53,1.0
805eed117eb64d0dff87b923,805eed117eb64d0dff87b923fd8488f540c87b392b275d44002d2a542490b3fa,TEXT-20251116T222102Z-1-001/TEXT/001/HOUSE_OVERSIGHT_029131.txt,c0006_r0001,text,email_generic,58,53,1.0
adb7bf1145f7bffc260f600a,adb7bf1145f7bffc260f600ac0c4f6ce567ca26f3dbb5bc91d7c8fa79c353f7d,TEXT-20251116T222102Z-1-001/TEXT/001/HOUSE_OVERSIGHT_025363.txt,c0000_r0000,text,chat_ichat,36,54,1.0
cc1d2ce0a509e7c261cffec2,cc1d2ce0a509e7c261cffec2ba29381775261e1b0d3e49431e5ddfadb3c2e5df,TEXT-20251116T222102Z-1-001/TEXT/001/HOUSE_OVERSIGHT_023616.txt,c0002_r0000,text,email_generic,87,54,1.0
e698e78c0087ffb28f5389d2,e698e78c0087ffb28f5389d29188db727db61a5ef590e0b15cd543e8d661756a,TEXT-20251116T222102Z-1-001/TEXT/001/HOUSE_OVERSIGHT_023621.txt,c0002_r0000,text,email_generic,69,54,1.0
153b6454be343f4ed4b91ef5,153b6454be343f4ed4b91ef5a784619a5f0040fac2eb53000f00de1f04a1b910,TEXT-20251116T222102Z-1-001/TEXT/001/HOUSE_OVERSIGHT_025873.txt,c0004_r0000,text,email_generic,59,54,1.0
1c96ecbba894c6851a519830,1c96ecbba894c6851a519830a932281bff82880620daf41f6e0c3181e303bc0c,TEXT-20251116T222102Z-1-001/TEXT/001/HOUSE_OVERSIGHT_029207.txt,c0004_r0000,text,email_generic,82,54,1.0
56cf461a8c44ebebe2fe83e0,56cf461a8c44ebebe2fe83e0ef55e5b27584fb29deba242ada8c36e49f57b3d2,TEXT-20251116T222102Z-1-001/TEXT/001/HOUSE_OVERSIGHT_022824.txt,c0004_r0000,text,email_generic,92,54,1.0
6a998087ef6bf7fbb97eb208,6a998087ef6bf7fbb97eb20842915b391d0713b99fe6f44fcfadec1f6b1e49a5,TEXT-20251116T222102Z-1-001/TEXT/001/HOUSE_OVERSIGHT_029224.txt,c0004_r0000,text,email_generic,33,54,1.0
6df355cc97278b93d1ee27f7,6df355cc97278b93d1ee27f78bf3b0f15e1be4707f20d2c36b057d19fcc606b2,TEXT-20251116T222102Z-1-001/TEXT/001/HOUSE_OVERSIGHT_029209.txt,c0004_r0000,text,email_generic,70,54,1.0
9453b771a9749b92983782fe,9453b771a9749b92983782fe356772a5463e653c0630731f5240e440d8bc721c,TEXT-20251116T222102Z-1-001/TEXT/001/HOUSE_OVERSIGHT_029223.txt,c0004_r0000,text,email_generic,49,54,1.0
9cde9be5d9bd89d8039968dc,9cde9be5d9bd89d8039968dcc37863c7701cd89031f920f15f693220805fc8b0,TEXT-20251116T222102Z-1-001/TEXT/001/HOUSE_OVERSIGHT_028852.txt,c0004_r0000,text,email_generic,80,54,1.0
d87e0e59ba94123b4e0b7447,d87e0e59ba94123b4e0b744758c5cf097cf738da4db26d9182658f3b9bf48501,TEXT-20251116T222102Z-1-001/TEXT/001/HOUSE_OVERSIGHT_028924.txt,c0004_r0000,text,email_generic,32,54,1.0
d9631af872adeee080c059f0,d9631af872adeee080c059f04d5c44f5f4b207acdcaef442e03c0461db25f445,TEXT-20251116T222102Z-1-001/TEXT/001/HOUSE_OVERSIGHT_028925.txt,c0004_r0000,text,email_generic,69,54,1.0
3c0fe729059997691b341694,3c0fe729059997691b3416946b57d8025cd1a9ac57a5c3cb874cf2ae95042627,TEXT-20251116T222102Z-1-001/TEXT/001/HOUSE_OVERSIGHT_021806.txt,c0004_r0004,text,email_generic,50,54,1.0
cf58cf66aaf6dc3e4dcedb87,cf58cf66aaf6dc3e4dcedb871300bfa83aee30bf65adc3d08b6524d1524b9db7,TEXT-20251116T222102Z-1-001/TEXT/001/HOUSE_OVERSIGHT_026580.txt,c0004_r0004,text,email_generic,102,54,1.0
78895f9499cf82c4efe46660,78895f9499cf82c4efe46660d33ea2d68faae83a7988e47bfd08d236007ac930,TEXT-20251116T222102Z-1-001/TEXT/001/HOUSE_OVERSIGHT_019334.txt,c0006_r0001,text,email_generic,62,54,1.0
b5e7e8355365b2992ac2eca7,b5e7e8355365b2992ac2eca7878301678e6221219c8681f744969a5c82454090,TEXT-20251116T222102Z-1-001/TEXT/001/HOUSE_OVERSIGHT_029752.txt,c0001_r0000,text,email_generic,106,55,1.0
7ed4bf3d6bdbca5765853999,7ed4bf3d6bdbca57658539993f973fdc7c111d710dad18aa76a9397f95578288,TEXT-20251116T222102Z-1-001/TEXT/001/HOUSE_OVERSIGHT_028977.txt,c0004_r0000,text,email_generic,112,55,1.0
be074da4ab76d9b4d8fc0be7,be074da4ab76d9b4d8fc0be7980876afa292bc9c4078dd41e72763391bc3d96e,TEXT-20251116T222102Z-1-001/TEXT/001/HOUSE_OVERSIGHT_029271.txt,c0004_r0000,text,email_generic,111,55,1.0
b36573d30f286919a76c8f10,b36573d30f286919a76c8f10ec6b26c79d7e7f1d40e06e4be1ec74b2a5184819,TEXT-20251116T222102Z-1-001/TEXT/001/HOUSE_OVERSIGHT_029679.txt,c0004_r0001,text,email_generic,47,55,1.0
2643bdecec9695c9fe7fc03f,2643bdecec9695c9fe7fc03f533f1e67485f7d8f9ad748de901c711e240ac02c,TEXT-20251116T222102Z-1-001/TEXT/001/HOUSE_OVERSIGHT_023550.txt,c0004_r0003,text,email_generic,119,55,1.0
abcedcb72639cd692becb84e,abcedcb72639cd692becb84ed30ff10840bd4eb5bd4fc99c5cdc70fd2e4da4a1,TEXT-20251116T222102Z-1-001/TEXT/001/HOUSE_OVERSIGHT_018727.txt,c0004_r0003,text,generic,121,55,1.0
2f07a986e13f74a865b9ac92,2f07a986e13f74a865b9ac92c5f5e01d0c751e74440fa02fc9906c15729bc8cc,TEXT-20251116T222102Z-1-001/TEXT/001/HOUSE_OVERSIGHT_013403.txt,c0004_r0004,text,generic,115,55,1.0
b3ef25f80e70f92b7e0024b4,b3ef25f80e70f92b7e0024b4b75815ac4233beaa414a33d149e3816a9eb7da29,TEXT-20251116T222102Z-1-001/TEXT/002/HOUSE_OVERSIGHT_033181.txt,c0004_r0004,text,generic,137,55,1.0
839156991f543b2ab4eb5146,839156991f543b2ab4eb5146d577ea7333078c5b39f65dfeb5007de1f931cf0d,TEXT-20251116T222102Z-1-001/TEXT/001/HOUSE_OVERSIGHT_031541.txt,c0005_r0000,text,email_generic,40,55,1.0
a19bbae656285c5e2000d45b,a19bbae656285c5e2000d45bb318c6b66132ae921082ebeaeb73aa51f04fd6dc,TEXT-20251116T222102Z-1-001/TEXT/002/HOUSE_OVERSIGHT_032558.txt,c0005_r0000,text,email_generic,32,55,1.0
a5dde215302e365f32292ce3,a5dde215302e365f32292ce3e4ceadab227f4b0b0b3bfc18e61286b408259ec1,TEXT-20251116T222102Z-1-001/TEXT/002/HOUSE_OVERSIGHT_032842.txt,c0005_r0000,text,email_generic,59,55,1.0
09b0df9406191ebd58cd8f38,09b0df9406191ebd58cd8f38f70c85d29e15066f3934e2ce067d4d768ea4a830,TEXT-20251116T222102Z-1-001/TEXT/001/HOUSE_OVERSIGHT_030109.txt,c0006_r0001,text,email_generic,66,55,1.0
7e319e341046fb660b25653d,7e319e341046fb660b25653d279b523a68be170d1cdb8c95f1f2ff45c213e9fe,TEXT-20251116T222102Z-1-001/TEXT/001/HOUSE_OVERSIGHT_030123.txt,c0006_r0001,text,email_generic,46,55,1.0
a87c5eb248404241b3ec31c2,a87c5eb248404241b3ec31c202962625c42c038689477c3e3c1a3a7be45a3567,TEXT-20251116T222102Z-1-001/TEXT/001/HOUSE_OVERSIGHT_030113.txt,c0006_r0001,text,email_generic,56,55,1.0
aa1b820483c0276b048b4490,aa1b820483c0276b048b44900006f94438b57b0e250cb4d8116b632d8681b3c3,TEXT-20251116T222102Z-1-001/TEXT/001/HOUSE_OVERSIGHT_030118.txt,c0006_r0001,text,email_generic,47,55,1.0
41535b93f500d7ab1bbae830,41535b93f500d7ab1bbae830288558b790901db3f384370460f491d7f880b882,TEXT-20251116T222102Z-1-001/TEXT/001/HOUSE_OVERSIGHT_031286.txt,c0003_r0000,text,email_generic,51,56,1.0
99b8864af3bd0eb9136199be,99b8864af3bd0eb9136199beb1b1b9de5efee4d983d7f1bcf333cd0efa249489,TEXT-20251116T222102Z-1-001/TEXT/001/HOUSE_OVERSIGHT_019105.txt,c0003_r0000,text,email_generic,67,56,1.0
e5880a5f2bf4da00c0b52949,e5880a5f2bf4da00c0b529496e5e2079c2f7b7939660a7f990df9b34784b3646,TEXT-20251116T222102Z-1-001/TEXT/001/HOUSE_OVERSIGHT_019109.txt,c0003_r0000,text,email_generic,96,56,1.0
8eacb2874702300d24b33802,8eacb2874702300d24b338023e7d33a1a2bee94ca95128b2db053697b3187702,TEXT-20251116T222102Z-1-001/TEXT/001/HOUSE_OVERSIGHT_019873.txt,c0003_r0002,text,email_generic,38,56,1.0
12985114e83e63157a779110,12985114e83e63157a7791108cd616b35b512960258741b04ecbdc160f8270b3,TEXT-20251116T222102Z-1-001/TEXT/002/HOUSE_OVERSIGHT_032246.txt,c0004_r0002,text,email_generic,70,56,1.0
14963c499382cde2389a9ccb,14963c499382cde2389a9ccbaf3669b3e6aedb3694688a00d67a6098fd990bae,TEXT-20251116T222102Z-1-001/TEXT/002/HOUSE_OVERSIGHT_032250.txt,c0004_r0002,text,email_generic,49,56,1.0
6ffa6af40e115303bc1c4be8,6ffa6af40e115303bc1c4be84cc31d766a002ffd0c2dfc8058b1fec68f9d355d,TEXT-20251116T222102Z-1-001/TEXT/002/HOUSE_OVERSIGHT_032244.txt,c0004_r0002,text,email_generic,121,56,1.0
dfd8d716799b1fad7a8b54b9,dfd8d716799b1fad7a8b54b9c7a7e06c4e3438b8d8542b3e32e84fd72a935bf2,TEXT-20251116T222102Z-1-001/TEXT/002/HOUSE_OVERSIGHT_032248.txt,c0004_r0002,text,email_generic,75,56,1.0
f2b2790079ede363219cc6f3,f2b2790079ede363219cc6f36b25668b87b8fd0c28bda4d7032e9aaad993be4e,TEXT-20251116T222102Z-1-001/TEXT/002/HOUSE_OVERSIGHT_033589.txt,c0004_r0002,text,email_generic,67,56,1.0
3112608522855ace7a2f5009,3112608522855ace7a2f50090747e8f7fdf62fa0276880575110a8d3d8cec967,TEXT-20251116T222102Z-1-001/TEXT/001/HOUSE_OVERSIGHT_019111.txt,c0004_r0003,text,generic,119,56,1.0
bad96746a2bcb76335c51fbe,bad96746a2bcb76335c51fbee2386c1984fd861dba42a11c35c1b12b8d7d8c3f,TEXT-20251116T222102Z-1-001/TEXT/001/HOUSE_OVERSIGHT_031732.txt,c0007_r0001,text,email_generic,104,56,1.0
c40a86301287d666c99bdda1,c40a86301287d666c99bdda15468f3da5f785f4c39bb88be00555ff8fc503175,TEXT-20251116T222102Z-1-001/TEXT/002/HOUSE_OVERSIGHT_032052.txt,c0007_r0001,text,email_generic,110,56,1.0
cb93eaa9fa7545f54ebe4b91,cb93eaa9fa7545f54ebe4b91b19536b7e716d1cde266db364d2f202fc6738fe3,TEXT-20251116T222102Z-1-001/TEXT/001/HOUSE_OVERSIGHT_026438.txt,c0007_r0001,text,email_generic,101,56,1.0
4dcebce1bc1a07092874094c,4dcebce1bc1a07092874094cebccd836895bb37eec35893a3cf79bda4c76a873,TEXT-20251116T222102Z-1-001/TEXT/002/HOUSE_OVERSIGHT_032861.txt,noise,text,email_generic,43,56,1.0
96353d2e63a23e83625e287a,96353d2e63a23e83625e287a25495bcce66f7483f4ca3ab5ac765bfe39a54e89,TEXT-20251116T222102Z-1-001/TEXT/002/HOUSE_OVERSIGHT_032858.txt,noise,text,email_generic,66,56,1.0
