doc_id,u0,u1,u2,u3,u4,u5,u6,u7,u8,u9,u10,u11,u12,u13,u14,topic_cluster
06acba39d689a223aa0163cb,1.0926454,4.097121,9.160797,4.0861697,0.21673454,8.749507,10.7063,9.599789,6.2214303,10.0543375,3.3268867,2.9955788,5.9079895,4.0401897,3.0261059,11
096ab47734e69af0a5087760,1.2415899,3.8965933,8.834732,3.2085223,1.6532848,9.584484,10.845752,9.544659,7.1842275,9.108026,3.7568817,3.748083,7.441864,5.295205,2.911107,7
0cb38f909410f23329a9f0cd,0.89273053,3.846854,9.320676,4.0839014,1.0653999,8.371192,10.924117,9.521215,6.857918,9.390363,3.6404338,3.6473155,5.846237,4.905672,3.0497358,-1
1479b85b219e177a25c353b1,1.2497774,3.894129,8.829661,3.201004,1.646396,9.580509,10.842851,9.54916,7.1758122,9.117803,3.7604477,3.7445533,7.428646,5.2942853,2.9141724,7
251c498d7e40ccf125150855,1.2623963,3.9000611,8.820496,3.1890335,1.6486173,9.590366,10.840123,9.549798,7.1760616,9.115602,3.752972,3.7350922,7.439304,5.2919273,2.9251325,7
2881b3de3ee0327b97022e31,0.93344045,4.1359963,9.332065,4.261741,0.5424755,8.757549,11.078884,9.05298,6.55453,9.42694,3.144716,3.2379212,5.6304936,4.24376,3.0567787,25
3a414a5797cb9752beb9256f,0.9359072,4.381735,9.543694,4.7893324,0.5827142,8.936908,10.121398,9.299083,6.6459136,9.692019,3.0897768,3.2535908,5.6959085,4.18291,3.0952494,-1
3a53f560c678cab0de7c6ca5,1.1268402,4.3787684,9.195729,4.241173,0.80323577,8.161697,11.56559,8.89988,7.338966,9.097126,2.4797654,3.1925151,5.788626,4.750305,3.6910248,53
415f7efd190be2056bd63922,1.4910313,3.5606203,9.160765,3.2241511,1.828671,9.094776,10.494993,9.840778,6.691583,8.644812,3.8012807,3.5963337,6.877975,5.5348926,3.0797417,-1
4803969575fff2d159168a61,1.2332484,3.9305897,8.838599,3.2273855,1.6673596,9.606514,10.864771,9.511863,7.196657,9.084059,3.7185748,3.7299678,7.452004,5.267408,2.9380076,7
4ce40b6c765f12232186c36d,1.0477725,3.943946,9.857495,3.87311,1.526226,7.993186,10.70106,9.255411,6.934492,8.92432,3.7087166,3.2038245,5.653553,5.2548885,3.504957,6
5278f32c67b2a7529ed25e65,0.90148586,4.2267227,9.54754,4.7942147,1.346007,8.583352,10.618494,9.187409,7.057299,9.110157,3.1219378,3.6507642,5.8783507,4.3431196,3.1930735,-1
55d86b49e97e2d30dc7ab883,1.2511367,3.9025438,8.819567,3.1917849,1.6444432,9.5862255,10.848121,9.541473,7.1719384,9.119747,3.7524543,3.740807,7.4345098,5.2873054,2.9174821,7
5c3b2d5865d5238b40e96bc1,1.2599616,3.893798,8.842877,3.2131147,1.6241493,9.56162,10.816464,9.569942,7.149583,9.126884,3.7454145,3.727273,7.4040203,5.2811337,2.9273705,7
5d6c4f605d5349dcd7e4e1c5,0.87924635,4.5506725,9.624694,4.2915626,0.47972435,8.811108,10.064129,9.74122,6.4626236,10.339998,3.429932,3.6977491,5.588225,4.636692,2.8311214,14
68328dffff0f9f118e8f9026,0.89007473,4.639814,9.435961,5.0565653,0.43092915,8.562599,10.41621,9.416836,7.4127097,9.628862,2.3992734,3.4338295,5.93529,4.719914,3.5002618,41
6b52ce32fdd3a1922acd8651,1.2479249,3.897086,8.825896,3.1972988,1.6499788,9.589488,10.846598,9.546288,7.1789107,9.112964,3.7583625,3.744536,7.4415064,5.294391,2.9139354,7
72dd621c39cf1b5787889d1b,1.5155901,3.8170755,9.373086,4.538831,0.8086606,8.844386,10.905997,8.862046,6.712628,9.433785,3.2683408,3.3036613,5.465072,4.4313297,3.1002855,51
832dd5a44c1672794dcbcbcf,1.2956342,3.98274,9.277966,4.077358,1.1766766,8.903822,10.57343,9.3307295,6.6996703,9.308823,3.260975,3.6130526,5.691374,4.805637,3.1800604,-1
89393e3a5318193fed8c0c97,1.0652308,3.706515,9.147057,4.5306892,0.8975535,8.54514,10.986584,9.215945,7.3184395,9.351946,3.330336,3.446736,6.1728573,4.8290954,3.3522022,-1
8bc840c7f653096ac1b92dc3,0.8951747,4.4566727,9.326866,4.04727,0.18602823,8.460891,11.385387,9.141325,6.644272,9.634291,2.8273997,3.2211235,5.601106,4.419965,3.17552,25
8d61b73abe6345848d145fef,0.32325786,4.923089,10.085429,4.933279,0.75485194,9.364528,9.713243,9.236523,6.900663,9.485425,3.0449302,3.6787732,5.939885,4.346143,2.9415958,45
8ea0d161e21af3855625e07a,1.0291092,4.454713,9.223157,4.034219,0.7232423,8.00964,11.766965,8.834821,7.139556,8.938805,2.400545,3.0668435,5.6367254,4.7090454,3.7444353,53
968e9d1aa62e861d8a549b22,1.6205937,3.9078622,9.444373,5.270917,0.55791366,9.143691,9.707582,9.435894,6.818321,9.590888,2.7300966,3.5468163,5.5820804,4.837523,3.2738252,-1
9dcf8c5a498302082a15484d,1.3506004,3.7695754,9.572323,4.8947186,1.3132143,8.623827,10.169834,9.406483,6.9384747,8.816459,3.2826486,3.3767936,5.4144864,4.6012516,3.4437206,-1
aac07ad89811dbca48b46349,1.2410353,3.9529412,9.317732,3.466191,0.8992141,8.175148,11.007694,9.62706,6.6253877,9.822689,3.7574968,3.4636858,5.597353,5.0934644,3.132513,22
adb7bf1145f7bffc260f600a,1.3830254,4.313188,9.546071,4.230615,1.4372177,8.549775,11.28256,8.550497,7.0534997,9.141742,3.0783865,3.6167862,5.4579577,4.695296,3.184096,54
ae3223130b9dfdd25034c382,1.1989622,4.0108733,9.375454,4.0704417,1.172444,8.289488,10.85288,9.118182,6.405385,9.099548,3.042129,3.2193882,5.3627443,4.2752337,3.4592166,18
c2fca04c81ea8b85aaad657e,1.3006306,4.0198646,9.444131,4.49039,1.1728678,8.528105,11.276905,8.603283,7.115772,9.168559,3.0973685,3.544438,5.4197164,4.778726,3.2429729,54
ccefe194e0976057195b1c00,1.158492,4.253771,9.200295,4.141504,0.6634981,8.4625,10.276023,9.652571,6.443937,8.911462,2.3575559,2.6917472,5.9706736,4.3457785,3.8412724,24
cdb2138a7849ea1005ffca63,1.072598,4.100839,9.371886,4.6182914,1.3876754,8.552211,10.694719,8.898941,6.6446905,9.277215,3.0036414,3.7506392,5.0926046,4.2969313,3.2671778,50
e5ed69365408d521a5bbaef5,1.1905847,3.9143333,9.353777,4.4224005,1.1452036,8.8835535,10.826002,8.847539,6.663977,9.074337,3.0368805,3.527157,5.4268894,4.5163717,3.2275548,54
e71d3ba94803f5851535a262,1.2333134,3.8760383,8.83371,3.191164,1.6731045,9.605979,10.852215,9.557949,7.1957545,9.098049,3.7803705,3.7644763,7.465177,5.317666,2.894807,7
f8105b291511b412dcffda12,1.158952,3.701931,9.530908,4.002296,1.1061836,8.4833,10.675505,9.339921,6.4885845,9.341309,3.763282,3.5600872,5.0905523,5.0417633,3.0596383,-1
a2d4c4624e434b381d523764,2.0749202,4.14742,9.275201,4.067908,1.3398414,9.119773,10.259127,9.606089,6.646292,9.210366,3.1652474,3.6568565,5.548887,4.587426,3.1115332,9
01b3924f32ca09fedd7d75e7,1.5005482,4.0310316,9.586638,3.6924806,1.018296,8.30484,9.831488,9.947395,5.9630694,9.466216,3.09601,2.8756692,5.727856,4.399714,3.7540948,30
0515be29218817480c9c781a,1.0925971,3.6746078,9.559711,4.46008,1.3913114,8.425461,10.014331,9.745074,6.592056,9.137623,3.8529806,3.4982588,5.236443,4.7460794,3.206077,-1
060cf07513dd6b9fa7419f3f,2.6230063,6.3337116,8.683009,2.916624,0.9846885,9.919653,13.169768,8.6441145,8.628807,7.941303,1.3593415,3.5200865,7.24904,3.9445333,3.808574,-1
08752b2db5d1f300578834de,1.4296875,4.2648616,9.489783,4.7272835,1.1573374,8.845511,10.026559,9.5741625,7.023318,9.331364,2.7936482,3.4254444,6.172635,4.591577,3.5061285,-1
121ea624859e30d66b23195a,1.4801146,4.4831247,9.413485,4.4298034,0.8611738,9.212579,10.860662,8.690348,7.2394285,8.806244,2.1978095,3.2737632,6.1875057,4.918119,3.5372143,56
19e65282d675fca478b8a8bc,1.2253944,3.6394944,9.656429,4.914772,1.4274448,8.291313,9.761024,9.799327,6.695867,8.902731,3.7239528,3.193734,5.2865295,4.3538833,3.433387,15
1a3722e72f6627465837c847,1.4815792,3.9078288,8.891027,3.1921859,1.4177027,9.266981,10.709506,9.648375,6.9132595,9.303237,3.6794224,3.5565426,6.879782,5.1967344,3.1121268,7
1cc4a41b46338d9f84d4e913,1.136981,4.2737527,9.186796,3.9070377,0.8984994,8.077588,10.746296,9.5322895,6.5186644,9.565107,3.0770133,3.0228074,5.702311,4.2052765,3.5177372,18
1f996bef6081227640b05b32,1.2988827,4.268842,9.829569,4.7230334,1.4257004,8.711781,10.278798,9.150885,7.1031766,9.152,3.3468227,3.2157168,6.212432,4.186458,3.2786176,44
2013925241a2c9f0df290503,1.0232761,4.03919,9.562632,4.3832154,1.3951267,8.631452,10.527992,9.07575,6.5929337,8.914839,3.3006613,3.3208861,5.483011,4.2671695,3.3056958,-1
20df75ea1b6f1526c0ae9193,1.0700111,4.443742,9.764272,4.7330174,1.0344785,8.65299,10.184609,9.330232,6.841675,9.493887,3.0082705,3.5250745,5.819156,4.445565,3.2193074,-1
23e5f13ab07cf7f4ee179280,0.8715063,3.593775,9.906421,4.193571,1.0047693,8.200424,10.13885,9.566704,6.001607,9.287044,3.6557486,3.7173855,4.792117,5.205788,3.0069468,-1
262545b40c3c15a8c606fc75,1.2878112,3.6581504,9.539616,3.966459,0.4482017,8.061845,9.525797,10.450699,5.880489,9.783354,3.2371304,3.1280365,5.5703526,4.9824924,3.5931222,27
270fe2b3332b7542771995f4,1.3654163,3.7968748,9.583302,3.8860476,0.6756293,8.105057,9.586429,10.277317,5.8857355,9.659693,3.163134,2.9979672,5.6174808,4.725457,3.7013998,27
2ca8d7f3a60968f3d24b60b1,1.4991808,3.8015196,9.403025,3.399263,1.1899611,8.541149,10.827614,9.470803,6.307875,9.395287,3.789378,3.561528,5.2607293,5.070178,3.0536625,21
2ce0b7b0558de8fe264a3f21,1.3182211,4.049977,9.2556715,4.1647553,1.0368426,8.716044,9.961175,9.650589,6.5769606,8.870711,2.5961506,2.9468746,6.2432184,4.559119,3.7571387,-1
2e6f1cc06a8cef7864626247,2.0506365,4.29284,8.924664,3.093456,0.78410774,8.533171,10.7760315,9.8690605,6.224807,9.775966,2.9817846,3.07165,5.852982,4.481798,3.4736872,23
31c521d4dfddf5026a635e80,1.2223134,3.5728347,9.640503,4.9422636,1.5650084,8.178692,9.715725,9.796415,6.634769,8.8234215,3.766166,3.189827,5.1253157,4.2838044,3.5006943,15
333d5a4feed6d8fa8101f685,1.0796508,4.029615,9.499125,4.3325815,1.3410361,8.580948,10.60663,9.078516,6.544591,8.991041,3.2608063,3.3033752,5.457529,4.223355,3.3135755,-1
359bc508b6f9bae4c1895e87,1.4322038,3.9775789,10.023066,3.6017296,1.17098,8.021247,9.561179,9.84287,5.5021405,9.203743,2.964513,2.2033722,5.84523,4.390801,4.3190317,28
368f5bcf0060f82a4f28df45,1.828512,4.0909057,9.256569,4.2869644,0.93393564,8.981352,10.512948,9.312867,6.6789846,9.449598,3.0156987,3.4154532,5.558315,4.51789,3.2217379,-1
36b94ca4eb34443d3cfa6d14,1.598886,3.9078758,9.502716,4.066057,1.3324379,7.8538218,9.70677,10.038517,6.1383414,9.336925,3.097987,2.8732512,5.58856,4.048025,3.9719534,31
3b683f3174a101b02148d965,1.1727935,4.3739524,9.171695,3.8068635,1.1200581,8.723675,10.100037,9.819098,6.673516,8.924958,2.664093,2.7493227,6.907345,4.4339247,3.7827961,29
43e6e4fa7db3a193892bb8a3,1.2966242,4.27212,9.339342,4.842239,0.37581336,8.170941,10.075568,10.01919,7.09879,10.228396,3.0900683,3.4501173,5.8348927,4.81063,3.3428664,48
489787055460aad758c4953f,1.1738384,3.877462,8.926675,3.5058584,1.2597477,9.103667,10.82746,9.619671,7.0766087,9.489644,3.7637122,3.6872332,6.8156047,5.1359615,2.9937372,7
489d1081a4b7961f86b81028,0.8710025,4.3960805,9.377717,4.357193,0.7343451,8.374578,10.342553,9.70825,6.398056,9.836116,3.3486786,3.1447423,5.749447,3.9257002,3.1030946,-1
4975e5b8d530a21c9821c653,1.3143597,4.284463,9.852288,4.7425947,1.4463875,8.712185,10.26085,9.162005,7.1005135,9.132485,3.3353384,3.2357848,6.2201715,4.178759,3.2921367,44
4a1ecb427043ae6e5f2d20b3,2.6228583,6.333583,8.683045,2.9166296,0.9846311,9.919432,13.169774,8.644092,8.628674,7.9414268,1.3594364,3.5200546,7.248858,3.944615,3.8085487,-1
4ea5d3c429a8e4903c7638e6,1.5249103,4.6261683,9.23273,3.9119697,0.82905626,8.67079,10.899047,9.240464,6.977646,9.455955,2.5987277,3.086037,6.160009,4.5967655,3.5618837,12
50fc785776bf769b345955a2,1.3509812,4.074057,9.760389,3.8401697,1.0744215,8.358089,9.688301,9.859461,5.9967036,9.269288,2.9938798,2.7740624,5.83763,4.4185925,3.862711,30
51487a0cc11715e20b7c414e,0.9310446,4.226338,9.532395,3.9888957,0.6502401,8.583637,10.247912,9.901105,6.3791265,10.351099,3.8208528,3.7569578,5.5771046,4.7887306,2.7634013,14
514c01278a3a8d478b1d41f1,2.6230826,6.3335876,8.68312,2.9170473,0.98482114,9.919811,13.169446,8.644118,8.62894,7.941152,1.3593518,3.5201697,7.2490106,3.944526,3.8086083,-1
5152de0f949482d055ae7038,2.6230817,6.33358,8.683119,2.9170623,0.98483884,9.919814,13.169452,8.64411,8.628958,7.941137,1.3593619,3.52018,7.2489986,3.9445305,3.8086116,-1
517ed45e51b7e2573ebdd306,2.6250143,6.3365717,8.682192,2.9154418,0.98484486,9.921914,13.172499,8.64327,8.631384,7.939635,1.3572106,3.5206258,7.251136,3.9435604,3.8089838,-1
519ad8b5c3df9b4c28dcda17,1.3086967,4.0533414,9.671927,3.9821415,1.0674173,8.454627,9.793927,9.726213,6.1606154,8.997363,2.7705882,2.634331,6.019067,4.4946012,3.981417,30
541fdc2c3a30c5515a1aff94,1.4758861,3.8827558,9.471558,4.600999,1.0134234,7.746538,10.055902,10.156462,6.8305335,9.432074,3.2503242,2.9176378,5.983823,4.3352084,3.8436613,20
556c59a9b64a40858866ec94,0.98735654,4.4336367,9.216034,4.0007615,1.0393938,9.019935,9.950121,9.804938,6.8065643,9.246541,2.9732852,3.1260798,6.8088746,4.558873,3.4303641,-1
579958611057f087b8bfe8c5,1.1151873,4.2194057,9.4393015,4.3546762,1.2642539,8.611886,10.554113,9.239944,6.6445093,9.181895,3.1710176,3.353693,5.704568,4.162031,3.2564132,-1
589d9315893f4926647d258d,0.90973735,3.867506,9.789724,4.953517,1.4641167,8.464914,9.667044,9.648118,6.6796412,8.780451,3.5676458,3.0668728,5.536566,4.2300673,3.481423,-1
5a91869a77b7e4ddb2d01052,1.0488617,4.1883283,9.308543,4.0757303,0.9977743,8.101022,10.786921,9.336332,6.4429736,9.384129,3.075875,3.1400874,5.4458985,4.189362,3.4500842,18
5cac124b91f28facc5f888e2,1.168523,4.1775846,9.407378,4.538227,0.8013197,8.127256,10.428659,9.750812,7.1842303,9.897504,3.4607089,3.3768387,5.9647017,4.80239,3.2925315,39
6014a0748f8915d8de74c36a,1.4823254,4.4828324,9.414249,4.4296317,0.8636242,9.213341,10.853384,8.697381,7.236308,8.813083,2.2049415,3.2768636,6.187182,4.9144654,3.5344546,56
64ef1acfc71ad31a2ecf052e,1.0765696,4.0891485,9.40111,4.612715,1.432394,8.529999,10.72629,8.872543,6.67234,9.255686,3.0829453,3.7383013,5.0879536,4.2945,3.236534,50
6e7d35614172cd7f4b0c4e4d,0.6191623,3.4646096,9.714927,5.399119,1.3931407,8.404784,10.093012,9.548936,6.72021,8.748605,4.0550365,3.3713264,5.019566,4.009309,3.050755,16
70532cb702ea371f74bbbf1d,0.9882607,3.7359056,9.386103,4.721434,0.15187414,8.023283,9.779083,10.304402,6.48079,9.8994255,3.1590908,3.1477644,5.6855645,4.807755,3.5565135,38
78efcfe9aad0e7395c910821,0.92198026,4.3660774,9.647401,4.915573,0.7948019,9.1216545,10.148115,9.028779,6.8034687,9.357387,3.0309706,3.3048759,5.6450534,4.216205,3.1223927,46
7c88415e50368b91acdcdef2,1.3851875,4.2009854,8.933428,3.8122637,0.56989473,8.127963,10.757963,9.742996,6.472732,9.720147,2.851601,3.01953,5.7802486,4.3418403,3.5757573,18
834f95506aae0b7c5378b220,0.5881954,3.486023,9.679945,5.389102,1.3660941,8.4302025,10.1207285,9.518186,6.72107,8.736361,4.0333467,3.3741915,5.039251,4.0042605,3.0391138,16
844c87730ed7d2be94b7bb53,1.4194338,3.9582841,10.118383,3.5752065,1.2380638,8.051424,9.418032,9.874037,5.37551,9.132987,2.9291136,2.1065829,5.850558,4.386119,4.4128246,28
8d71c493b3ed338f5750a0bf,1.3398715,4.439826,9.372574,4.977971,0.32211736,8.330796,9.988489,9.977416,7.1800623,10.317201,2.9017072,3.4662182,5.94423,4.7606406,3.3512325,48
8e62d9cde08f55e0c7a9ce51,1.3328115,4.0833025,9.738108,3.842528,1.100025,8.344149,9.717498,9.844158,6.020989,9.238596,2.978904,2.676604,5.9364424,4.4231725,3.9269898,30
90cd60d8b88ba1d04fe8e05b,1.5326011,3.777394,9.280298,3.8952627,0.4025236,8.219422,9.688221,10.435302,6.0531197,9.785859,3.0585186,3.1296754,5.731571,4.9447503,3.5676465,27
9f89cd95ec5c3ae45f7cd575,1.1250712,4.5157905,9.600264,4.5058947,0.8996573,8.538789,10.253592,9.595289,6.8357744,9.87304,3.200374,3.7040231,5.5386977,4.621681,3.0854797,-1
a1554f5d8e4ea5237332e2bd,1.1107152,3.6268337,9.547892,4.3952336,1.4118999,8.4162445,10.0660925,9.739666,6.6090755,9.162027,3.8977742,3.5317903,5.244809,4.8335104,3.192091,-1
a5f04753f54863017ed2213a,2.6229086,6.333594,8.683024,2.9166484,0.9846714,9.919475,13.169794,8.644078,8.628759,7.941379,1.359403,3.5200713,7.248915,3.9446287,3.8085814,-1
a6e5899575f46bd5ec658d3a,1.3360099,4.3094106,9.647692,4.4770346,1.487879,8.847574,10.320482,9.313222,7.01104,8.921399,2.9855056,3.4785864,6.308818,4.4989567,3.3443358,-1
aa4c3a710627c0ca0958fb52,0.7371258,4.1244717,9.802085,4.7673554,0.41701022,8.385761,9.709435,9.805518,6.7321553,9.658785,3.3482847,3.0594447,5.2449083,4.8510294,3.5349162,13
ab81371899fb88f5c70847c6,1.5362618,3.9136498,8.90657,3.2677383,1.4439977,9.230374,10.610658,9.718175,6.9310665,9.28442,3.662901,3.5156615,6.942098,5.124238,3.14733,7
abbe82919ee2d9cce969dd96,0.9763731,3.8884242,9.498697,4.92612,0.60894984,8.282584,9.978238,9.768518,6.852759,9.286477,3.0262387,3.046953,5.575171,4.7144923,3.6846778,13
aee26902208addf93aeda779,1.1211473,4.1137447,9.184195,4.118797,0.2548488,8.6689415,10.618915,9.684518,6.2732415,10.040296,3.3058753,3.0072458,5.919095,4.1078806,3.0854485,11
b5e7e8355365b2992ac2eca7,1.5101728,3.780807,9.430831,4.8461967,0.88686323,8.945692,10.680715,8.835528,6.9324574,9.215477,2.9313397,3.50606,5.480313,4.78191,3.292693,55
baa3eb3f1c6ca3c5c5f1f713,1.4515089,4.033313,9.658209,3.760771,1.0361581,8.327735,9.734853,9.940829,5.960708,9.393226,3.0561914,2.8418121,5.771768,4.3964715,3.7970679,30
bd9a605870841a951e980a9f,1.478648,4.485555,9.41149,4.423415,0.8622477,9.212766,10.866651,8.687044,7.240453,8.803758,2.1971195,3.2711449,6.191064,4.918559,3.5382123,56
c0d18374fd93e828b4fe63c5,0.0022414501,3.7110047,10.229804,6.0148497,1.8213495,8.498562,8.989104,9.445529,6.9342012,7.9626875,4.1216297,2.6922884,5.4087563,3.9382296,3.4770484,4
c1147d6ddfc595bec636ac31,1.1068583,4.389243,9.331949,4.823925,0.4117184,8.168456,10.439313,9.874279,7.327417,10.137006,3.0806053,3.519451,5.948148,4.808752,3.2900634,-1
c398e2936969acced752eb9e,1.3237674,4.45994,9.393753,4.9793005,0.34586924,8.364964,9.996825,9.936288,7.1748753,10.285506,2.8953235,3.465843,5.937554,4.7383513,3.3429022,48
c4f16cfc0c98e1125498743c,1.1638252,4.340124,9.874223,3.9368758,1.3022467,8.398861,10.651033,9.151284,6.67334,9.00556,3.0073502,3.2973626,5.8390117,4.7984138,3.4676752,19
c5d778ab946582e270986bfa,0.014568773,3.7139196,10.220654,6.0015397,1.8143487,8.503271,9.00248,9.447856,6.935845,7.97636,4.1084385,2.704587,5.4160094,3.9435017,3.4732125,4
c96ba2b3e7af6954268ca038,1.0630345,4.248434,10.017159,3.8265748,1.0968721,8.176639,10.472525,9.359269,6.2882175,9.130846,2.995284,3.3691306,5.5197787,4.9826627,3.4230068,19
c9a14c6b1ee0720051f89561,1.4716862,4.064013,9.582156,3.6866853,1.0190002,8.302881,9.897449,9.892967,6.004847,9.422318,3.0607386,2.819062,5.7795415,4.415462,3.78602,30
cb33bb5d82e3e2c1c3c84cbc,0.7921928,4.538211,9.355128,4.503489,0.73280346,8.262216,10.247914,9.640396,6.4250183,9.725798,3.0456326,3.0062747,5.7390065,3.8116746,3.2897348,-1
cbd91d3c41590cbc4f333a6d,1.1628871,4.4316163,9.852074,4.148697,1.0472372,8.295093,10.001617,9.5413685,6.350189,9.371576,2.8554149,3.1269515,5.769924,4.4473267,3.5699975,-1
cc8a29e69e63b439546cf739,1.431751,4.3155556,9.346301,4.999403,0.4722076,8.2103815,10.2539,9.839233,7.3116183,10.139883,3.0143054,3.5155678,5.7585735,4.837611,3.3418767,48
ccf45d678e4ca220580c7d5f,0.9969608,3.9875774,9.881296,4.123226,1.1190134,8.280719,10.335585,9.391603,6.254834,9.177961,3.2411547,3.5805838,5.252859,4.963971,3.2117357,19
cd8ddc79e1025e8e14d5286f,1.393014,4.0563173,9.735413,3.8108766,1.0866556,8.201015,9.705396,9.895778,5.944282,9.32243,2.9870045,2.6789544,5.7992334,4.360549,3.9633772,30
d1fd72d88891309f73d638df,1.488499,3.8783088,9.133382,3.5396872,1.132627,9.080058,10.119416,9.834864,6.3767743,9.399028,3.4297953,3.347583,6.116715,4.9131136,3.286879,8
d5c77b405d2a1e448c6488e5,1.4317428,4.2983503,9.348582,5.002067,0.4685353,8.190367,10.263972,9.847779,7.321938,10.125044,3.0031025,3.5101554,5.77185,4.8536515,3.3609037,48
e2627565013e096a7219c189,0.25179487,3.6734426,10.0696,5.741985,1.7370294,8.458662,9.225011,9.513672,6.884756,8.197031,4.0456057,2.8394382,5.369478,4.0348268,3.4323206,4
e2c99d009f89e94853ee68ec,0.0027464605,3.7105105,10.227311,6.0140543,1.8211839,8.502218,8.990864,9.445235,6.937954,7.963723,4.1184196,2.6947885,5.410777,3.9406965,3.4748201,4
e2dc5d95b101ebfaaee02bde,1.1719315,4.1122885,9.389748,4.1695156,1.1663066,8.39522,10.781386,9.282925,7.1221323,9.336515,3.3228748,3.305926,6.064972,4.8352714,3.4043925,-1
e83d54641bb5ae232014ede3,1.1970952,4.1948028,9.793058,4.170488,0.9110686,8.327207,9.884543,9.62668,6.256957,9.443928,2.9283729,2.89934,5.7336235,4.4000554,3.7796502,-1
ed56e9cd3bd1af7231c48eb8,1.1770723,4.3965573,9.888997,4.089318,0.9495643,8.317651,10.019867,9.547707,6.321618,9.455212,2.8529394,3.1153193,5.749319,4.476706,3.6454148,-1
f874414a70b6d37dc85bddde,0.9860275,4.0914145,10.012419,3.9524894,1.1309837,8.216145,10.301797,9.4139595,6.207972,9.125523,3.177257,3.458176,5.3711743,5.0400887,3.309963,19
fade1a79494c620fe56d8f60,1.2975214,4.2620473,9.331885,4.8218317,0.36922544,8.160125,10.075666,10.032156,7.083118,10.237251,3.0971131,3.4452004,5.8379545,4.8134704,3.3456979,48
fbd09c2b1708ae952a4b7ae9,1.9611441,4.2843966,8.974638,3.1968758,0.8191873,8.536162,10.809571,9.762351,6.2910023,9.740309,2.9911914,3.0984368,5.8327217,4.4912696,3.459076,23
fdfe7923ce76e8aa20a559d0,1.1257217,4.4004717,9.3106985,4.7983966,0.40088606,8.188082,10.416972,9.897254,7.301072,10.16447,3.08019,3.508879,5.968504,4.792065,3.2827353,-1
00aef918e51b5d3f93d93916,0.88829005,4.367357,9.288736,3.9848487,0.74045306,7.9976845,11.460515,9.054119,6.837197,9.065382,2.6809955,3.0453866,5.5265985,4.548516,3.6226816,-1
0243aae57d53fe295df73970,1.3873193,3.9028506,9.413696,3.4746253,1.1501676,8.514863,10.917263,9.40766,6.4365964,9.427985,3.7486567,3.5622811,5.3405585,5.024392,3.0480213,21
0a4e3333e4e92990004211b2,1.2170594,4.194664,9.141032,4.1204543,0.70578,8.47505,10.323469,9.676467,6.447761,8.905684,2.4163134,2.758839,5.941803,4.3563066,3.7870407,24
17a421712daa51b1858228ff,1.128399,3.9434392,9.259925,4.46381,0.89041144,8.205083,11.503477,8.768886,7.18454,9.190281,2.9618921,3.3791676,5.428096,4.781601,3.4265735,52
1bcc3362cc9b1c68263b03ef,1.153471,4.2828774,9.208663,4.1759243,0.64143986,8.464531,10.292956,9.655966,6.4822235,8.959971,2.375374,2.7236536,5.9656334,4.3466277,3.8045256,24
1e0a5f993bdf59718abd1139,1.759136,3.357789,9.536307,4.1311216,1.5903215,8.342956,10.178083,9.733095,7.1004233,9.123223,4.0215964,3.5937755,6.049069,5.4477262,3.2709618,40
200a39a90da96276463b1e9b,0.88476646,4.5875196,9.452396,5.0328074,0.499848,8.613052,10.367641,9.401068,7.3445783,9.519498,2.4266214,3.3825247,5.9404936,4.6771054,3.5127063,41
23099d58faac01c104d747a3,1.132824,4.101113,9.250473,4.323492,0.70835894,8.076844,11.547386,8.90499,7.121473,9.303398,2.8575063,3.2869613,5.4449944,4.745554,3.4875228,52
237d491a61abb2bbd1948b49,0.9238588,4.2356625,9.28698,4.1087503,0.8714839,7.9751997,11.257735,9.085191,6.7941666,9.051334,2.753439,3.050102,5.462054,4.5101843,3.643087,-1
2732712cfe2b822e6bb11435,0.90574884,4.305659,9.291848,4.06623,0.85274935,7.9972415,11.184378,9.147123,6.7661266,9.130865,2.7726767,3.0302992,5.5364056,4.4565983,3.624018,-1
2bbe399795703b1a9f2ea4ad,1.1636722,3.9547548,9.279023,4.445715,0.883121,8.2162285,11.535942,8.71658,7.167827,9.196893,2.948924,3.3720155,5.382691,4.7939444,3.4224613,52
30b0ddd6819e763ee0916849,0.824285,4.056538,9.418585,3.8906267,1.0372791,7.7416434,11.497051,8.998448,6.766173,8.64931,2.9870458,2.9777217,5.153196,4.8227954,3.6752257,-1
354c12e23b8cd4f082eec9ed,1.3697642,4.7962246,9.344537,5.022834,0.19915259,8.667441,9.777365,9.8693,7.111221,10.379505,2.7745016,3.339519,5.7294574,4.5859537,3.255341,49
399c3628c13323ad377e1a60,1.427951,3.8611445,9.419288,3.4442372,1.1652955,8.509651,10.855023,9.459871,6.3873982,9.407903,3.7717898,3.537944,5.3429093,5.0405912,3.0697641,21
41775c4ad203ee21d7c7b551,0.83431095,4.007934,9.453541,3.9165726,1.0843258,7.7563477,11.443632,9.035484,6.7609606,8.608261,3.0487018,2.9877863,5.110078,4.822188,3.665797,-1
43c8f7b4960bb7545d1e0c1a,1.375617,3.3188524,9.687814,3.6557815,1.3230903,8.0307,10.349755,9.899824,6.204094,9.080631,4.0799804,3.649411,5.1548085,5.6016307,3.0799026,22
44a8a1f49f0fe3a5e7c3afe9,1.8369136,4.1948037,9.166473,4.1843133,1.0685667,9.952029,9.565173,9.7155075,6.513685,9.43389,3.0849037,3.754057,5.4606023,4.9650226,3.033215,10
44c816fa4ba399a2b01a67dd,1.8523755,4.172644,9.162245,4.1582904,1.0884366,9.947142,9.58131,9.711298,6.514427,9.409789,3.094423,3.7526922,5.4727216,4.9768186,3.041172,10
4c4d83e6ab5e6d4a69eb5d77,1.1367553,4.0872507,9.133476,4.024994,0.2369396,8.75197,10.74266,9.602925,6.216031,10.058076,3.3379908,3.0000863,5.9162683,4.0772204,3.0254421,11
5566c733b6d369fd4dd0c66f,1.3633897,4.002107,9.853181,3.7906265,1.1445,8.217295,9.64638,9.843853,5.838844,9.166057,2.959483,2.5159986,5.8492646,4.432011,4.079956,30
61ff03138a414aa86d700f29,0.6580934,3.5191517,9.657056,5.2574983,1.3902835,8.476032,10.206084,9.487997,6.7538776,8.715663,3.9860857,3.415108,5.1231008,4.1226845,3.0266545,16
6cab8a9f7bb328e4abb8ec8c,0.827995,4.060624,9.417564,3.8919191,1.0351866,7.74634,11.501042,8.9955845,6.7710094,8.654724,2.9829845,2.9824426,5.1585903,4.8222466,3.6729364,-1
72d6e9c721e3bf686a940bcd,1.736668,4.350026,9.045455,3.2910802,0.6306256,8.477651,10.9828,9.641372,6.3147397,9.750865,2.9323776,3.0828536,5.788785,4.454301,3.419133,23
72e3ae1bd7ac72adcc96af69,0.91170454,4.183979,9.329774,4.4774365,0.66422695,8.489727,10.5776005,9.760019,7.0797343,9.796847,3.408375,3.6275358,5.927052,4.8122287,3.0653067,17
7579a4256e9184a62784fbee,1.0201081,4.461382,9.208736,4.09289,0.72771466,8.009523,11.754981,8.837524,7.204936,8.939813,2.3579383,3.0643258,5.6814528,4.7028813,3.7746933,53
761061cc177795858d4f2809,1.8445177,4.1871457,9.170729,4.1746917,1.076223,9.941173,9.575145,9.713491,6.528163,9.423922,3.0820706,3.7554154,5.477141,4.9607816,3.0398843,10
77b7bd9e6ee1142296942650,0.93813443,4.188783,9.284008,4.130512,0.8983722,7.956845,11.264084,9.062415,6.7934523,9.028124,2.767835,3.0637658,5.41778,4.5259366,3.6470032,-1
7a11601ca4c6f9baa6a8e859,1.0042592,3.7000906,9.232126,4.5786805,-0.035548016,8.009596,9.880948,10.415903,6.3511696,10.067823,3.13604,3.0940273,5.843121,4.692004,3.4808767,38
7b6eb96fd5317287539a7d3e,1.0041823,4.131162,9.435631,4.458462,1.1654835,8.508863,10.68661,9.516245,7.181875,9.320831,3.5269375,3.4499428,6.2651777,4.482149,3.145875,-1
7f20913f2a10d22efd0ef722,1.0086783,4.004619,9.942403,3.9419646,1.5493655,7.9663644,10.628485,9.221709,6.9515924,8.812247,3.601332,3.1554668,5.7106495,5.219803,3.5636244,6
834aed80dc7459bd211eb46c,1.3231164,4.2546234,9.073652,3.9602458,0.8509225,8.240084,11.558931,9.065107,7.2140393,9.217154,2.7319221,3.2395933,5.8790364,4.7930684,3.5829647,-1
8bef5838f8eb25646804d2ff,1.2644601,3.4520729,9.6110935,3.7605813,1.0759838,8.136778,10.605873,9.700284,6.3124485,9.614644,4.1905775,3.6584969,5.0050735,5.33116,2.9429796,22
937d48b1039f95defe9581e9,1.3350712,3.8321638,9.621432,4.6248074,1.0760311,8.09616,10.422297,9.453243,6.872175,9.212563,3.2220566,3.0343285,5.7171183,4.568336,3.6682143,-1
96deaa01385235fe40e25781,0.7998341,3.9047732,9.496602,3.7664745,1.1596818,7.680643,11.465194,9.01219,6.6834908,8.549247,3.2597795,3.0026066,5.027122,4.9957085,3.609134,-1
9a750eb5d0e6287763e9f676,0.8805091,4.3420568,9.292226,4.0115037,0.7600956,7.979792,11.406602,9.073819,6.8218417,9.067634,2.7025542,3.0392323,5.5048046,4.53809,3.632266,-1
9b97eee6cd90c9e001fa3b96,1.1292405,4.1015263,9.247574,4.3218822,0.70564437,8.076567,11.553377,8.902086,7.120183,9.30225,2.8556032,3.2874472,5.4420037,4.743755,3.4864535,52
a05e31e24d85e7843273ad8a,1.877244,4.1417203,9.137911,4.1217165,1.1174765,9.951897,9.609532,9.717682,6.522422,9.37795,3.122132,3.753732,5.495972,5.001804,3.0300188,10
a3b26ebdb4c3e83a47566436,1.8494035,4.9155927,8.782639,3.7437694,0.48234174,9.018009,10.227034,9.937924,6.9164453,9.667462,2.0280573,2.8617735,6.7944527,4.6585155,3.7146494,3
a7745f0a38695d95b6a2c078,1.1462736,4.058573,9.254944,4.35245,0.7555696,8.094074,11.53555,8.873544,7.1300316,9.280336,2.8873158,3.3067403,5.4205256,4.7622724,3.4758127,52
a7c3f2d76af4c91368e397a3,0.8212331,4.4231024,9.343228,4.020659,0.29522204,8.535918,11.430154,9.058118,6.625269,9.519345,2.903525,3.2331424,5.637513,4.3530188,3.11813,25
aadab5ebc81245e27acfdef6,0.7803554,4.4370694,9.417071,3.9363961,0.27952248,8.528746,11.265487,9.214159,6.5082803,9.631062,3.0258715,3.2379518,5.673453,4.390428,3.0716214,25
b0e81862b9927c165dc1a1a0,1.2020649,4.196723,9.433461,4.731359,0.5000437,8.20216,10.030203,9.9905405,6.963218,10.010475,3.1701155,3.4232607,5.7816205,4.805974,3.3570452,-1
b4818f3b3b0300b8e00ac6cb,1.1178415,4.092228,9.277383,4.1820064,1.2034461,8.663703,10.955188,9.180952,7.2615986,9.206629,3.3201995,3.3950882,6.350692,4.7558885,3.2982023,-1
b7efdef1a9ceb780ced8a463,1.1597793,3.9670768,9.271355,4.426126,0.8797751,8.208736,11.4946,8.781781,7.1717978,9.197792,2.9528236,3.366529,5.4346347,4.774514,3.430313,52
b98de901ebdab7c697a8532c,1.1667346,4.0916996,9.251822,4.1027308,1.2183113,8.617319,11.031271,9.149626,7.2416267,9.213689,3.308098,3.3974516,6.2680798,4.803565,3.3117402,-1
bb3cf09de12e2b5412d42b3c,0.88397336,4.557606,9.715198,4.376552,1.1102659,9.05274,9.958938,9.214531,6.7388253,8.82233,2.6776826,2.8569193,6.2415857,4.461852,3.67206,-1
bd460f5fbe5db253feaa2fa8,1.0602485,4.2325454,9.139967,4.00959,0.80821353,8.275946,10.261727,9.785737,6.371083,8.847427,2.4309688,2.541298,6.2111907,4.221019,3.937619,24
bd5acf8b06ce5f1e8e141b1f,1.2533449,3.797258,9.740649,4.6466913,1.7248985,8.395995,10.337732,9.199305,7.68504,9.118192,4.1713357,3.5214899,6.202352,5.4864583,3.135958,6
bded0a5e0d231c151608fcde,0.8225952,4.0572476,9.419324,3.8908231,1.0377574,7.7393346,11.499292,8.997949,6.7661633,8.644843,2.9840407,2.9754214,5.150477,4.820709,3.6776817,-1
bdf3d558cb9ced03d962bfcd,2.1788492,3.5185242,9.154319,4.9856687,1.7031046,9.460897,10.811807,8.188858,7.5822997,7.4307942,1.5459341,2.5940034,6.8411098,5.035747,4.6417494,2
be0a642a2d698d11259eaaa1,1.1727067,3.9617467,9.272179,4.4238305,0.86897117,8.205112,11.501513,8.749837,7.155502,9.206352,2.956311,3.3538487,5.392814,4.790004,3.4239094,52
c1c9d41ecc8a2920088e362f,1.3895358,4.4664345,9.409143,4.3554344,0.9198058,9.113638,10.914698,8.728751,7.216828,8.783065,2.2976658,3.2404475,6.2109227,4.9040923,3.5344346,56
cbf3a91466296dee1927046f,2.1794877,3.519101,9.150661,4.9855733,1.7061998,9.460939,10.811082,8.186861,7.582906,7.424076,1.5406032,2.594064,6.8416686,5.0342774,4.646528,2
cc1d2ce0a509e7c261cffec2,1.2849426,4.1754313,9.538315,4.272754,1.4159127,8.664169,11.201891,8.578292,7.119981,9.036567,3.1793344,3.5154486,5.6735625,4.7620435,3.2136483,54
d8160928be13f0eec4f8fc1a,0.95225793,4.2588143,9.38746,4.417897,1.0796555,8.498642,10.899472,9.316029,7.2457843,9.249793,3.2392025,3.366534,6.2576923,4.5009503,3.2739205,-1
d9974f5414b25edf39cbfd78,1.0085224,4.471193,9.448417,4.0443254,1.1836303,8.917452,9.974358,9.570362,6.718952,8.836033,2.7110686,2.77064,6.7321067,4.429953,3.7515945,26
e3ed3d586a4e142127be9ef6,0.910703,4.284642,9.289696,4.0845113,0.87402433,7.986291,11.189289,9.130669,6.7661347,9.116022,2.7725337,3.0383875,5.5127134,4.461308,3.6288564,-1
e65055a75d7fb4c605b3bfd8,1.1008173,4.386111,9.216092,4.237985,0.76871514,8.152283,11.574064,8.886253,7.304082,9.063205,2.4468482,3.1672413,5.760775,4.749786,3.700826,53
e698e78c0087ffb28f5389d2,1.29604,4.1981816,9.5438,4.3333287,1.4286779,8.683332,11.228882,8.515012,7.1500683,9.015742,3.1163244,3.5324583,5.661662,4.7399035,3.2181299,54
ebb3111d7005720a63d4ea80,0.801203,3.9163444,9.4901905,3.774316,1.148379,7.6788664,11.469566,9.014897,6.687019,8.553628,3.244362,2.9976544,5.0339317,4.9826403,3.6182578,-1
f944d464a8950fb0f547e994,1.8592618,4.9279003,8.771205,3.7407513,0.46195254,9.029382,10.2108555,9.956361,6.924616,9.684292,2.0145152,2.8640506,6.8047647,4.675033,3.7066317,3
f9ea9f70fa40b3d592b8c248,0.9109657,4.228955,9.261815,4.0049825,0.893271,7.901733,11.246059,9.133747,6.708091,8.934229,2.6961884,2.9351656,5.4788847,4.477437,3.7310927,-1
fc5447871be0319b1ae6bf2e,1.2589711,4.2622952,9.872464,4.8052354,1.3879312,8.70895,10.177414,9.2042885,7.037832,9.161577,3.3585896,3.2487936,6.115116,4.1710067,3.2740707,44
fdfda0a415c80565693f2e3c,1.2536403,3.806101,9.736759,4.6457353,1.7203147,8.40726,10.345113,9.186115,7.6864114,9.125502,4.1552887,3.5353556,6.218407,5.473615,3.1273801,6
fe6203f49141c48d619f4997,1.1696752,3.9779773,9.281739,4.4317665,0.8802131,8.211472,11.50235,8.754603,7.169107,9.208101,2.9419754,3.3656332,5.4112945,4.795115,3.4320211,52
fe755852d1773a9f21da86dd,1.1382542,4.070572,9.255597,4.3584857,0.77307534,8.079094,11.523008,8.8854065,7.153792,9.263843,2.8649156,3.3019464,5.4405437,4.769729,3.503621,52
5f29e2cc5736843553002b9f,7.398999,4.378543,10.645143,3.8292754,1.9217012,8.836622,10.48889,10.304005,6.225938,5.466528,1.6103948,3.0525243,4.8005958,5.3043866,2.9753056,0
06f21de5e9fbb69a455363bd,1.2811947,3.94433,8.859691,3.2265825,1.6100856,9.54256,10.789662,9.567415,7.1402793,9.110911,3.695182,3.6893566,7.3895106,5.2433224,2.96989,7
0a942004fd2d6d6dc09d0dcd,1.1652045,3.4431098,9.642413,3.7444086,1.1830678,8.120054,10.711285,9.535754,6.359852,9.379642,4.134178,3.6196306,4.9079075,5.3875237,3.0253766,22
0e9403796fc475a102487770,2.0306506,4.160287,9.34132,4.153689,1.3664833,9.036869,10.253872,9.604047,6.6691165,9.20916,3.1854062,3.6676555,5.5258727,4.5432734,3.1104834,9
104192405d59e5a4cc9ee909,0.82829714,4.4414463,9.395164,4.455451,0.7229004,8.415571,10.303536,9.668057,6.4290724,9.811245,3.28347,3.122734,5.79465,3.8519087,3.120103,-1
1202c21106ffd7e5cbfde332,1.013184,3.545099,9.865594,3.9614902,1.1793845,8.133824,10.313345,9.566376,6.1049585,9.115728,3.746334,3.6559558,5.022014,5.3301663,3.0731394,22
14a9f1f01b253671712dbd23,1.4868306,3.6127696,9.474039,3.6202784,0.99934727,8.253487,10.301835,9.954745,6.1672544,9.457691,3.690066,3.392858,5.4775233,5.127359,3.2558594,-1
1ba24a198dc6239bdfdaa412,1.450364,3.7326386,9.142113,3.508192,1.1429662,9.018328,10.232516,9.805283,6.395362,9.422614,3.6428313,3.4535778,5.9680467,5.0947237,3.1784177,8
1d64b0e6eadc91383415f4bb,1.0393993,3.6755059,9.224909,4.504775,-0.011242661,8.0418415,9.828385,10.455202,6.3084846,10.07771,3.1678917,3.1230373,5.8273535,4.772781,3.47397,38
1ea85cc77f10b7cbdac50cf6,1.8617663,4.933455,8.772557,3.7399423,0.46032518,9.034245,10.210348,9.954375,6.93153,9.690198,2.0147383,2.870615,6.814279,4.68233,3.7008324,3
20d1fe7b858ad0e0a43aee77,1.9388297,4.1087003,9.253443,3.5699072,1.2391093,8.315624,11.458706,9.271496,6.7226405,8.935855,3.1494308,3.6500678,5.168009,5.05103,3.1810024,-1
27d3363ac6a6a3045255bcc2,1.2025427,4.001223,9.325448,3.495026,0.895354,8.199195,11.01573,9.600941,6.6702228,9.8096,3.7158408,3.4338398,5.6736803,5.0510387,3.1559913,22
2c9d39b43c5f13412e6197e6,1.0692647,3.713167,9.816104,4.041537,0.8437163,8.200966,10.117596,9.877835,6.158617,9.913403,4.0068846,3.6928594,5.0361867,5.15883,2.9209495,-1
2d452a79f05388208c5250db,1.2585899,3.9093711,8.872482,3.3524501,1.3581892,9.282779,10.7609215,9.671501,7.069751,9.439333,3.783452,3.6916199,7.009992,5.200531,2.970508,7
2ff0f228c01c82c504e86338,1.4196693,3.6359534,9.296524,4.4609175,1.0136926,8.621277,10.493018,9.575721,7.158948,9.45076,3.5943475,3.5500991,6.016922,5.086358,3.2418153,-1
3924b7d37d47d3dae56e6cfb,2.1636636,3.5350592,9.163742,4.9686346,1.6895479,9.448094,10.795946,8.206548,7.5668883,7.4467826,1.5605487,2.6021314,6.8466377,5.0335617,4.6269464,2
3d039e7570548246d3ca5b77,1.0997313,4.1595836,9.2879715,4.430438,0.55032426,8.314106,11.291576,9.126873,7.116471,9.3816185,2.8944194,3.3389776,5.609476,4.7562623,3.3534706,-1
3e1097c085b8e8cde080a0d3,0.81805265,4.4462833,9.399197,4.4742203,0.7122126,8.434552,10.291755,9.663704,6.430571,9.81212,3.276231,3.1194987,5.806698,3.8350413,3.116388,-1
3fa76a835be6342b5cae5a79,1.4420389,3.4358678,9.590312,3.4697897,1.3941022,8.097549,10.438794,9.893387,6.267275,8.859364,3.902975,3.4763508,5.456635,5.564829,3.2252674,22
4015e0d74541dfafcf5c4c6e,2.1792989,3.5179298,9.155401,4.9862986,1.7021917,9.460448,10.812743,8.188183,7.5827947,7.431238,1.5459019,2.593752,6.840633,5.0363545,4.641573,2
41535b93f500d7ab1bbae830,1.4893558,4.523966,9.376594,4.311835,0.97457135,9.292092,10.94993,8.647622,7.3053293,8.61876,2.1546414,3.1820216,6.362678,4.968978,3.6037693,56
50276ebda38f2afda21e2ac2,1.1517553,3.5204787,9.803947,4.02028,0.9679188,8.093579,10.198182,9.827684,6.2202573,9.690057,4.066146,3.661534,4.958599,5.3035707,3.009634,22
58258ed577e9905d150c1f32,2.1808238,3.5177383,9.1523905,4.988613,1.7054873,9.462461,10.811655,8.184353,7.5847473,7.42457,1.5391914,2.5939484,6.8403716,5.0370154,4.647472,2
58ca7ef4cadfbeecb3384178,2.1299772,3.5710318,9.17948,4.9389143,1.6587127,9.420393,10.77658,8.230097,7.5386596,7.474962,1.5865304,2.6402676,6.805389,5.0313554,4.5956516,2
5acb3c22da4f68a4230fa91b,1.3546722,3.9877968,9.129355,4.5609174,0.17947884,7.998367,10.066712,10.288791,6.784266,10.292462,3.1212382,3.2649605,5.9037156,4.814254,3.4564993,47
5baf40719ba66f7d1b0d8fbc,1.305378,3.5026805,9.551034,4.962839,1.5700856,7.9726324,9.572908,9.988806,6.5733495,8.853109,3.7608664,3.0776558,5.068752,4.1178613,3.6471925,15
60aa76da4e98af0686b0a0b2,1.5053374,4.619706,9.833474,5.0592117,1.0472499,8.774996,9.983064,9.454447,7.216573,9.642138,2.574314,3.3685222,6.5316834,4.4026623,3.5338402,37
63e21dd3c781f30202cbefc3,1.1209338,4.118447,9.288821,4.4342775,0.56901914,8.305877,11.332899,9.05416,7.1042104,9.375318,2.8996212,3.3461494,5.547824,4.767327,3.3557718,-1
64aa5d783057ebcf1a96a93f,1.4364481,4.5724373,9.387366,3.9173021,1.1766322,8.575051,10.990199,9.064197,7.125113,9.072669,2.564875,2.9850352,6.444376,4.58426,3.7274797,12
65eb99e9ef5bd9de540279b1,1.2767612,3.916344,8.804393,3.177918,1.6272452,9.594623,10.857983,9.536378,7.1817083,9.146979,3.745111,3.728949,7.4043293,5.270512,2.9343898,7
6d220f65ff9ff221982af667,1.2921013,4.099253,9.5969715,4.5046434,1.042364,8.615413,10.754632,8.981634,6.720877,9.530373,3.3256135,3.5716577,5.4487395,4.4332504,3.012454,51
6d6051924972b232d0ab97a4,1.0172275,3.6876144,9.1722145,4.5681176,-0.09936026,8.038882,9.919289,10.409431,6.3114195,10.099649,3.094378,3.0632112,5.838558,4.650801,3.478061,38
7529d684fee8bba9bb660ee5,1.91318,4.375745,8.898452,3.1489213,0.8124548,8.500173,10.89497,9.743578,6.39821,9.774495,2.9405727,3.0620162,5.9892836,4.4821806,3.4829698,23
79580a6f376cf41f613da9af,1.4347801,3.4005632,9.60782,3.483743,1.3943529,8.068234,10.435992,9.905005,6.252753,8.886125,3.9401171,3.5074997,5.4200573,5.5956593,3.197683,22
7db64dcbf1ea49764e391b6e,1.1708179,3.5800788,9.657568,4.9632673,1.5617832,8.1883545,9.742822,9.75622,6.640024,8.809917,3.7652698,3.1890767,5.1341815,4.293527,3.493981,15
872f4df69bb0c66f90b299d0,2.0935752,4.0932136,9.276599,3.8662963,1.3176882,8.873927,10.321544,9.7315,6.6114707,9.287976,3.2604928,3.422839,5.884717,4.504995,3.2504833,9
883d9fc3614add84b643d567,0.48830816,3.8484795,9.605416,4.9134345,1.1374993,8.226536,10.641328,9.510942,6.8406997,9.183853,3.8252046,3.5801914,5.4255066,4.2197475,2.939173,35
88813c2601a61ec0b5646079,1.0629638,4.2608094,9.854683,4.7265,1.524439,8.710279,10.23043,9.185796,7.1883245,8.963526,3.5060525,3.1557097,6.345631,4.2531714,3.292426,44
8cd8bc0f407090ec3747d685,1.0163327,4.02054,9.167199,3.6567113,0.87019074,8.698438,10.711853,9.824247,6.823393,10.003335,3.8820274,3.7091262,6.2557397,5.0418262,2.8756971,17
8e08bfba6366dd8e818ecb32,2.1821365,3.5162473,9.150532,4.9883614,1.7080234,9.4648905,10.813309,8.185594,7.5850706,7.424739,1.5397816,2.5894103,6.847313,5.036395,4.647383,2
8f0ee40eeffbf99aa6e34a6b,1.7166649,4.028597,9.632334,4.3977647,1.491185,8.634408,10.264767,9.521553,7.0125537,9.168811,3.4994302,3.245134,6.3825307,4.3187523,3.3364124,43
8f1483fcba34445991b66d11,1.8533775,4.9277554,8.782594,3.7293391,0.48961273,9.04151,10.218782,9.938322,6.9349484,9.668483,2.0325427,2.8734977,6.8359356,4.682656,3.6994529,3
8f44ebaa6a6ba385489b816c,1.4344164,4.545532,9.399147,3.9965136,1.1169993,8.545221,10.951411,9.096497,7.118884,9.149281,2.5965247,2.9878821,6.3872166,4.5664845,3.7149165,12
96f9e5eee62039d61ebcaf8e,1.0128641,3.63896,9.413593,4.7965093,0.2610996,7.842489,10.046016,10.194506,6.6680737,9.825333,3.2483394,3.2295146,5.657488,4.8691936,3.5404296,-1
98502b3dabc998cc59d450cb,0.6492805,4.4901466,9.528784,4.4627986,0.6306357,8.62349,10.89264,9.140096,6.8277893,9.429024,3.0481718,3.328433,5.7673335,4.233418,3.1089966,35
99b8864af3bd0eb9136199be,1.5095899,4.496164,9.378332,4.3039165,0.9878171,9.294535,10.896321,8.682351,7.271944,8.612174,2.1637948,3.1689737,6.369666,4.9622574,3.6176367,56
9a86cc747ed2a0270e7c08d5,1.2962639,3.8024292,9.194045,4.354523,0.40037215,8.137767,9.818436,10.323605,6.3079395,9.69671,3.031159,3.016466,5.761528,4.594861,3.6116133,-1
9cdaf7602f07fd35135c8151,1.2413608,3.783015,9.415667,3.5266418,0.9384616,8.06781,10.900645,9.670863,6.5205383,9.80515,3.9097507,3.4956234,5.355447,5.205304,3.1121454,22
9de2b085bbfea8b0241760be,1.3415302,4.051926,9.628592,4.441161,1.2846526,8.515292,10.39463,9.559365,7.056879,9.339198,3.6402297,3.3621833,6.2114725,4.474813,3.204305,-1
a67f5e05ddd24d73dd51bbf1,0.9273002,4.130513,9.27801,4.3544645,0.7112979,8.524809,10.641134,9.752608,7.042575,9.792315,3.4706585,3.6422038,5.9744983,4.830584,3.044564,17
acd4ab544ae6a3dfc6556fa1,1.2064505,4.424572,9.166282,3.7685924,1.1871688,8.8323765,10.169069,9.737124,6.7718873,8.887099,2.6406367,2.805392,7.032121,4.4972157,3.7544167,29
b91f0092a2d055c292b3672e,1.5778568,4.0117555,9.355943,4.422086,1.242247,8.87758,10.296436,9.54593,7.216294,8.982414,2.9737394,3.4848552,6.5621524,4.8993363,3.4556375,-1
baba397ba23f427dde0b7d7f,1.5478852,3.8125656,9.550993,4.5953193,1.053393,7.670894,9.907545,10.266845,6.7847676,9.35634,3.241035,2.7188845,6.151656,4.2995505,4.01969,20
bd603415fc6fa81558347c52,1.3045448,3.506219,9.549211,4.96015,1.5615379,7.9820976,9.568965,9.992889,6.574012,8.8585,3.7582073,3.0777485,5.0810347,4.1187024,3.6430633,15
be5885d822f6d39f1927ef20,1.3031584,4.4949145,9.313143,3.7133858,1.357336,8.853838,10.5005455,9.409317,6.963215,8.751774,2.586622,2.870766,7.0067086,4.6506877,3.7874508,33
c0949f39edbf65abaec840dd,0.5831277,3.5497694,9.655542,5.395064,1.35385,8.51212,9.994174,9.525441,6.6999106,8.662678,3.9133735,3.2724283,5.101998,3.9845781,3.096624,16
c12da98c2ef36e24f2eccc7f,1.1566944,4.3065715,9.567297,4.1761746,1.0232892,8.500386,10.372647,9.602392,6.7018023,9.741272,3.355262,3.6729243,5.6159387,4.7825475,3.1082435,-1
c1a03bb3ce6fb32e91f81d8c,1.1779025,3.551374,9.675911,4.9250956,1.5671254,8.191875,9.773459,9.737058,6.6382165,8.801161,3.7987356,3.219496,5.0964756,4.369442,3.4705503,15
c25df4575837b0e9df876f53,1.4699324,3.8967361,9.132228,3.5219622,1.0837185,9.039858,10.199204,9.823688,6.3803506,9.453318,3.4414392,3.3513844,6.113278,4.901023,3.2639704,8
c47d2ecb2d588315afe87b59,1.4450996,3.9558215,9.254197,3.8020618,1.2103274,9.133431,10.138356,9.627822,6.463357,9.181014,3.2494385,3.4550884,5.760233,4.97988,3.2823575,8
cddc07746906edabb39a0d96,0.41309565,4.1059656,9.612138,4.9102964,1.1154884,8.282899,10.735237,9.467999,6.9770184,9.235871,3.6497285,3.576046,5.74114,4.052075,2.9419775,35
d193b03d95da05e815fc7089,0.8076778,3.8055024,9.685628,4.8699555,0.9881672,8.29624,10.198878,9.494795,6.7911196,9.301525,3.611711,3.4170873,5.2809906,4.7328386,3.1986864,13
d1ac24cdd0c2f66d723f42e7,1.8132784,3.9858813,9.554795,4.2167563,1.4470133,8.59824,10.264539,9.62813,6.8706985,9.232109,3.5105097,3.2383435,6.3001924,4.3481402,3.348156,43
d373f6206d4a9d9b043ce159,1.353759,4.459163,9.232806,3.751872,1.3299307,9.043998,10.189765,9.5848255,6.882207,8.594803,2.4436593,2.7697518,7.2463803,4.6086965,3.856663,34
d52a286d6c425bfa4831231b,1.6696538,3.8963363,9.638713,4.456607,1.4072285,8.383354,10.230685,9.594,6.9517083,9.121949,3.381791,3.0461087,6.2955585,4.374272,3.5893095,-1
d58577e746a74547246a42c9,1.2868392,3.6218805,9.491994,3.989365,0.37829566,8.042772,9.517384,10.509043,5.870767,9.822533,3.2187178,3.1175525,5.5855474,5.0019946,3.597293,27
df0bc685c0a4339a47c9dae8,1.1808718,4.6295805,9.961976,4.3168035,1.3693198,8.5838175,10.54367,9.039353,6.9892955,8.941223,2.727328,3.3102956,6.172644,4.5662813,3.492499,37
dfe787b79c370acae95e227e,1.7761537,3.9802608,9.598894,4.3558626,1.4860674,8.634163,10.302108,9.550136,7.0006084,9.163863,3.52847,3.2757766,6.386638,4.345736,3.3171375,43
e196266b49c32f9734a82ca7,1.2720155,3.3369017,9.704573,3.7693632,1.2007505,8.063813,10.502446,9.7390785,6.237527,9.444561,4.2312617,3.6917756,4.8819084,5.447808,2.9901555,22
e49fc50605bffb43ef9ec0ad,1.7700608,3.9841485,9.603318,4.3628726,1.4887108,8.637996,10.303315,9.544382,7.009041,9.162356,3.5310588,3.27786,6.394432,4.343411,3.3136325,43
e5880a5f2bf4da00c0b52949,1.5041794,4.540785,9.379916,4.321539,0.97755,9.346512,10.972791,8.588172,7.33367,8.578147,2.1222591,3.1681879,6.3749804,4.973847,3.6131687,56
e738ee221232b11b91657a5b,1.2094641,3.8974884,8.888618,3.365032,1.3104515,9.218686,10.78241,9.695998,7.063912,9.5226755,3.8435292,3.7247782,6.9535494,5.211529,2.9317875,7
e7ac9ac177bfe0ffa6c842ae,0.81069183,4.541654,9.350654,4.510148,0.7432325,8.258377,10.256908,9.618973,6.438133,9.725772,3.0282404,3.018518,5.7151766,3.8250375,3.2959356,-1
e7f9f090592298a2ed99e6f8,2.1191943,4.160687,9.243001,4.0151606,1.295175,9.121331,10.222935,9.657301,6.599249,9.251524,3.1293995,3.6155155,5.590435,4.576229,3.1571774,9
ee6839a30bd735c758b6ed5d,1.1785789,3.4484942,9.64435,3.7755303,1.157879,8.135296,10.663891,9.568366,6.3555284,9.434258,4.127716,3.6494484,4.935138,5.381194,3.0034862,22
f17f9a58250223ebd5248a60,1.3014295,3.5027323,9.553701,4.9644756,1.570996,7.9765987,9.574982,9.983856,6.5743823,8.8516245,3.763533,3.0799327,5.0668225,4.121972,3.6435351,15
f77617bd3f4ef0407dba9225,1.8528502,4.928574,8.783314,3.732237,0.48823276,9.040767,10.2152195,9.941679,6.935684,9.665892,2.0270321,2.8710103,6.836777,4.682739,3.7029393,3
f86f8de83dd1d81c92f344cf,1.2283778,3.8897638,8.834551,3.2051249,1.6713612,9.601152,10.851243,9.544721,7.197857,9.098475,3.7690768,3.76765,7.472442,5.308347,2.8918946,7
f94004d027403c791b5e5aaa,1.8708565,4.165365,9.199457,4.2000823,1.1198351,9.9134655,9.603722,9.679828,6.528232,9.380646,3.062133,3.773286,5.459182,4.948313,3.0739698,10
fc02cee12b23df9f74f82d3d,1.014904,4.464527,9.251785,3.985309,0.7433503,8.018255,11.758535,8.83999,7.09247,8.9365835,2.4198875,3.0669203,5.6247897,4.693226,3.718376,53
01d15a16f4a5b8161d44725e,1.4401883,3.7192774,9.454336,3.4725895,1.192282,8.473345,10.801531,9.481598,6.313383,9.3888235,3.875192,3.5930896,5.1597557,5.13766,3.0169177,21
01d514ffc7914d31ca0cb4e9,1.395803,3.2989144,9.677148,3.6386487,1.2913423,7.9965286,10.359544,9.927761,6.187812,9.153045,4.132492,3.6672685,5.08828,5.615115,3.0587764,22
1008fa7e4c106ae42e8df4e2,0.39714426,4.8806643,10.054971,4.92128,0.78834814,9.357936,9.73301,9.215915,6.8798337,9.474712,3.0445843,3.6528409,5.901146,4.341891,2.9710424,45
163d8e375ca4095866c2fc84,1.099334,4.474886,9.842538,4.1071663,0.9339872,8.627791,9.973314,9.536616,6.4568353,9.382562,2.891517,3.220415,5.969082,4.542417,3.501382,-1
23b5da4bb46c00c4573f7dd7,1.1291375,4.3313017,9.480971,5.079805,0.5127696,8.168241,10.229348,9.755176,7.347744,9.955828,3.0972269,3.4029763,5.7648354,4.765491,3.3615718,-1
3a6c98410182de27020e93e7,1.05548,4.447293,9.223742,4.1399817,0.74461824,8.073533,11.6769905,8.869006,7.242024,9.025973,2.410908,3.1261725,5.7184963,4.7166214,3.7185462,53
3b9e9354e9d7570e401cc1ab,0.73273486,4.332113,9.713002,4.5107274,0.6396392,8.27144,10.177629,9.545371,6.7774186,9.449752,3.0382125,3.0870693,5.656954,4.6167135,3.596367,-1
3f44ce66587250da69fd2082,1.4891523,4.5722466,9.369153,3.646421,1.4008224,9.020347,10.357963,9.48425,6.9604754,8.520584,2.284149,2.8756313,7.271794,4.893297,3.8877926,34
43c145fe8ca0dfa5103f2244,1.1659732,3.4793947,9.8005705,3.9850338,0.98137623,8.065486,10.233885,9.836039,6.20222,9.689836,4.0960197,3.6902125,4.936356,5.35569,2.987987,22
4cd648d808adc914e758344f,0.97125596,3.8263342,9.521455,4.645936,1.2023562,8.363218,10.2895355,9.39884,6.462867,9.13359,3.430471,3.268766,5.3028316,4.054089,3.3296366,-1
4e17cd273a7978df86bd6399,1.3983641,3.295741,9.680404,3.6492708,1.2875601,7.991976,10.36275,9.926686,6.185296,9.160776,4.1360693,3.6743221,5.0686336,5.6120067,3.0529084,22
6239d6eb830b729c16f0b596,1.0907491,4.1283655,9.826339,4.167759,1.2332492,8.510967,9.641381,9.709592,6.2472277,8.898136,3.0048728,2.6399739,6.012643,4.341611,3.9151208,-1
91ee61fa1251f87f390fb130,0.92717004,4.2474256,9.658118,4.04413,0.61008495,8.486353,10.120839,9.925058,6.2370415,10.413637,3.8126357,3.7263234,5.4021163,4.7468367,2.7789462,14
a2996a90ada29f76eb2190d4,1.0127759,3.637114,9.414545,4.796663,0.26120466,7.8382807,10.049825,10.193814,6.66949,9.82402,3.2500694,3.228877,5.6558876,4.870259,3.541086,-1
a3394d45daa16de01bc30850,1.422499,4.489363,9.400118,4.387744,0.88202655,9.158449,10.9260845,8.67051,7.2619557,8.774332,2.2117386,3.2432096,6.2138457,4.934043,3.54894,56
a892e5acd57707fcab408fb6,1.4886807,4.5524487,9.349213,3.5613313,1.3885667,8.931284,10.413184,9.504129,6.8963113,8.458915,2.2413738,2.8037424,7.2145762,4.9041386,3.9540584,34
b1b97961bbca5f97ac8c4e04,1.8664956,4.3052993,8.90016,3.2810369,0.69607943,8.448552,10.824426,9.812513,6.340145,9.820092,2.9414442,3.0600178,5.885375,4.462072,3.4914958,23
c278880530716302cd192ea2,1.5371684,3.823498,9.5232725,4.5834837,1.0116241,7.6788836,9.917732,10.274855,6.764307,9.4037485,3.2421086,2.7449021,6.1273675,4.2953687,3.9885848,20
c3e338afbf69d7be36a0fd79,1.8669552,4.152494,9.161965,4.1433697,1.117957,9.937027,9.605298,9.702419,6.5178924,9.376477,3.0974517,3.7583644,5.4833975,4.9803734,3.0492654,10
d75d677a1668003adcc5027d,0.38930675,4.853339,10.05149,4.912811,0.7737977,9.332305,9.735145,9.23874,6.866399,9.487229,3.0728881,3.6441298,5.908061,4.3512483,2.9688127,45
da925f2bea84d9868b290445,1.4745263,4.5497103,9.349173,3.5620563,1.3905772,8.92023,10.4121275,9.505949,6.8921733,8.458276,2.252061,2.7963347,7.2080235,4.8898487,3.9551613,34
dccd986bc401eb4b57614b55,1.0320575,4.008369,9.160406,3.9075725,0.8079463,8.666596,10.660557,9.815968,6.9841394,9.922409,3.7219841,3.6538656,6.3184857,4.99714,2.9914823,17
edf45506af1135429d3b2fda,1.4636925,3.8642786,9.434546,4.3951745,0.90249175,8.414498,10.858812,9.170447,6.742459,9.29882,3.225013,3.0362551,5.7441993,4.341936,3.4019506,-1
fa92e7935eb8aac0773edb05,1.2553028,3.3796597,9.717673,3.90782,1.1399152,8.072495,10.608885,9.580984,6.343308,9.464857,4.1101956,3.7722108,4.8905888,5.4515204,2.952348,22
0f9d080ea0522f91b5a2a351,1.182112,3.4021685,9.799507,3.988024,1.0982125,8.061967,10.31693,9.756688,6.259095,9.522222,4.141084,3.7043452,4.8806295,5.410444,2.995231,22
1158b9aca32b4992a0b0d0ea,0.97249556,4.4896455,9.302338,3.9193726,0.7532607,8.043559,11.75747,8.86273,6.9993744,8.943836,2.5035198,3.0889723,5.58773,4.640241,3.6372197,53
18664b3daa471cfb1f312d53,1.1410142,3.520876,9.816308,4.0207577,0.972496,8.091336,10.183362,9.861038,6.200445,9.719424,4.0781617,3.6733172,4.979384,5.306949,2.9873066,22
35a3760b67964c4394dcf098,1.0738858,3.9929838,9.786782,4.182824,1.500047,8.136728,10.624107,9.202617,6.9969287,8.9650545,3.5905933,3.2065017,5.7508464,4.9975505,3.4564838,6
442aad9ef7348d19b1c298f4,1.3954277,3.886908,8.791134,3.1526663,1.5412738,9.503322,10.7506895,9.62474,7.058493,9.22101,3.7430148,3.6409955,7.2362375,5.2560663,3.025952,7
4543e3982257e67b14f5af6f,0.8175948,4.4250293,9.378908,4.0050216,0.25354043,8.510335,11.39616,9.091492,6.570659,9.559274,2.8973145,3.1898575,5.6192403,4.318295,3.1223605,25
4ab000f6af9f9239490cafa9,1.8658124,4.3114576,9.012791,3.1618342,0.72898483,8.5131235,10.865921,9.759208,6.2416205,9.753231,2.9864545,3.0735807,5.8500366,4.479439,3.4382727,23
4ad380d542207eea01622869,2.0942466,4.155938,9.263324,4.0278316,1.3034391,9.090461,10.254713,9.645642,6.6150475,9.255063,3.1492822,3.6252747,5.580532,4.5687943,3.1348352,9
571c68620f58f744c26b63ca,1.173124,3.4763749,9.796101,3.988493,0.97655576,8.06005,10.229416,9.843671,6.20805,9.699321,4.0960383,3.6836512,4.943141,5.354841,2.9951792,22
6b3bf76d89c920b873d15812,1.2536702,3.4259665,9.751533,3.833835,1.0957804,8.050879,10.336195,9.804337,6.229296,9.5652275,4.1211667,3.637598,5.0067277,5.4073606,3.0487154,22
6e73e65f0d7a49133ab85cd6,1.4008228,4.573868,9.385141,3.8354795,1.4520297,9.136265,10.4306555,9.311555,7.0985613,8.722809,2.549155,3.050924,7.2551904,4.7077365,3.6645863,33
6efd3e31737e65c8d5441efc,1.2715534,4.468946,9.812474,4.845702,1.2711031,8.782161,10.220634,9.204628,7.1166463,9.2610035,2.915599,3.4337337,6.1674066,4.367806,3.3420277,44
89d995047dd39329a417906d,1.2416998,3.9392772,9.31868,4.361526,1.2214509,8.812435,10.96972,8.818104,6.845302,9.091803,3.0984523,3.551073,5.526123,4.623837,3.2411416,54
8eacb2874702300d24b33802,1.4382727,4.597862,9.359775,4.317461,0.8811004,9.2908,11.01382,8.629366,7.3325634,8.642524,2.0858414,3.1603982,6.4043465,4.9357715,3.6234727,56
9548aaf619780c6acbd7150e,1.5511359,3.8120344,9.55051,4.5953784,1.0567286,7.6664534,9.908631,10.266503,6.784931,9.353312,3.2411463,2.7127872,6.153301,4.293641,4.0242324,20
9e25dbb598ae2e51ffb06616,1.2109601,4.119737,9.789837,4.0075965,1.1689086,8.4574795,9.678491,9.753035,6.1538324,9.003788,2.9284527,2.6203837,6.0297923,4.398443,3.962286,30
a79a4d5e4920080f5f9aa043,1.1506513,4.0795546,9.475352,4.5959873,1.4686159,8.520679,10.877557,8.7509575,6.8298297,9.176778,3.1523132,3.72379,5.1504235,4.4472127,3.1989915,50
afbf463985954ba722b8c589,1.484583,4.0264673,9.602634,3.8059313,0.9891468,8.247687,9.711989,9.994928,5.9379706,9.498932,3.0460386,2.879925,5.678726,4.3056207,3.7860506,30
c4ae6e9129ecc334f3a3dedb,1.3764396,3.3339312,9.678839,3.6921768,1.2636288,8.033764,10.381207,9.868952,6.205652,9.230764,4.1247053,3.6749697,5.030805,5.549201,3.0436432,22
cb00d00690bf18c2155b42a4,1.0509827,4.019252,9.1927185,3.6120179,0.85906035,8.564307,10.806977,9.777549,6.8037877,9.986167,3.848243,3.653657,6.125298,5.05384,2.9360752,17
d0edf8fba41b13f7fc6c84ef,1.4642628,3.992426,9.624706,3.7390678,1.1049657,8.266066,9.883504,9.910863,6.0361094,9.409487,3.2051358,2.869211,5.757373,4.470697,3.749178,30
d524efa24617d70d5368ab51,0.9274109,4.155279,9.595841,4.9977055,0.70020384,8.056105,10.42693,9.65457,7.3078246,9.746099,3.3583202,3.4682603,5.6949005,4.7780786,3.2898486,39
d5ec87a1af6ed5a815a7f594,0.86264193,4.15448,9.813723,4.160119,0.52810293,8.462885,9.964096,9.971692,6.122555,10.50197,3.9493747,3.8253312,5.1577067,4.8581724,2.6593204,14
ec70913084f5c3a6bd97fad1,1.3922199,3.2715926,9.729439,3.7299562,1.3242385,7.9662056,10.434142,9.849236,6.2151003,9.130728,4.1908216,3.765201,4.924344,5.615836,2.985224,22
f2be739c2777a3e1beb71293,0.9355405,4.238141,9.596905,5.008961,0.6985405,8.003793,10.477883,9.601926,7.441521,9.661695,3.1732142,3.3514435,5.784981,4.786697,3.4256325,39
fc59e9a8f77cbe8c7079ebe5,1.4118888,4.567558,9.383724,3.824446,1.4566213,9.133728,10.422487,9.330822,7.0985703,8.70968,2.5510185,3.0478318,7.259372,4.714059,3.6716316,33
43fe0d00bce8cc495fc8c549,1.5119821,4.0837793,9.492953,4.91407,0.9164916,9.200911,9.984857,9.267301,6.8226066,9.227087,2.8071394,3.4707277,5.657899,4.653642,3.2707117,9
a491850b8ac84b3519c96bed,0.8760568,4.452864,9.740598,4.2201595,0.48557878,8.633462,9.985887,9.893149,6.2348475,10.58433,3.7048693,3.7879803,5.345395,4.622704,2.6951308,14
a7bd15a08554b88e95ab81d9,1.5226722,4.076112,9.510907,4.973804,0.90437746,9.206687,9.921583,9.300736,6.8464146,9.260037,2.7907522,3.4911263,5.6944647,4.6707187,3.2723086,9
e45e938d15d7acee67befb83,2.0264945,4.1635966,9.301987,4.1841464,1.2334929,9.041155,10.207988,9.713859,6.7185187,9.2793665,3.1709106,3.617952,5.648161,4.556554,3.1277747,9
03a3a88abad039b02ea44c6b,1.1115513,3.7209299,9.197101,4.445907,0.019442065,8.053883,9.922393,10.408418,6.2624807,10.054697,3.1450856,3.0156786,5.877309,4.5789633,3.4936843,38
1d9e20312767148fe59f0715,1.3930064,3.88954,8.798401,3.1609075,1.5293114,9.503885,10.716908,9.645973,7.0323963,9.239079,3.736878,3.642625,7.1994724,5.252482,3.023494,7
1f177b79d9ba2bb03f2ba5dd,1.4169065,3.8823917,8.810246,3.171105,1.5129423,9.476811,10.703124,9.650632,7.0094514,9.242843,3.7336133,3.6222508,7.162314,5.237614,3.0441673,7
2556c7ad81d5847fb24c6014,1.6229237,4.16156,8.364311,4.6853757,1.1171266,9.234894,8.350658,10.431411,6.6585402,6.6066976,0.4879296,1.9111226,7.097322,3.8421297,4.7338977,1
34ea5f811ecf621d505ed0e3,1.5248704,3.7583795,9.414915,3.428949,1.1671672,8.472864,10.777036,9.515131,6.2587442,9.40786,3.7761047,3.5121098,5.2549725,5.0267673,3.1046047,21
370edaf39ee970d88568277a,1.5999924,3.97996,9.430305,3.5228736,1.1159875,8.516071,10.080321,9.8589115,6.0804534,9.317378,3.1631641,3.0256484,5.7822437,4.660233,3.6065438,30
37d588340b5f7c426dd3d487,0.39205632,4.8123703,10.064457,4.8252697,0.7627849,9.25991,9.751896,9.301761,6.8084254,9.55265,3.1597335,3.6834717,5.8599143,4.4291325,2.9308238,45
3b6f7d8a4f9bfa800c6ea726,1.8490869,4.009378,9.072516,3.9234612,1.1973417,9.806762,9.807504,9.737933,6.574977,9.289386,3.254887,3.6982157,5.708533,5.0466247,3.0532517,10
5648701d13222f6cac4ec740,1.9343774,4.055116,9.104022,4.031389,1.1924051,9.889321,9.734664,9.703739,6.553885,9.262463,3.1686378,3.7313325,5.5679145,5.0036488,3.040097,10
633c09092086cd2e9b30a3b1,1.1855438,3.8971834,8.907116,3.403847,1.2801081,9.173613,10.79224,9.694329,7.0643706,9.551394,3.8470016,3.7296667,6.9060125,5.1974616,2.9276407,7
63832e70a763d0a03034d191,1.4871234,4.66183,9.821536,5.036866,1.024516,8.814951,9.970811,9.458481,7.1957192,9.660147,2.5150433,3.3763323,6.5675373,4.4333634,3.5428348,37
7a1ca68d7d207c4010ae9440,1.2512146,3.2990427,9.791376,3.8878937,1.2016034,7.9983172,10.582334,9.605145,6.3154464,9.46481,4.2556276,3.8141887,4.7541447,5.586255,2.9226024,22
825c4c21bc6e22bbb0685d62,2.064157,4.0914073,9.244849,4.1010447,1.2600625,9.23486,10.183163,9.603892,6.628141,9.232198,3.1594944,3.6401396,5.5422153,4.653619,3.1044474,9
847df702eeeee615f30088c2,1.4167691,3.877316,8.779293,3.1719346,1.5205249,9.507431,10.7540045,9.620871,7.051621,9.234313,3.7313983,3.6240523,7.216099,5.240971,3.0451257,7
8842875e58572cbf34ffee7a,1.6588874,3.8902316,9.049061,3.607999,1.2538755,9.509504,10.031192,9.791968,6.5202203,9.307186,3.4668138,3.5745265,6.059378,5.0801864,3.1133623,8
9473fa9210ab018c7c9959ee,0.9812682,3.783541,9.555494,4.1415854,0.8520866,8.209094,10.644923,9.586014,6.6515903,9.515858,3.542247,3.5989273,5.5829453,5.15759,3.142412,-1
9fc7ca937587c4a218c1dd3e,1.5295815,3.844051,9.081483,3.5038996,1.1737823,9.200402,10.148612,9.825069,6.4200583,9.410253,3.531378,3.437022,6.1068344,4.989499,3.1949334,8
a03b015f8a905a9730ea08ca,1.9104207,4.024539,9.07796,3.9581196,1.2141305,9.873275,9.768117,9.723188,6.5659127,9.2616625,3.220416,3.7229526,5.6397967,5.0419006,3.0395968,10
a291a2ce2e7366cde24b36cc,1.5311815,3.814729,9.113023,3.6156747,1.2515801,9.238896,10.117528,9.791279,6.47644,9.343756,3.601037,3.520379,5.9676595,5.0219307,3.1391227,8
ad405811546e53573788015a,1.8540926,4.068615,9.216863,4.2651787,1.1674908,9.52957,9.953849,9.576932,6.6650944,9.142133,3.049145,3.5976813,5.572173,4.8003044,3.1535783,9
b25b48e0b7c425c305c92e89,1.3272868,4.794893,9.521147,4.9020677,0.4943328,9.065994,9.662941,9.696922,6.898732,10.179197,2.8275177,3.5114653,5.7540874,4.4478865,3.1497118,42
b6d6858e63af241537938812,1.3915656,3.4158466,9.63861,3.7319562,1.0699179,8.061388,10.291873,9.9525,6.148855,9.418608,3.9693205,3.6071253,5.101888,5.426157,3.0965002,22
e0c894749d72366b4f8188be,1.849131,4.044853,9.120065,3.9803667,1.1800151,9.840267,9.763799,9.72019,6.5318575,9.307294,3.2359884,3.7275474,5.610182,5.047321,3.0385082,10
e14b2c11ffea7cf14df75e07,1.6156809,4.171654,8.358232,4.6803727,1.1274765,9.230301,8.35905,10.423145,6.6687756,6.6155376,0.49732807,1.9158008,7.087637,3.8522182,4.7314243,1
0430d4debe5d0448a6c56648,1.2929791,4.020974,9.2922125,4.199154,1.0144068,8.689672,9.968321,9.56325,6.4854984,8.738005,2.4741552,2.8733718,6.113833,4.4896145,3.816824,-1
3287e13be9a9117dd789e06d,2.1080823,4.147136,9.260268,4.047426,1.3121386,9.122411,10.229071,9.652216,6.626259,9.237245,3.150931,3.6352546,5.586282,4.5778995,3.1300924,9
372d724289f3840832a6db59,0.77070755,4.511399,9.633351,4.8931665,0.6555568,9.054692,10.162547,9.159536,6.9640203,9.40947,2.8530722,3.320754,5.859294,4.3614445,3.212883,41
5d10401629ebf7be9d4916bd,1.3795356,4.5663705,9.340969,3.7923229,1.4256102,9.127329,10.487271,9.30252,7.1065493,8.709142,2.543891,3.0304961,7.2351346,4.7308564,3.674084,33
5d6a92c038c0c66ca5d5f501,0.9057351,4.448513,9.560404,4.6076636,0.85426646,8.964756,10.282294,9.1282015,6.992351,9.355109,2.9778442,3.1979382,5.948264,4.4570274,3.304754,46
6d429f2133f67c2d3cebc99f,1.181562,4.4845963,9.155753,4.120363,0.52429557,8.581359,10.5238085,9.51996,6.636505,9.161447,2.3041222,2.8103027,6.025974,4.4019074,3.7073913,-1
6f7d8da813aa36000b87600c,0.99567175,3.9403145,9.025885,3.874476,0.46474054,8.455281,10.581131,10.109138,6.935495,10.16066,3.662629,3.5105052,6.405101,5.039029,3.0766628,17
79944f3a8843cbd97be445cc,1.163028,4.4291544,9.184964,3.7813718,1.1408569,8.789083,10.132181,9.780208,6.7292624,8.941481,2.6704073,2.770787,6.9954906,4.450455,3.7598026,29
8f4125f5fcdfe711125b0ace,1.2750909,4.454804,9.463481,4.0051117,1.2435604,9.148704,9.836738,9.601853,6.7332597,8.781658,2.67505,2.8488846,6.7136602,4.615963,3.7480023,26
9bfa27693e1a01b02161a12c,1.1988182,3.5100396,9.783623,4.0637083,1.0124859,8.087898,10.208569,9.81334,6.269056,9.646059,4.0611067,3.6458616,4.967116,5.282978,3.0259612,22
a51754dbf041c5925cdd231e,1.3436705,4.8324356,9.498708,4.9032197,0.46491972,9.064109,9.625415,9.718007,6.8849573,10.222758,2.8113472,3.483807,5.745743,4.424604,3.1504667,42
adc85e31db5757943fa5410e,1.2023189,3.3874443,9.7831955,3.9509218,1.1005641,8.04262,10.336578,9.774157,6.2450137,9.544023,4.1705365,3.704929,4.888941,5.4204583,2.9865432,22
aeb5fa659a45481e745a9ecc,1.2240434,3.8989434,8.876165,3.3501987,1.3240727,9.234316,10.777882,9.697757,7.0646396,9.5088415,3.840332,3.722617,6.970495,5.221354,2.9329407,7
c1d22faf015b827d6a9fc075,1.3930866,3.8837621,8.787473,3.1467826,1.5479503,9.512918,10.752163,9.624811,7.06224,9.217944,3.7487483,3.6468527,7.2475824,5.2613535,3.0197806,7
db77e60137601c8e2e04ba68,1.2367655,4.643455,9.847434,4.523321,1.2852204,8.724504,10.519551,8.982514,7.118425,9.0538435,2.6452653,3.4017327,6.132991,4.565809,3.4544375,37
05b03cf60043e84ece03713e,0.8695318,4.247046,9.784581,4.164438,0.50647795,8.5152855,9.9774685,9.96232,6.154505,10.546708,3.8834603,3.808453,5.225705,4.786045,2.6716998,14
070a0bb2acd448b45401d4b4,2.102543,4.754528,8.730864,3.0385747,0.64406997,8.751645,10.868187,9.827401,6.5302653,9.926475,2.5191476,2.9370086,6.3170123,4.515375,3.6012056,-1
12a4b360c182071f01ab7ae8,0.8841569,4.525805,9.688302,4.219875,0.48519886,8.684075,10.057726,9.826158,6.3122315,10.530993,3.5979943,3.7695932,5.407477,4.608043,2.7286122,14
16daba587cedc2499bb33701,0.94882745,3.8442867,9.765592,4.9482927,1.4575123,8.462158,9.681297,9.656366,6.660906,8.811995,3.5768065,3.1173375,5.464113,4.2389207,3.4565837,-1
18570c07e0f990a48c7329af,0.9732571,4.1578274,9.549367,5.03985,0.6901179,8.021626,10.526901,9.562948,7.4069195,9.670786,3.2157247,3.399828,5.732615,4.7855473,3.395203,39
1bc8c7dcee1ae594f18bd007,1.1624339,4.4596143,9.762398,4.7694063,1.2301402,8.7321,10.262324,9.24987,7.0192003,9.295079,2.9367077,3.5419106,6.0284934,4.417916,3.273984,44
20ca8222ed18f70781d125cf,2.0214553,4.231695,9.059084,3.3055754,0.9195793,8.623153,10.634691,9.838422,6.276392,9.643276,3.0806644,3.2064633,5.802333,4.507423,3.3758435,23
266d418d6e6e4fd0288d022a,1.1207713,3.9927454,9.414024,4.485436,1.2214619,8.836814,10.756639,8.857856,6.6947074,9.049069,2.9899533,3.5409875,5.4645295,4.46304,3.2597733,54
2cb89477dfbd68044fdbe3d7,1.4381543,4.499696,9.391038,4.383549,0.8673409,9.177708,10.942321,8.643246,7.2894254,8.748003,2.1637883,3.236895,6.236829,4.9506426,3.5657005,56
34ff2436ad7e1efedde498eb,0.8582034,4.352789,9.750075,4.6385536,0.8268957,8.469822,10.25325,9.414209,6.6232333,9.524009,2.91097,3.6604533,5.519158,4.582489,3.2171311,-1
3c15776a2f49759c86365da7,1.3356168,4.053474,9.276609,4.3499975,0.82294375,8.703623,10.427054,9.2858095,6.6809044,8.86759,2.4990547,2.9443467,5.8111033,4.6138153,3.7250445,-1
3ec82c2d608de01bb458072c,1.4569018,3.5464666,9.508713,3.6866853,0.99303097,8.211076,10.244821,10.001104,6.170773,9.45193,3.7487977,3.4211342,5.4521756,5.1853943,3.2383556,-1
3f7a5606ff0e9f41d7ad7dfe,1.703677,4.0667715,9.651204,4.4073186,1.502962,8.67264,10.243819,9.489458,7.026034,9.160004,3.4660194,3.248097,6.394419,4.3280087,3.3381925,43
4003f325c9c8983af7f3eda0,0.3101464,4.9609766,10.087013,5.001273,0.6950533,9.393715,9.657203,9.256684,6.931287,9.546035,3.0107028,3.7193797,5.918988,4.3177514,2.9098256,45
431c96cbccb2fb9cab08e4c6,0.8530298,4.401901,9.332476,3.938145,0.33561665,8.443351,11.48391,9.078048,6.651044,9.523993,2.9470158,3.2330158,5.6185226,4.4359875,3.1509418,25
4505f69cefbe4429f1d2e2d1,1.1681157,4.2653284,9.188411,4.1499777,0.6703172,8.49765,10.259821,9.673664,6.472208,8.917164,2.360628,2.697991,6.0282793,4.355244,3.8322299,24
4535ddbe5f777dad1cb0ca10,1.6001483,4.5832844,9.189158,3.694856,0.9683368,8.574231,11.058955,9.22886,6.9782286,9.339714,2.5884275,3.0026615,6.293943,4.5898666,3.6671848,12
4676654659af4fbe95b433a9,1.2133348,4.2325172,9.069318,3.8724198,0.8039992,8.036987,10.764769,9.626811,6.4979925,9.628074,3.0356474,3.01438,5.6944427,4.227982,3.5405748,18
48ade7c84568f54a97f5c796,1.4952842,3.5604064,9.162997,3.2232704,1.8308531,9.091358,10.490808,9.843686,6.688195,8.639203,3.7975307,3.5918162,6.8768425,5.535412,3.084612,-1
4eaf3623104c041bedbdfda2,1.4621792,3.3389976,9.633072,3.9740157,1.3493053,8.175088,10.352847,9.709304,6.663589,9.328563,4.1168084,3.6484299,5.4231954,5.4890423,3.1412525,-1
52fcc301acbee46150f9a49a,1.4151921,3.9641852,9.284815,3.9510865,1.0251832,8.462873,9.96144,9.874883,6.281079,9.388673,3.0276163,3.1036677,5.9193892,4.4343815,3.6292043,-1
550abe3e02599cec9631f2c5,0.7672357,4.499468,9.577004,4.905829,0.59920555,8.988232,10.256678,9.168195,7.0587225,9.408333,2.7656288,3.3184404,5.891048,4.4481525,3.2713127,41
5f0f1f8db360cd4ba7020845,1.5876713,4.0851154,9.278335,3.5944662,1.3226426,8.937176,10.188702,9.695274,6.481409,8.874552,2.8891568,3.1301134,6.2680836,4.912913,3.6229622,8
5fa5607eaec0ebda48905066,1.0398914,3.894889,9.191107,4.4838467,-0.0817516,8.150053,10.184879,10.171474,6.4175296,10.048209,2.932616,3.177183,5.8231015,4.6559143,3.443,38
5fd9e1dd9679bf4b0885feab,1.4278843,4.445368,9.494009,4.5579104,0.9167941,9.116317,10.758916,8.774249,7.209031,8.918197,2.3402245,3.3351512,6.084722,4.8219957,3.492401,56
721d20b7f5301568a159da83,1.9795941,4.3297873,8.918694,3.0938115,0.7654503,8.550771,10.828235,9.816415,6.283082,9.767954,2.9493535,3.025523,5.9253387,4.4980326,3.4998767,23
7749d4bdef40ae13d48d7213,1.2816933,4.592603,9.323328,3.7675948,1.3987324,9.077458,10.403277,9.392873,7.053136,8.705508,2.5252213,2.9524522,7.311734,4.643602,3.7084262,33
7784bd01a8365ba775ad72e5,1.4979695,3.560581,9.166218,3.2313647,1.829982,9.087395,10.486589,9.844179,6.689181,8.640272,3.79661,3.5900097,6.8728356,5.529862,3.0867178,-1
7bc03cfa8922a44e29459815,0.9026991,4.518943,9.667905,4.2066617,0.4741537,8.714898,10.034848,9.838821,6.3316,10.524185,3.5593848,3.738142,5.4488063,4.5963464,2.7579079,14
7c0244a207c58eb76d3576eb,1.1354846,4.2372055,9.1413555,3.9044075,0.87909514,8.0172205,10.779837,9.566865,6.5239263,9.59889,3.1115432,3.0326948,5.666134,4.2207785,3.5154324,18
840d47b63bbd5765f2fa6f72,1.4957112,3.5590315,9.164854,3.2258382,1.8306172,9.089257,10.489405,9.843508,6.686059,8.638826,3.79844,3.592516,6.8713083,5.535418,3.0838184,-1
86289f51c2f01cef0af28bc8,1.3711253,4.5567465,9.392498,3.8528428,1.4088774,9.200201,10.139052,9.446254,6.952268,8.591921,2.4570978,2.8786373,7.2232885,4.638563,3.7846,34
86f60398d4e9bcbb7228cd42,1.1687173,3.5786743,9.67093,4.905698,1.5684596,8.201033,9.803264,9.704983,6.628207,8.794882,3.7613788,3.2098203,5.104143,4.3542056,3.4837713,15
87c79f9b8aed1b56cab60a9f,1.5170873,4.0226502,9.431805,3.6191223,1.0671937,8.471289,10.432215,9.6275215,6.2547965,9.435433,3.2931614,3.1745422,5.71,4.5777373,3.4346402,30
8a284941ee9dfe4205b55e3d,0.97282636,3.813392,9.478776,4.6720524,0.2592579,8.1429405,9.75122,10.236176,6.429105,9.906913,3.1153338,3.2412658,5.7877574,4.7891364,3.4969966,38
8ba623d2ba958f8df43de27d,0.9205441,4.748306,9.488935,5.1177697,0.32336923,8.639607,10.2070465,9.562749,7.336615,9.953079,2.5318089,3.532561,5.9170265,4.6464524,3.337346,41
90e4ffae6eca55f3c50c0a68,1.3610709,3.306858,9.700271,3.7156076,1.2554728,8.006775,10.354601,9.895071,6.1995845,9.253804,4.1650267,3.6838868,5.018993,5.563669,3.0332937,22
91a4b65d93026e73587e2d4f,1.9522355,4.331736,8.959315,3.0526404,0.7699106,8.535833,10.880198,9.80302,6.3069506,9.739865,2.9748535,3.042521,5.957886,4.5364194,3.4735727,23
958cf42f14e5371922e6e8eb,1.5844859,4.088468,9.260572,3.6144361,1.304367,8.949434,10.186655,9.706962,6.500106,8.894422,2.897233,3.134763,6.281928,4.895863,3.6134472,8
96d20a1caeae9ce15ad3b00e,1.0381335,4.458708,9.2316475,4.0787416,0.75017136,8.036736,11.7361,8.823168,7.1879406,8.948546,2.3721356,3.077815,5.679907,4.7118006,3.754998,53
99f50c17ba8e94c1dedbf7d6,1.038185,4.0475316,9.482321,4.9829893,0.7777662,8.034172,10.65742,9.452637,7.402969,9.578734,3.2641408,3.4055736,5.667673,4.79271,3.4002132,39
9e1237a686176095827fd6c8,0.7850329,4.1348186,9.449547,4.4437776,0.91197157,8.080093,10.552591,9.75373,6.7982917,9.598959,3.4737937,3.336293,5.7761436,4.3174396,3.2520046,-1
a113405695f61ca400be6f6a,1.218046,4.3239903,9.901059,4.7236056,1.5315686,8.705455,10.315263,9.095442,7.2275333,9.072831,3.4561596,3.2097275,6.3429246,4.2190323,3.271155,44
a2c5360f43d2eb50d2137bca,1.3642529,3.6802318,9.523832,4.6469927,1.401423,7.9922094,9.650904,9.969877,6.4073844,9.052364,3.4856021,3.0277116,5.2143865,4.133707,3.7182336,15
a9b05c405450506996f2cd73,0.8301339,4.434903,9.350422,4.059726,0.30134562,8.561451,11.382618,9.066068,6.6293674,9.4913645,2.8683815,3.2047856,5.692685,4.3247395,3.134268,25
ae61c0f93e286af0d54132e7,1.6534866,4.252798,9.293714,3.2818224,0.8132213,8.493328,10.5897,9.752543,6.119566,9.551539,2.990046,2.977011,6.001977,4.5052147,3.5339122,23
b8443ef3e1c8a15fb9447560,1.2537192,3.8895082,8.807631,3.1793916,1.6575403,9.613046,10.838001,9.555608,7.1785192,9.113731,3.7725043,3.7442698,7.4702296,5.3044796,2.914138,7
c42e61104fa7ada970166fc9,1.1145506,3.9129808,9.569739,3.7075822,0.979262,8.302842,10.756675,9.536902,6.4471292,9.592365,3.7263777,3.5835526,5.32831,5.123056,3.0376456,-1
c5c819bcb35ac8ce451e1970,1.256999,3.428945,9.754189,3.8359327,1.0974255,8.049231,10.31581,9.8174925,6.225472,9.566401,4.11904,3.6271803,5.0222197,5.3985248,3.0576036,22
c8088f05bb400d5d8d8803df,0.760068,3.574333,9.693077,5.240882,1.4190416,8.397773,9.95444,9.5728445,6.7096353,8.752974,3.8895469,3.2904267,5.118616,4.1291866,3.2039826,16
d8f4cf3ee54b541f33d3d9be,1.2818847,4.3223424,9.894649,4.7720957,1.4884125,8.6961,10.250162,9.145769,7.1405034,9.086598,3.3095016,3.251154,6.257499,4.1951175,3.3169534,44
d9d830a1174e203c6e32cee5,0.9720998,4.1557984,9.554247,5.0406094,0.69268525,8.023017,10.517833,9.565482,7.403524,9.665691,3.2164857,3.39695,5.735545,4.7880077,3.3983579,39
e04a5bfd034823564ca88d25,1.2699885,4.596623,9.32162,3.7731557,1.3962555,9.092771,10.39448,9.392842,7.0565753,8.711036,2.53235,2.957685,7.318713,4.6383853,3.6988997,33
e5c0770c5be92b60f70acc65,1.3437111,4.3988757,9.601231,4.519653,1.0470572,8.715777,10.382349,9.315014,6.711691,9.747601,3.1329632,3.828594,5.3298798,4.538329,3.00031,-1
eac436cc1da6acd976d1456b,1.2962756,3.5664153,9.451144,3.9809961,0.33756068,7.9989614,9.515786,10.558356,5.8424287,9.8773155,3.2365632,3.1328294,5.544525,5.0516634,3.5812547,27
ec727469c1b41aa52845754d,0.9423436,4.542272,9.3612175,4.858026,0.5014658,8.333885,10.7163725,9.349044,7.398054,9.457288,2.362465,3.3238406,5.860424,4.7659254,3.6410947,41
ee59373a1b823dec6ecf2880,1.2897285,3.5120814,9.561944,4.956496,1.5604621,8.0057125,9.595303,9.963408,6.5812173,8.855197,3.7630286,3.0961258,5.0817547,4.1465006,3.6207757,15
eea3b69d5966cea1c8bae17a,1.3254715,4.585429,9.317282,3.7401044,1.4192923,9.131524,10.348416,9.420784,7.035439,8.653674,2.4908516,2.9323719,7.370823,4.675791,3.7357178,33
f023a945f504561efbe4d7a0,0.8829722,4.4450974,9.750382,4.215333,0.49207038,8.617068,9.968786,9.9102545,6.2145057,10.589781,3.7178428,3.7851026,5.330003,4.6163597,2.6966333,14
f127357db0e35a5e6462a704,0.95876694,4.212665,9.570248,4.8027086,1.2782096,8.534435,10.592215,9.220841,7.0386305,9.16506,3.0779088,3.6253147,5.8649774,4.36679,3.2318335,-1
f1625f967fa89999dceafe3d,1.1474813,3.5950077,9.6827345,4.9048686,1.573987,8.271748,9.856256,9.63778,6.6536655,8.781351,3.7557619,3.2565908,5.117564,4.399011,3.447698,15
f58bab93362bc2b0c312f535,1.3180985,3.5125391,9.53959,4.9416933,1.5527083,7.991554,9.580494,9.996674,6.579613,8.877126,3.755327,3.0845695,5.1046853,4.125217,3.6366622,15
fcfa3b5b2b94fb257a605bca,1.5929414,4.103158,9.271236,3.5584097,1.3353564,8.929716,10.229562,9.679116,6.5075912,8.849064,2.867257,3.1012304,6.337421,4.916062,3.648768,8
00381fa51e0b1554bcc0b7ce,1.2237432,4.830525,9.584572,4.8733788,0.5456873,9.185221,9.646462,9.615667,6.8627095,10.101792,2.8531475,3.573489,5.7266593,4.4251957,3.0852253,42
006731098812453a458f3f48,1.3785921,4.6752205,9.337266,4.944793,0.29142177,8.540323,9.836581,9.930428,7.1063867,10.309671,2.8139317,3.342704,5.839943,4.616888,3.3137286,49
00d80ce0d8e916839d6c0200,0.8448594,4.4445243,9.3292,3.980566,0.26211992,8.459171,11.510132,9.050831,6.6484013,9.52531,2.8574066,3.2120419,5.609618,4.3994985,3.1622553,25
0339550e4dd9b6ea2aabf8db,1.369909,4.357218,9.773162,4.518307,1.2006123,8.608088,10.073204,9.409641,6.8090625,9.396496,3.1476457,3.1827426,6.0572157,4.249787,3.4000516,-1
0433fa4173a970b3e870d933,1.182212,3.4203818,9.759945,3.816355,1.2087482,8.060662,10.545461,9.568293,6.265925,9.339119,4.029247,3.6492453,4.9499645,5.4005914,3.0785294,22
06e9df5a9796986ac2026e6a,1.3766432,3.8790057,8.7914915,3.1176953,1.597639,9.537454,10.750452,9.62299,7.095183,9.185299,3.7690878,3.6598265,7.318206,5.2846785,3.003463,7
0ac6dc5ad492f70668ed6bf7,1.6116124,4.183233,8.349573,4.6792655,1.1380655,9.229282,8.358229,10.428409,6.680272,6.6264277,0.50787127,1.9189441,7.0808,3.8647683,4.7381597,1
0b00a7bb27f3f6b50d1e0168,0.89387107,4.483429,9.319108,3.910488,0.16303515,8.490584,11.407361,9.190855,6.5709915,9.667683,2.8635218,3.2101727,5.664798,4.4146566,3.1491246,25
0b8d0ef7f51c4b00ee75b62e,1.4543363,4.614773,9.41779,3.8617384,1.411599,9.0595455,10.448258,9.3027115,7.111015,8.733196,2.4537272,3.00388,7.1693373,4.694763,3.7330656,33
0bb5cc74ae63f7a2028e972c,2.1174352,3.5444434,9.179882,4.951018,1.6459028,9.415169,10.77076,8.264381,7.5197086,7.523678,1.6202866,2.6186519,6.794371,5.0167694,4.5821095,2
0bd72840712b429899d7cce8,1.0741634,4.0307517,9.561738,4.267713,1.3350729,8.652757,11.093753,8.6409025,6.9156704,8.9236145,3.3001325,3.3491378,5.5454664,4.623088,3.2418976,-1
0bf279dfa75fd53f25ac878a,1.1477906,4.4082465,9.920921,4.0285745,0.9461496,8.328798,10.046334,9.52006,6.2728524,9.424201,2.8527083,3.0914514,5.7500043,4.479504,3.6367545,-1
0c163007d6963d213d72444b,1.2252508,4.0793834,9.27651,3.5476613,0.81752586,8.197648,10.979305,9.660804,6.7295265,9.910137,3.623739,3.4234102,5.7811103,4.997568,3.1806529,22
0c67a9fe0095f1b0886d916d,1.12082,4.268536,9.411968,4.2578726,0.99731773,8.123611,10.690073,9.457978,6.9963098,9.516232,3.1325216,3.1337633,6.0028596,4.5148916,3.5536346,-1
0e624bd11740e837cd8bdfcf,1.4727883,3.9689639,9.253512,3.7079551,1.1918368,9.055296,10.1384735,9.687348,6.4343348,9.164786,3.1818223,3.3616023,5.9014144,4.983245,3.373868,8
0f1375884bdc17a024a52f43,0.55727416,4.2339787,9.542001,4.761511,1.0714008,8.415867,10.768238,9.384291,7.02548,9.255659,3.460209,3.4252143,6.028412,4.047106,3.0494998,35
0f1e6f3a8f38ef2322bdad85,1.4781381,3.8869884,9.117878,3.5116248,1.0879573,9.054952,10.1991,9.828062,6.3809586,9.457219,3.4551983,3.363635,6.106707,4.9126916,3.2532654,8
0f4d3ab102c28973d59a9a56,1.9560798,4.086023,9.256535,3.5336785,1.2422782,8.291889,11.479028,9.276462,6.6937675,8.917889,3.1922443,3.6807985,5.1137824,5.097686,3.1522198,-1
0fe2fa37e650802c0d276aad,1.4237099,3.9633226,10.08351,3.59862,1.2092345,8.065472,9.455168,9.852597,5.4131474,9.159229,2.9469683,2.1455524,5.8342714,4.4031544,4.375801,28
1030d1b6cc8978771c34e5e7,0.9015982,4.08017,9.30336,4.346808,0.5420208,8.728329,10.962282,9.180029,6.5391726,9.4989605,3.258641,3.2475405,5.6349025,4.177237,3.0212445,25
1032cd4667d0ded1dc34105b,1.7465802,3.3366282,9.493439,4.1905,1.5949863,8.334954,10.119021,9.732674,7.1063514,9.12163,4.026185,3.6292083,6.005734,5.4086566,3.2416196,40
115d0184fd63f8afef57aaac,1.0669521,4.26106,9.84875,4.712337,1.5254453,8.705521,10.242957,9.18474,7.193589,8.962976,3.5048406,3.1511993,6.3564878,4.261464,3.2970986,44
1280670923a8c59344c891a1,0.921756,4.224737,9.49227,4.6987286,1.4464763,8.652846,10.647577,9.146248,7.077201,9.019287,3.1375864,3.6761281,5.8913274,4.413069,3.1948414,-1
1384cd1701545166777e1fc2,1.421195,4.197334,9.400931,4.592744,0.4400125,8.252479,9.780167,10.115393,6.716284,10.041073,2.8741035,3.2210686,5.852366,4.731284,3.5848384,-1
153b6454be343f4ed4b91ef5,1.305068,4.2576423,9.555526,4.317922,1.4669414,8.720874,11.234264,8.477018,7.1597695,9.001531,3.076101,3.5454364,5.693538,4.7176905,3.2132382,54
153e181ea15a91ef8f51118f,1.1659323,4.519792,9.238637,3.7230496,1.1567394,8.835176,10.280648,9.706427,6.8321557,9.023384,2.7200801,2.8243876,7.124701,4.4812794,3.6990957,29
16a8207e0f875788d19f9a4c,1.2990931,4.7730026,9.494547,4.8926034,0.5087232,9.114998,9.675139,9.614035,6.8483515,10.109262,2.824912,3.473141,5.675584,4.4202447,3.1538343,42
1757127b75d5de3b4ff86bb0,2.123658,4.72985,8.724599,3.0104551,0.6300622,8.722884,10.894752,9.833575,6.4999304,9.921933,2.5499907,2.911997,6.2856236,4.5127172,3.626218,-1
1866f22b5f4b5b5f09762460,0.94185144,3.829,9.268252,4.189734,0.98835087,8.583759,10.545423,9.514739,6.6780205,9.387614,3.5290985,3.3113987,5.923039,4.514662,3.2456129,-1
18793ad6bd13002d5d7f8d1d,0.89391816,4.4954557,9.761774,4.3063293,0.51697356,8.61728,9.950481,9.854037,6.245642,10.518919,3.6301384,3.7362714,5.3404264,4.5261893,2.748467,14
18edee8b8fb63a46e09944e7,1.8414625,4.2960157,8.91418,3.325903,0.6922518,8.441994,10.807011,9.808712,6.349874,9.824427,2.9536214,3.0680578,5.874392,4.4616694,3.4861212,23
190185c75a4816139fb17130,0.90921444,4.2853694,9.618027,4.044496,0.5917496,8.584864,10.152468,9.915497,6.3036194,10.449933,3.8176692,3.7810504,5.4784837,4.7576804,2.724553,14
19d4e46d83a066e3dbb7c9d6,1.3664628,4.6065345,9.505227,5.0246153,0.45842862,8.662313,9.93352,9.773434,7.1995873,10.179964,2.6128976,3.5011473,6.2072344,4.663889,3.3882813,49
1a851a8759d81ba576e8977f,0.8162652,4.2006383,9.523018,3.9628656,0.45320523,8.570113,10.725262,9.6011305,6.4041443,9.663057,3.4025168,3.3999274,5.608478,4.716748,2.9835782,25
1b17c82f593163b2587c286e,1.3317503,4.5205593,9.351171,3.739593,1.3275052,8.788338,10.551144,9.354091,6.9546194,8.789699,2.557625,2.846416,6.878307,4.622197,3.818597,33
1c96ecbba894c6851a519830,1.3160048,4.138998,9.522454,4.410333,1.4519587,8.580361,11.210235,8.542479,7.042518,9.097619,3.1629734,3.6647453,5.3541675,4.6870637,3.1573715,54
1d9057f17599bbae1a3080a1,1.5680978,4.553864,9.3068905,3.521493,1.3972256,9.073116,10.2996855,9.55887,6.8695254,8.412405,2.236545,2.767921,7.341831,4.9011083,3.9563546,34
1e4c53189f41a988eaa14f23,1.686245,3.485479,9.45442,4.2033553,1.5114906,8.457186,10.259207,9.668422,7.1910563,9.188246,3.9233506,3.573083,6.177354,5.3619533,3.2689807,40
1e545178d81ed592208fcce6,1.2117519,4.508822,9.278157,3.587356,1.0645097,8.7643175,10.313249,9.775736,6.692601,9.206886,2.8060064,2.818889,7.0304103,4.476144,3.6723611,29
1ebd1c7f472a96b3740ccd02,1.4171615,4.4841127,9.408066,4.334483,0.93255246,9.165509,10.877803,8.742599,7.212182,8.760254,2.2672887,3.2222447,6.261687,4.910792,3.5478332,56
1ed648a98e6f07fb19a5dc5f,1.5460033,3.8399916,9.537155,4.6020823,1.0048989,7.6810784,9.873602,10.252531,6.7615685,9.401331,3.2126622,2.7058742,6.1340327,4.3193994,4.0186534,20
2063c945df79ae83f3cca060,1.5192243,3.8189118,9.545586,4.610475,0.9994449,7.7066545,9.920884,10.242985,6.768511,9.404598,3.253235,2.7413526,6.1166644,4.2975497,3.9752915,20
20724b5c2ee941f69fd32166,1.5339583,3.8383822,9.667673,4.5242205,1.2214814,8.013362,10.054712,9.834627,6.7725983,9.168478,3.2431495,2.7912297,6.113582,4.3530993,3.8803675,-1
20a8dbd09aae7252c074a68f,1.980147,4.07942,9.211262,4.1672206,1.2249335,9.45962,10.01858,9.612378,6.638493,9.187192,3.1099174,3.6440284,5.554803,4.755352,3.1119287,9
2108c6657da165228d749c75,1.2423128,4.3064117,9.874711,4.7031784,1.5350178,8.715569,10.321193,9.112176,7.222165,9.0569,3.447112,3.2028286,6.366764,4.2203507,3.2805057,44
21282249011fc7ca58efc97a,1.1617498,3.526616,9.689655,4.885719,1.5596727,8.188084,9.828762,9.712097,6.6335454,8.812047,3.8378232,3.2569287,5.072229,4.4400983,3.4358127,15
2139140d036a1ca6e9fba3e6,0.20777865,3.7725265,10.112613,5.7768006,1.699716,8.503161,9.1822195,9.494608,6.9172025,8.20427,3.9618819,2.8088381,5.4763045,4.0150886,3.4587164,4
221c91042881ebc45c3202a1,1.3882267,4.6511745,9.552269,5.023456,0.5378834,8.733059,9.902322,9.73652,7.2111483,10.11949,2.6019578,3.499453,6.27119,4.6302648,3.3850486,49
223a79d101ac441b7a957d7c,1.6250787,3.9354787,9.4068985,4.592731,1.3215442,9.156733,10.033704,9.495748,6.8250723,8.896769,3.1827285,3.4590886,5.621866,4.611921,3.2749777,9
229f7e575d98e21879fc34ee,1.1242993,3.880082,9.461043,4.216389,0.9968303,8.196993,10.676005,9.538316,6.8884263,9.539905,3.689648,3.4133043,5.487045,4.9275293,3.2096338,-1
22a296ba4bb439e1ba90668c,0.87463725,4.154754,9.7674,4.788242,0.5755368,8.479648,9.775684,9.696071,6.711746,9.660157,3.305514,3.189521,5.3519034,4.695955,3.4317825,13
231cb22da87d50de261cdb2e,0.8841821,4.540576,9.702244,4.232745,0.49202037,8.675414,10.051134,9.826699,6.314906,10.548603,3.5954638,3.7729602,5.4027004,4.594554,2.7278826,14
23f593e0bdd46df30ea2edac,1.5067794,3.9870882,9.703459,4.5879483,1.3065265,8.374932,10.318486,9.401506,6.947861,9.11061,3.2527757,2.9702747,6.1762633,4.2830133,3.6046605,-1
23ff3f2a9f66de931ea7af99,1.3855642,4.5650897,9.401101,3.9787502,1.187249,8.5275,11.06289,9.002246,7.1654677,9.030942,2.5494616,3.0258229,6.376177,4.588687,3.719548,12
24216524cb7083f9779cbdaa,1.0847912,4.2846513,9.226562,4.3164496,0.7745691,8.069225,11.553057,8.895573,7.244991,9.142017,2.575783,3.2183852,5.586931,4.7245693,3.6618292,53
24751b37f2c7eabdb0bb90e6,1.7581023,4.8377585,8.845747,3.7940993,0.48853165,8.952324,10.285076,9.906426,6.8957367,9.711804,2.200151,2.9524448,6.654284,4.640949,3.6173322,3
259bd4f449fbee1d727e119c,1.0425825,3.7911742,9.158459,4.591582,0.8050021,8.582205,10.920677,9.231324,7.3237085,9.303037,3.1662571,3.37891,6.176357,4.8254485,3.423951,-1
291849ea7c726f531f7a4340,0.79730356,4.3756113,9.817017,4.4176693,0.60649943,8.619168,10.004395,9.78053,6.4366727,10.313362,3.7127354,3.8068063,5.3989453,4.6851954,2.7491062,14
2952a7dc48357a332e7fc1c0,1.5010831,4.9429803,9.741185,4.4430118,1.2515949,9.365746,9.928553,9.485079,7.408941,9.143582,2.133606,3.4009762,7.6629596,4.7324004,3.5779502,5
2977ed46a3eafa1b82ef6296,1.3332481,4.5239887,9.3518,3.7441795,1.3320911,8.796667,10.537718,9.359308,6.9557924,8.776798,2.5485961,2.840935,6.8966413,4.6170797,3.8223357,33
298cd50ff5a606399306c370,1.367529,3.8198252,8.828945,3.1974726,1.4864674,9.467915,10.691781,9.659264,6.955504,9.28819,3.8030722,3.696016,7.016406,5.3061934,2.9714732,7
29dc9d2bc94011388f815945,2.1013427,4.753375,8.732698,3.0416312,0.64647716,8.75273,10.8680525,9.825241,6.531218,9.923715,2.5187013,2.9389496,6.3174205,4.514176,3.599889,-1
2b70481b45ac861d11095120,0.8738613,4.4627213,9.314992,3.936428,0.19786969,8.486735,11.480391,9.109305,6.610638,9.598416,2.857915,3.2062712,5.6476655,4.3995643,3.155386,25
2ba5b777b3d4ca6c7dd83dda,0.869339,4.4838114,9.318929,3.9202025,0.17075261,8.496125,11.455502,9.1444845,6.584326,9.630183,2.8552392,3.208409,5.656374,4.400211,3.1407092,25
2d6da583be18ccb0628ec2c3,1.1434797,4.0200624,9.3186655,4.594145,1.3554271,8.638454,10.712039,8.888314,6.6578517,9.2208805,2.985552,3.72118,5.1323366,4.3626833,3.285324,50
2e3bc80a8dc57d31207ee182,1.3926362,4.0630164,9.138742,4.5855308,0.22697435,8.01937,10.109295,10.233082,6.897665,10.344143,3.133182,3.320523,5.9229937,4.840081,3.424171,47
2e4f31b3253f4f95e12654e8,1.4486216,3.8961756,8.821384,3.1771343,1.5075544,9.488588,10.654266,9.657811,6.9696603,9.234468,3.711394,3.5891173,7.1362247,5.202344,3.073442,7
2f95764b48cab241d0a5070a,1.0684197,4.5490627,9.615633,4.6803412,0.6567167,8.747837,9.785906,9.654549,6.5344653,9.921301,3.0868099,3.231107,5.7203765,4.1987767,3.2152543,-1
3005d70d160b9c600fb240ac,1.3386602,3.867488,9.450414,4.597192,0.88970166,8.650115,10.854722,8.848368,6.749924,9.3409395,3.235914,3.3699558,5.2152705,4.5909977,3.1436458,51
3091a41bacac0560d06a7ca7,0.94745404,4.336113,9.657651,4.890388,0.81059295,9.12192,10.156467,9.0078945,6.79929,9.325848,3.0569017,3.270705,5.628307,4.2302523,3.1471088,46
3196554acc6709cc96145fe9,0.9886092,3.9323983,9.02611,3.8674326,0.4700074,8.46106,10.585944,10.106878,6.9382844,10.155882,3.6710033,3.5158331,6.4149327,5.0451975,3.0710042,17
31e3a680449183f87ff9480e,1.087181,4.106508,9.167267,4.094134,0.20759673,8.728701,10.708699,9.601194,6.224772,10.046711,3.3080926,2.9917362,5.8976836,4.038137,3.0428057,11
329a4e0a9869ab50d632dec8,0.98302364,3.6582742,9.143061,4.559553,-0.117869906,8.04145,9.947008,10.37349,6.2815666,10.056258,3.0580804,3.0350664,5.8111377,4.6265874,3.492938,38
32a5b0d5c67c754765c76e68,1.1872408,4.326476,9.182872,3.852962,1.0963908,8.647523,10.088554,9.821554,6.6315694,8.906884,2.6384737,2.7261662,6.793674,4.416984,3.8206117,29
32fac6245965e358e5ee8ed9,0.7025092,4.579645,9.842649,4.3806753,1.2147057,9.074511,9.685795,9.307549,6.648106,8.628768,2.6816027,2.6872976,6.3501863,4.391516,3.837037,26
3309ed8fea7a822cabd1e724,1.9413868,3.829253,9.1363125,3.314892,1.3172122,8.599574,10.160286,10.019554,6.0331936,9.035915,3.1563885,3.204678,5.694203,4.780999,3.5096345,-1
335e9b78386a16faa1f31557,1.1570618,4.192431,9.643503,5.0028048,0.9107434,8.404536,10.322139,9.3026705,7.093981,9.517383,2.8931549,3.5804744,5.636892,4.7087345,3.4032187,-1
336535a9639bfd448bd9ef48,0.9096802,4.512065,9.322788,4.064794,0.081919506,8.482322,11.2913,9.248704,6.6390314,9.7828045,2.819369,3.2577944,5.6169705,4.4567437,3.154232,25
362b1f4c37356be5d96ab28b,2.012196,4.370124,8.900573,3.0690866,0.7479769,8.552035,10.887348,9.788246,6.3013625,9.797571,2.9087665,3.0526853,5.9259396,4.4894133,3.4909494,23
37545b97fe03c235f025488a,1.1291779,4.0338717,9.311261,4.5363398,1.3031192,8.667803,10.787734,8.858396,6.69015,9.217563,2.9832063,3.6853154,5.2069354,4.398845,3.2774816,50
378c545c3d71e24bb5f13351,1.4179891,3.8937397,8.795527,3.1373842,1.4998006,9.449123,10.736691,9.664628,7.016094,9.277637,3.754177,3.6382308,7.14665,5.2460155,3.0296214,7
37ccec51ab8a9c5c58a75a49,1.5952611,4.539722,9.342586,3.656977,1.3840525,9.182604,10.192806,9.534075,6.903266,8.424323,2.258023,2.8007092,7.347258,4.8699875,3.9222248,34
39023eb126c1f411edaa4666,0.5843092,4.4331975,9.710891,4.833795,0.75371176,8.703365,10.366532,9.491962,7.0408497,9.534188,3.3164117,3.6211,5.827202,4.462179,2.9919562,-1
395386a783cf868949bc75b2,0.8533475,4.5696745,9.366509,4.165578,0.07702414,8.518706,11.104471,9.3653145,6.689113,9.928524,2.8754752,3.3520494,5.665636,4.5010157,3.1025403,25
3a5458953a421871d06ff512,1.4937879,4.9228926,9.725736,4.4093165,1.2608693,9.3522415,9.953218,9.485161,7.392468,9.120971,2.1526797,3.390522,7.650794,4.744008,3.581005,5
3a9a0868ef68cc8b8414ea4b,2.05544,4.1167026,9.298139,4.139782,1.3292731,9.051478,10.218214,9.690358,6.7157006,9.205084,3.2049258,3.6243484,5.677017,4.5713115,3.137781,9
3ea376d6a3bef92726368eff,1.6061513,4.1842403,8.348306,4.682328,1.1391282,9.232273,8.3664665,10.430217,6.681247,6.62999,0.5113099,1.9167539,7.076326,3.8656015,4.739559,1
3f26c6461ee0b340152c7e37,0.42528042,3.911528,9.594425,5.000051,1.1514755,8.250319,10.717654,9.453497,6.9348,9.139084,3.780223,3.5745811,5.511532,4.107584,2.93152,35
3f2748dbf5dc84f0787237e7,1.4088155,3.8686018,8.7547245,3.125879,1.4943116,9.4986105,10.7340765,9.65227,7.0160484,9.268244,3.7659473,3.632488,7.171622,5.265523,3.0363262,7
3f2da82212cd116bf11087fc,1.4571599,4.5077276,9.391361,4.3891006,0.87983334,9.236134,10.927943,8.651123,7.28196,8.728129,2.162441,3.225058,6.2707996,4.942796,3.5710485,56
3fccec2df6803c486b4b29e6,1.2534822,4.3079147,9.858444,4.78276,1.4822063,8.674711,10.29533,9.148654,7.0907445,9.107332,3.2771626,3.306736,6.1630707,4.1623077,3.3026743,44
406870fa9c3eed79237bb230,0.9946611,3.9392426,9.027686,3.8735259,0.4720133,8.461927,10.582297,10.105149,6.9370966,10.155613,3.666971,3.514672,6.408273,5.0398736,3.0729635,17
40bf009db7da97496399c0f6,1.3963921,3.2546837,9.725965,3.7179081,1.325702,7.95213,10.435088,9.861187,6.206703,9.127294,4.1989326,3.7632575,4.922534,5.639963,2.990025,22
4123f42478d5febef94c229f,1.2739913,4.5966525,9.330284,3.7834597,1.3978372,9.0950775,10.393146,9.395998,7.058804,8.718002,2.5241575,2.959142,7.3216224,4.6335125,3.7047768,33
424253ba0dd9dea52993776e,1.0000292,3.996454,9.951431,3.9128737,1.5663513,7.9292006,10.637068,9.224083,6.9585667,8.804901,3.6297197,3.1340399,5.7052197,5.252742,3.5867825,6
4242687895653719091925ae,0.79739267,3.8569486,9.526006,3.7465317,1.184348,7.662454,11.444734,9.021881,6.654155,8.547635,3.3378603,3.023793,4.9809475,5.0424075,3.5772963,-1
43dbb045219ae79e9afa1635,1.356323,4.415579,9.582407,4.445543,1.0688184,8.722831,10.434033,9.302161,6.6666884,9.760764,3.1870472,3.8457818,5.2903304,4.53634,2.9495902,-1
4635c8c17ff28fc7f246eeef,1.9889693,4.2760363,8.960538,3.1360486,0.8128944,8.546819,10.808956,9.78652,6.251173,9.754731,3.004789,3.0649452,5.8428946,4.4894257,3.468994,23
46bd28b2a9fe817ca3ecf104,0.86308736,4.1462674,9.815457,4.1529446,0.53242785,8.461852,9.969473,9.972368,6.1218615,10.50062,3.9620087,3.8308737,5.1521344,4.870592,2.6550748,14
46c566e3bf5cbb436a46f8ac,1.3993943,3.8550823,8.848512,3.1726277,1.4753385,9.408048,10.683369,9.651013,6.979879,9.296342,3.7989075,3.6209033,7.0703783,5.275547,3.0349696,7
478bdc909cb6d99dde3ed7c8,0.07630621,3.7331061,10.182565,5.926125,1.7816296,8.51993,9.074453,9.457493,6.935565,8.048329,4.048636,2.7566636,5.4464827,3.9655778,3.461074,4
47a22a804cd0fb40713be2a3,0.9992225,3.8693662,9.489592,4.9020734,0.62390155,8.266369,9.953147,9.812217,6.800352,9.303832,3.0427728,3.0579286,5.5693088,4.679494,3.6710732,13
4af4614b101d73396ea82185,1.2283776,4.362215,9.82666,4.869112,1.2843597,8.720187,10.125304,9.278766,7.0175595,9.22819,3.070017,3.382364,6.0348797,4.2869687,3.3268387,44
4b33ef007fec52e7549e196f,0.95199746,4.204709,9.563291,4.799142,1.2777798,8.527211,10.6105795,9.212737,7.0373664,9.159413,3.081228,3.6205904,5.860602,4.3615074,3.2322404,-1
4cc09196b7a1fdc448300b26,1.454428,4.435762,9.475307,4.5565333,0.8937839,9.148001,10.756801,8.757329,7.214669,8.896602,2.3109517,3.327526,6.10501,4.8470984,3.5025277,56
4d5be8476b6d5a78c8e9e898,1.5030107,4.2967243,9.732949,4.6933355,1.1877774,8.588301,10.061804,9.39986,6.8583293,9.28151,2.6868029,3.534565,5.77034,4.593072,3.5763264,-1
4d9048417143b2c57093c9c6,1.3033127,3.6015527,9.525968,4.8333836,1.4519043,8.015084,9.668312,9.92601,6.5158787,8.949337,3.601856,3.0703197,5.117716,4.144273,3.6550896,15
4e03eaa1e3d992742f8f5067,1.66978,4.2356615,9.2648115,3.3373516,0.81709445,8.507458,10.587698,9.764302,6.160188,9.5926285,3.045786,3.014829,5.9753423,4.4723744,3.4900227,23
4ef67d5e513360967a277235,1.9607079,4.3728075,8.909091,3.0836053,0.74910504,8.523621,10.870408,9.821339,6.331013,9.795979,2.9235702,3.0370088,5.9633675,4.518657,3.5064716,23
502a5d9280005020b4d966fe,1.0647068,3.9898498,9.167876,3.9547527,0.76859784,8.6153555,10.66026,9.828125,6.979542,9.913631,3.6857193,3.617784,6.2829914,4.9848456,3.021368,17
521c404223919063437e74bf,1.0904725,4.0412903,9.440207,4.465706,1.2543662,8.836114,10.786084,8.833483,6.7415485,9.012386,2.9904654,3.5020359,5.544922,4.441886,3.271877,54
52a5f4a3c29842d10699f399,1.4442698,3.9545448,9.13074,4.6039405,0.25345325,7.986391,10.041155,10.271326,6.8545685,10.316231,3.191028,3.3307588,5.835126,4.899468,3.4230094,47
5337314f48e0e9cec29a7b5c,1.2988526,4.02274,9.44871,4.4804883,1.2082233,8.529688,11.283151,8.589956,7.1122274,9.161149,3.1109965,3.5663154,5.409774,4.7774763,3.232707,54
53469f9b03c4d3706c7c0b61,0.8550544,4.5391927,9.759812,4.2108364,1.2302898,9.055311,9.729946,9.388409,6.6025257,8.616193,2.6311908,2.6522486,6.4455233,4.4508014,3.881952,26
54485e1f156861031b977c20,1.0128288,4.0151067,9.164115,3.6852174,0.87421477,8.69426,10.715949,9.817825,6.849959,9.982478,3.870476,3.7038329,6.266798,5.03711,2.8873978,17
5453a13cd707e58b111c0e54,1.3001529,3.3997889,9.62252,3.6945148,1.2274415,8.233599,10.51892,9.704144,6.296381,9.436178,4.1881847,3.7250028,5.0771737,5.441669,2.958247,22
56cf461a8c44ebebe2fe83e0,1.3084515,4.2672844,9.535607,4.2893553,1.4496242,8.732352,11.251505,8.490609,7.1674356,8.99798,3.057489,3.5265057,5.745115,4.7286673,3.223203,54
56f327e4b14556e55a929717,1.4776014,3.785766,9.413711,3.4175594,1.2268293,8.55401,10.819423,9.437514,6.326959,9.349984,3.8033843,3.5721214,5.258914,5.092676,3.051432,21
58c276b1e90a172c066f80a6,1.3895639,4.4149446,9.532916,4.865065,0.6454476,8.717778,10.088707,9.53248,6.9929156,9.899021,2.6186538,3.4735467,6.2565694,4.590201,3.4199116,-1
591dfcf8e8149b13ecf5fc98,1.5212072,3.8130746,9.570696,4.6037664,1.0597217,7.7260528,9.939866,10.187571,6.785446,9.346763,3.2599745,2.7606199,6.087263,4.3329463,3.969691,20
5988805b21113f88b25c7a4d,1.9285027,4.0961475,9.284002,3.5685058,1.2770096,8.292645,11.492483,9.24006,6.7269745,8.925294,3.1675484,3.6556377,5.144427,5.0652685,3.1788957,-1
59f25aff5b0a8b8a8b73c2ee,0.30955076,4.9570193,10.092444,4.988938,0.7045602,9.397077,9.655382,9.254848,6.921477,9.5376625,3.021287,3.7164874,5.9208517,4.3235164,2.909816,45
5cd439c5ea4303f66b67353d,1.199423,4.517071,9.504041,3.9393616,1.3142668,9.144084,9.930401,9.49621,6.7679524,8.606661,2.5512497,2.7584033,6.892931,4.6031613,3.8392186,26
5d7264691717eb2221f633f5,1.3967967,3.896432,8.762094,3.1491024,1.5249829,9.548326,10.737716,9.634894,7.0398126,9.223663,3.7169454,3.6387253,7.22894,5.2676086,3.0340705,7
5f3fccfa555fa14949c11d9b,0.0712623,3.7363644,10.177349,5.9259305,1.7767718,8.522069,9.078168,9.458473,6.942357,8.0575905,4.047519,2.7515445,5.451724,3.960883,3.458449,4
5f846839e3ef133c2cfa7e28,1.651794,4.021201,9.2588415,4.2092648,0.94857556,8.057462,10.031678,10.140857,6.554882,9.632003,3.1540422,3.064518,5.847878,4.3591795,3.672266,-1
62877450df461226e151097b,0.7600313,4.522087,9.558148,4.905755,0.5770502,9.011655,10.216038,9.192262,7.0373406,9.440578,2.760127,3.3012388,5.8952713,4.4203157,3.2627316,41
630608fd5a821b34749d30c3,1.166313,4.5206466,9.243215,3.7274213,1.1672287,8.838534,10.289873,9.69153,6.8437304,9.010136,2.713926,2.8286266,7.130179,4.484739,3.7002714,29
63a9396ffaf230a2494b3178,1.3102183,4.0611005,9.570694,4.484065,0.987165,8.641046,10.804664,8.945996,6.6727962,9.515888,3.327142,3.5199223,5.4364157,4.4041266,2.9953768,51
64e1bb3e0ba097f7a53d598b,1.1684628,3.576579,9.676648,4.918873,1.5748492,8.235885,9.821048,9.676705,6.6529813,8.787631,3.7673304,3.242641,5.109029,4.385773,3.463083,15
650aa14ad2f24f6bc53dd83d,1.04932,4.2380238,9.135373,4.0292754,0.81420904,8.296062,10.195413,9.830179,6.3588195,8.878661,2.4619348,2.538886,6.2586627,4.185705,3.9192238,24
650e72b68cff6b592d0230df,1.3378116,4.822526,9.510035,4.8892813,0.49213502,9.10767,9.604039,9.704859,6.8621235,10.192622,2.8177137,3.5119221,5.745929,4.425693,3.129492,42
653b494845111be475e271eb,1.6072067,4.154925,8.374261,4.6916738,1.1110492,9.241616,8.358158,10.424495,6.6520553,6.5981054,0.48005688,1.903325,7.091647,3.8354375,4.7160854,1
668b1f6bbc7134d0c55e4e95,1.7390066,4.0402303,9.629618,4.360371,1.481429,8.635546,10.265415,9.528933,6.9780235,9.198178,3.5062072,3.2337265,6.3625345,4.2981706,3.330634,43
66ae2ffbe2fa8a829cf2a5ed,1.9412174,4.293511,8.982051,3.37516,0.8650587,8.562433,10.795803,9.650402,6.3476925,9.673525,2.9029322,3.1672258,5.717375,4.467803,3.4641938,23
674c2a5257e79bc799f07979,1.6034937,4.239777,9.281416,3.4273014,0.8694205,8.625131,10.62997,9.641946,6.2898417,9.568306,3.0715966,3.071881,6.038594,4.484341,3.4438088,23
67cfc9940c3aae1fc5d3785f,1.3061543,4.048099,9.599506,4.4734225,1.057213,8.605902,10.806165,8.951002,6.700643,9.507711,3.375628,3.577261,5.414214,4.459174,2.987232,51
6948779237822dc091b0a4ae,1.3807895,4.457884,9.559901,4.87546,0.64826226,8.752879,10.049507,9.564598,7.0350685,9.939379,2.6248138,3.500073,6.3196855,4.6204195,3.3998754,-1
6a23b2bf3cbf51e85b8d6b10,1.7757776,4.252331,9.140009,3.2236962,0.77157545,8.4981,10.665349,9.80646,6.16779,9.689854,3.0198922,3.0198717,5.954462,4.4902096,3.4912534,23
6a4a54371da1512744e16785,1.1254803,4.435524,9.514524,4.332329,0.9684384,8.47853,11.027138,8.923782,7.1132607,8.54831,2.2024236,2.9019096,6.0365973,4.6464033,3.8641768,-1
6a812f88c226b941d8afc18e,0.5250313,4.2392,9.565821,4.7950144,1.077104,8.380434,10.761641,9.397929,7.011068,9.263157,3.4807558,3.4535232,5.9724026,4.026826,3.0248535,35
6a998087ef6bf7fbb97eb208,1.3426253,4.25345,9.552069,4.3130293,1.4702371,8.645191,11.261274,8.497899,7.1319923,9.046003,3.0912452,3.5937963,5.5759807,4.7253265,3.19789,54
6ade015e9e461ec6f4e29969,1.4211537,4.08667,9.292663,4.386642,1.090055,8.9252615,10.471621,9.413499,7.208064,9.033378,2.9077806,3.4624178,6.424211,4.9214506,3.4210355,-1
6b21206d4318987ec0053edc,0.9525258,4.4936604,9.496839,4.573108,0.6746034,8.541038,10.03824,9.673983,6.4763293,9.926316,3.2016578,3.2080238,5.708979,4.044018,3.1442766,-1
6c84cb47bc505562ebca2cec,0.97924465,4.215413,9.523055,4.4122014,1.2048542,8.433458,10.599621,9.079359,6.5485344,9.201963,2.9079967,3.5476847,5.312444,4.3784366,3.333428,50
6d5de8fce12b5845f5ce2bda,1.4989415,4.9399056,9.74165,4.432061,1.2496803,9.358116,9.9326515,9.485178,7.395146,9.1383505,2.1444268,3.3880866,7.637647,4.7204533,3.5789654,5
6dcbdeb01457613dfd671efb,1.4127499,3.9708002,10.094984,3.5930164,1.2171263,8.053506,9.440297,9.857847,5.3986173,9.153813,2.9342139,2.1309538,5.832403,4.389991,4.389501,28
6dd93a9b2184a7e6f7a96b6a,0.8725736,4.495819,9.318029,3.9035969,0.14054239,8.5225,11.443955,9.159086,6.561351,9.660411,2.8593419,3.208667,5.677606,4.388572,3.120055,25
6df355cc97278b93d1ee27f7,1.341813,4.1779513,9.542284,4.357646,1.4947119,8.581705,11.229522,8.5281105,7.045905,9.081429,3.165146,3.6752782,5.3674746,4.702929,3.14727,54
6e33ea11f2ebb351d70129ae,1.0388108,4.4569736,9.229876,4.070572,0.75078684,8.031036,11.741946,8.824086,7.185686,8.945153,2.372376,3.0751524,5.67808,4.714902,3.7572832,53
6ed0cea3d3e29b33ecc1dc21,1.4101654,3.2714357,9.687344,3.6540768,1.2950261,7.964093,10.392095,9.896826,6.195581,9.1734295,4.1539087,3.7133067,5.013691,5.652802,3.0313106,22
6f36071765270f5f4ea6e221,0.86319244,4.153758,9.813174,4.152512,0.52868056,8.464519,9.968751,9.973223,6.1217794,10.506359,3.9565694,3.829208,5.156095,4.864117,2.655631,14
6f6eec1b1078733699822b5f,1.425337,3.9526873,10.122113,3.570091,1.2405721,8.051202,9.412606,9.877906,5.368679,9.131844,2.9300814,2.1023352,5.8494067,4.389566,4.417189,28
6f76ef15b952b05677045d86,1.4237711,3.976313,9.610812,4.5606327,1.61103,8.788303,10.2434225,9.488683,6.977538,8.828522,3.349909,3.603764,6.1024904,4.5762367,3.2159681,-1
6fa668e5befd3f3d4911449b,1.2775706,3.9083066,8.7896185,3.159706,1.6622036,9.616865,10.862898,9.534156,7.192645,9.12307,3.7633085,3.7392287,7.45201,5.2944803,2.9273808,7
6faf5e939bd8eb9398136e06,1.4315608,3.945648,10.127298,3.5669293,1.2459518,8.05966,9.415074,9.869002,5.3730536,9.146112,2.9405644,2.1180081,5.836468,4.3986726,4.401481,28
706894affa276d8fd6c0f3a1,0.9934345,3.9375193,9.025099,3.8702767,0.47073522,8.460659,10.584455,10.107792,6.939441,10.160071,3.6711223,3.5165482,6.4118905,5.0433545,3.0712004,17
7294dde3318cdc92c5c37df2,0.94214576,3.8464687,9.775424,4.9523163,1.4761316,8.453448,9.673659,9.655052,6.670273,8.788033,3.5774052,3.095366,5.491654,4.2322955,3.472014,-1
732e271b852ddadd910bc43f,1.4217873,3.9565802,10.116622,3.575509,1.235401,8.052687,9.418157,9.871893,5.3737283,9.136794,2.931155,2.1082294,5.8452063,4.389412,4.4109917,28
754fffda3a118e86466a2469,1.3419025,3.9967544,9.7958975,3.8598676,1.1475569,8.280649,9.7102785,9.855636,5.9954576,9.201426,3.0770643,2.6582203,5.88258,4.470132,3.934269,30
758a5f17f7e6b815ac4429f2,0.87155735,4.294743,9.35416,4.1361284,0.49535808,8.654492,11.251557,9.064747,6.646152,9.440448,3.071079,3.2679405,5.711325,4.300428,3.069415,25
7629b9f6d6e83b0cd82da4b4,1.7799994,4.0705023,9.228124,4.3090973,1.1424307,9.521506,9.942486,9.574638,6.6850476,9.143883,3.0521553,3.5847204,5.5823994,4.802816,3.156281,9
765b2010a75084d9ed0e7beb,1.5040549,4.636878,9.829123,5.0666924,1.027284,8.78739,9.97491,9.457572,7.215877,9.667688,2.5491586,3.3729658,6.5345907,4.408417,3.5374866,37
777da00d2625f5c9adc1f409,1.3510444,3.2422278,9.764291,3.7543707,1.2822005,7.94956,10.397926,9.885648,6.1771955,9.176717,4.2417297,3.7340593,4.8983645,5.5905495,2.9953234,22
7894c738aedf1e506d17633b,0.7572481,4.520837,9.581298,4.9190097,0.58893275,8.999838,10.226072,9.178716,7.060818,9.423119,2.7554379,3.3187628,5.8957334,4.440588,3.26961,41
790d234d729f53aa88731022,1.4968623,4.20012,9.262135,3.6421273,0.52026176,8.419316,10.286075,9.996229,6.0199194,9.956839,3.153504,2.949314,5.907027,4.252885,3.401208,-1
79315dd11b0aa1d3a42e5286,0.7997931,4.5402093,9.361516,4.496927,0.74630105,8.250799,10.234351,9.641197,6.4151626,9.714251,3.0336823,3.0001957,5.730462,3.8083186,3.307971,-1
7a424982f62af93e370ae3ff,0.9202,4.1578913,9.611057,5.0084224,0.77931875,8.024197,10.522928,9.545484,7.38883,9.586242,3.2942007,3.3767529,5.7683077,4.7464066,3.375219,39
7a64d8a2bb2f9184396035ce,0.92496264,4.1654825,9.740502,4.807344,0.6318576,8.49786,9.839346,9.64492,6.7580075,9.649021,3.283817,3.2420201,5.3879557,4.6806297,3.4032671,13
7d96331fb181a2d1b888875d,1.2189856,4.3203244,9.894814,4.725602,1.5318121,8.699902,10.32261,9.102074,7.233509,9.067542,3.4567947,3.2069118,6.354239,4.2186723,3.2756126,44
7dd127380776561feeffd587,0.13689964,3.6907551,10.127841,5.8624744,1.7688121,8.498887,9.140455,9.469117,6.943588,8.102141,4.065302,2.7814136,5.415388,4.0065994,3.4435105,4
7ed4bf3d6bdbca5765853999,1.3723936,3.9214656,9.4487095,4.934239,0.8538183,8.546146,10.7522335,8.943275,7.1317573,9.398113,2.8195965,3.5831428,5.48209,4.8756957,3.4165955,55
7f61267b63f69cbb252185f7,0.90231365,4.5158997,9.324246,4.0708795,0.07882704,8.482562,11.3006315,9.24083,6.645926,9.775592,2.8132262,3.2587519,5.616949,4.4558115,3.153453,25
7f9c02cf9c55d11cb0246510,0.9881991,3.976221,9.995418,3.9048746,1.592193,7.881294,10.578969,9.271166,6.925095,8.800089,3.660762,3.1123374,5.702951,5.3082876,3.6085038,6
80d1d66a6964c3e72a8877a9,1.5801373,4.5866685,9.197646,3.725384,0.9694237,8.57349,11.078147,9.198467,7.005641,9.321895,2.5733502,3.0016623,6.297567,4.5932446,3.6730533,12
815e66077471798ac65f0796,1.4771974,4.032464,9.467558,3.6582646,1.0869262,8.442105,10.510811,9.536839,6.2787905,9.3981085,3.2805645,3.205389,5.6371574,4.581314,3.4233665,-1
818332e43445405119ab74a3,1.872604,4.2983084,9.056604,3.136702,0.73553777,8.53359,10.845135,9.758808,6.1996446,9.722947,2.9983418,3.0556085,5.8416953,4.478217,3.4395719,23
81bfb53fa72c7d442dcb82bc,1.445165,4.077419,9.645347,3.7614768,1.0053898,8.278109,9.795348,9.89998,5.964446,9.463965,3.0136366,2.8540392,5.7309785,4.358755,3.8038216,30
81cc957dc912b70adfbd514e,0.9789216,3.8390176,9.521886,4.651303,1.2024148,8.382173,10.293414,9.380194,6.472467,9.1355,3.4194682,3.2693572,5.3106294,4.050514,3.325948,-1
81d554ece657e3efce426758,1.6284237,4.031222,9.40117,4.4588323,1.1017995,9.201288,9.936683,9.531212,6.6392064,9.027018,2.9459746,3.4002666,5.6161976,4.727043,3.307756,9
81df432c665f994ace560306,1.6150184,4.1684923,8.358103,4.6830564,1.1262463,9.232848,8.356381,10.424964,6.6658435,6.612286,0.49499872,1.9127971,7.088654,3.8496628,4.733558,1
81efbc458a9f2e05c4089691,1.0193529,4.0205374,9.559561,4.256609,1.269937,8.694073,11.0329075,8.68135,6.8313613,8.913177,3.291049,3.3084328,5.521776,4.5724764,3.2311742,-1
838dbd8ac5084c6b26fca6fa,1.4292148,4.1226196,9.657539,4.827198,1.2247964,8.633714,10.258664,9.219256,6.9530735,9.090555,2.7989519,3.4902723,5.653802,4.571928,3.531511,-1
83d576912244834dd7597594,1.3742596,4.406282,9.580356,4.462883,1.0839218,8.725597,10.4352665,9.287362,6.692298,9.744784,3.1681767,3.857924,5.2984247,4.5436287,2.9634113,-1
83fec5df59fd4e36c7058966,2.034564,4.339927,8.940259,3.058873,0.7961995,8.548237,10.894891,9.814055,6.3184314,9.6981325,2.8921869,3.081159,5.9267216,4.56604,3.5231829,23
84a2b2e82905a7c54e0b57ec,1.4237183,4.5325265,9.366376,4.337676,0.87463874,9.18536,11.00313,8.658982,7.304416,8.712256,2.1536307,3.2053401,6.2992673,4.9491534,3.591273,56
8629a1f074e56cc4933ed1bb,1.3029158,4.0308027,9.460794,4.4765596,1.2296941,8.535495,11.271417,8.585857,7.100721,9.163616,3.1231043,3.5836384,5.396286,4.773383,3.2167087,54
8629f797093512e1e5d97593,1.4103425,4.0209455,9.132259,4.5879164,0.22651093,8.007672,10.057522,10.2687845,6.853345,10.326349,3.134095,3.3083255,5.893077,4.8484435,3.439561,47
8693e1369cda658359a4f999,1.4968065,4.9559712,9.757268,4.4557986,1.2464384,9.380724,9.917629,9.484516,7.424087,9.154118,2.1209981,3.4178994,7.6729527,4.7163644,3.5773172,5
870713373da185aa63e088b5,1.3867329,3.7681837,9.620255,5.052724,1.2159017,8.694263,10.231644,9.22545,7.0790715,8.772647,3.0224962,3.3517706,5.5193734,4.7106066,3.5821278,-1
88534a3bffdabcf98a9a6409,1.4323518,4.0180025,9.109062,4.606622,0.21002941,8.018827,10.022336,10.297643,6.86163,10.368296,3.1467776,3.3222218,5.874093,4.8550277,3.4200478,47
8867d0b891c3d4fe0a099e62,1.1396874,4.280674,9.230148,4.162296,0.6714292,8.497181,10.250201,9.646059,6.4554205,8.89935,2.3535254,2.6909463,5.993083,4.3344517,3.833158,24
8876639491eca88ccaa01073,1.4453584,4.4575233,9.357742,3.8199804,1.4532409,9.095486,10.554923,9.253707,7.03849,8.802087,2.7190096,3.1255584,6.9856615,4.688203,3.5701826,33
888e00514ca1db3d6c08fd64,1.459842,4.069631,9.291275,3.9193888,1.2325777,8.964058,10.112496,9.697484,6.582254,9.0041275,3.032124,3.2338583,6.1098213,4.7785044,3.4684699,8
88cff39aa25e8db9e0762ade,1.3604808,4.5167313,9.302016,3.7864099,1.3726519,9.121294,10.202285,9.505872,6.9308596,8.5903225,2.453817,2.8271716,7.259462,4.6012015,3.8057473,34
89089947fa76b293a081407a,1.2551765,4.0716257,9.21836,4.4596777,0.49076477,8.115188,10.637951,9.710333,7.0941195,9.997738,3.1444752,3.3727715,5.9041977,4.8987107,3.42267,-1
8951ab2c8c366776d1f669a2,1.0708094,4.3406434,10.034949,3.823496,1.1003835,8.173423,10.562779,9.285461,6.3759418,9.095963,2.8908324,3.330502,5.597635,4.947192,3.4793603,19
898474096af4e30d5ba59968,1.9431603,4.103613,9.265978,3.5632784,1.2483708,8.296739,11.48265,9.262158,6.7196207,8.922146,3.1616127,3.667902,5.1399794,5.074241,3.1693099,-1
89a73292a65f225d255208f8,0.85569614,3.7434752,9.605799,5.137766,1.2456785,8.535129,9.888453,9.564674,6.6758823,8.860759,3.5887425,3.218244,5.2059393,4.151143,3.2683384,16
8a75813c042d6f61018997f4,0.91847897,4.4986463,9.766976,4.1063952,1.2327423,8.976106,9.6961975,9.476558,6.5146155,8.656266,2.6640422,2.6039293,6.4783864,4.4301987,3.9299428,26
8ae579ade1f7b386eced3aca,0.31172767,4.955373,10.090755,4.9885745,0.70426863,9.39637,9.6572485,9.253994,6.920858,9.537895,3.0210862,3.7151856,5.9197206,4.323711,2.910415,45
8b377eb78c78afe4c52ea9b6,1.2664084,3.6063275,9.486594,4.020412,0.3501622,8.030981,9.516026,10.52046,5.8826065,9.833764,3.2248483,3.1266434,5.5874753,5.0113425,3.5891693,27
8b568c449abd02c487b904e8,0.87488264,4.4390216,9.740485,4.208466,0.4791169,8.622215,9.983304,9.90914,6.2196045,10.583756,3.7184312,3.7847488,5.334681,4.6298523,2.6933827,14
8bcc7e8593d5412f886ecc28,1.4758774,4.586305,9.314763,4.1747017,0.89691585,8.931323,10.958567,8.921721,7.2352905,9.020238,2.3301857,3.159583,6.294133,4.833578,3.618232,-1
8be87ffd829637a598c98c47,1.2314004,4.108625,9.238905,4.365473,0.5463987,8.092254,10.81591,9.586151,7.116695,9.900455,3.1188385,3.3698003,5.8527527,4.9166317,3.434915,-1
8c9eca782cfc182346cccb47,1.4650731,4.351563,9.787951,4.719754,1.1461444,8.496031,10.028508,9.457492,6.89054,9.351281,2.6636302,3.5312383,5.8763223,4.5951786,3.5953617,-1
8ddeaf32ee65755f50f00f0d,1.3832994,4.357826,9.354573,3.887041,1.4076122,8.858475,10.244276,9.559649,6.904085,8.700765,2.7151258,2.8930726,6.9800043,4.5733614,3.7384071,-1
8e951912b3106e692f305755,1.6156815,3.9078279,9.516822,4.038464,1.3166268,7.945621,9.626588,10.093873,6.0953765,9.366323,3.1358416,2.892661,5.583473,4.063205,3.9341612,31
8ec8a78ef93f2d57496e45e0,1.5062898,4.951261,9.749526,4.4632645,1.2408214,9.368718,9.912278,9.492012,7.416517,9.161011,2.1251454,3.4106536,7.6610756,4.729901,3.5735376,5
8f1b3ac1132472ce72a329d4,0.8588359,4.156209,9.8164625,4.157622,0.5243418,8.466716,9.962891,9.974521,6.120297,10.513507,3.9578133,3.8313887,5.1552134,4.8617415,2.6517396,14
8f679e6a388b132ce2de974e,1.681927,4.221345,9.248166,3.2951536,0.7916914,8.488973,10.584654,9.78073,6.1364202,9.631388,3.0308175,3.0100348,5.979561,4.505879,3.5079947,23
8fa99a46c0c319b00bf3d7f5,1.0409132,3.83306,9.402361,4.29559,0.9941831,8.910847,10.933401,8.794842,6.4653406,8.923282,3.1267228,3.3880215,5.3317122,4.4906883,3.1254034,-1
91f86eb3035ce226ce71d24e,1.179875,4.5231957,9.724815,4.3704705,1.5316101,8.802499,10.935083,8.557355,7.243856,8.833216,2.8340447,3.3132946,6.1299224,4.549477,3.4125588,36
929cad98770e4de78839721f,1.3670352,3.3090746,9.689071,3.6606536,1.2704282,8.01607,10.3607435,9.902188,6.1830196,9.20124,4.1444106,3.6790109,5.0512514,5.592637,3.039377,22
92e203a67e64825c291abe79,1.4152945,3.2587795,9.716869,3.6952536,1.333063,7.9534426,10.432651,9.875305,6.2028217,9.116303,4.1894407,3.7585971,4.941498,5.647542,2.9969077,22
937dc533a34508f6cf99f12e,1.0514404,3.9686918,9.882046,3.896782,1.5310222,7.9647274,10.677066,9.251531,6.954927,8.890922,3.6608028,3.1644,5.670297,5.237418,3.562675,6
93a7e86b412e93a6c795ff5c,0.8647709,4.2270775,9.802696,4.199423,0.48619327,8.51482,9.955445,9.963815,6.1573753,10.564083,3.9048982,3.8073025,5.221571,4.803967,2.6707082,14
9453b771a9749b92983782fe,1.3293031,4.241427,9.553897,4.3133435,1.4786763,8.674191,11.252901,8.481092,7.142955,9.028847,3.1033256,3.5778005,5.6197557,4.7269077,3.1975565,54
94726055ccb75b32dce17056,1.277897,3.6225414,9.62933,4.914396,1.48652,8.258686,9.721481,9.826334,6.673952,8.882372,3.719785,3.1884358,5.251933,4.3011966,3.4672816,15
949b554ca4c4e72a032c00eb,1.3706988,3.9893017,9.938614,3.7421443,1.1827523,8.171426,9.572859,9.854164,5.720286,9.150367,2.9698365,2.394581,5.867656,4.416967,4.1743655,30
955cb2607774b34f13f807ee,0.40821788,4.0918736,9.6168375,4.9496403,1.1344479,8.2985935,10.736402,9.443546,6.9906516,9.210794,3.6594195,3.5862823,5.722958,4.0418158,2.930803,35
97e3d86f097a9d7a38829522,0.99940896,4.030527,9.178955,3.6817663,0.82600445,8.668492,10.697423,9.838538,6.8100886,10.02945,3.859058,3.6954205,6.2371097,5.0315385,2.8873024,17
97f524708a1133940633cc97,1.0729773,3.726477,9.143425,4.4981785,0.9388111,8.567648,11.02368,9.180249,7.332774,9.331961,3.330607,3.4632099,6.1920815,4.8343916,3.3390052,-1
98093e3be736c8b57e9a5cbb,1.2881676,3.9778397,9.453083,4.803847,1.0070094,8.4857855,11.007703,8.786841,7.1643705,9.32433,2.9516506,3.6108372,5.4394965,4.810361,3.3243642,-1
9855453f52bfe9a7f419972a,1.7952205,4.3415284,8.9744,3.1131692,0.85130835,8.57798,10.848382,9.777968,6.4493403,9.6754055,3.008109,3.070264,6.1907425,4.6242595,3.4750206,23
9900361fbc4d0b8643af8fc2,1.0112275,4.196438,9.33076,3.846274,0.7395101,8.282088,11.398559,9.159383,6.8422947,9.498159,3.2596774,3.3562431,5.6377573,4.741459,3.2030737,-1
9946d1315c23b6bd75f96aa2,0.90457296,4.3554015,9.688427,4.1211076,0.51583505,8.592636,10.046148,9.936274,6.2332063,10.5331745,3.7685547,3.76874,5.394116,4.691766,2.7146208,14
9b6ecd25f8f7f7a9fb28f28c,1.0593901,4.4514737,9.218122,4.2120337,0.7592186,8.093466,11.645311,8.861408,7.3150043,9.017749,2.3760006,3.1337695,5.7539697,4.724459,3.7464345,53
9cde9be5d9bd89d8039968dc,1.3682163,4.194834,9.555571,4.3447795,1.4973285,8.584369,11.258801,8.504914,7.060997,9.075128,3.1493032,3.6788187,5.385055,4.723381,3.142827,54
9d27019eddefdaee1669712e,0.8966343,4.4842043,9.428428,5.092712,0.48477104,8.425876,10.424119,9.508065,7.4610615,9.58925,2.560508,3.405746,5.9094014,4.7785587,3.5109813,41
9d6309022dcaac611c4d3cdf,1.0166624,3.987315,9.7880745,4.3720455,1.5351635,8.232842,10.54211,9.214855,7.054901,8.95191,3.6791513,3.26599,5.769992,4.881098,3.3500333,6
9deb92f781cfc2389ad20135,1.1299739,4.57123,9.741867,4.406613,1.5334775,8.919833,10.884986,8.474388,7.237953,8.845414,2.8250504,3.3439534,6.0953884,4.559159,3.3718266,36
9df9fa44d52813c90ed00b72,1.4054152,4.4436626,9.385812,3.8892965,1.5566798,9.140199,10.601705,9.130933,7.1527133,8.751319,2.8084242,3.1735287,7.013242,4.709409,3.5213745,33
9e6289f0344a9b5c22ce7047,1.7603234,3.8572025,9.411312,4.2588906,1.5920136,8.738743,10.35174,9.615722,7.1213074,8.97002,3.465635,3.4546785,6.5235314,4.664043,3.3352957,43
9eb41179760a81d7ae5dc35b,1.0000931,3.9989407,9.942368,3.9072778,1.5573578,7.93775,10.652769,9.21855,6.9554358,8.820249,3.6318305,3.1418097,5.7024183,5.2448397,3.5739076,6
9ef3de8e2e06d1bf1d674ba2,0.791915,4.454557,9.375422,3.9341443,0.25013617,8.507492,11.410596,9.132311,6.5600877,9.582495,2.9476972,3.2295127,5.6414557,4.38371,3.0921247,25
a06d9a850de703b35bfb25d1,1.5416647,4.0662923,9.562593,4.4700103,1.6017214,8.830286,10.295019,9.460783,7.066803,8.886496,3.2357297,3.5640986,6.3175206,4.5769353,3.2810032,-1
a0a8bdc81f7832b9345682aa,1.175213,3.7464662,9.518417,4.0568542,1.0589861,8.658147,10.464594,9.43863,6.523207,9.312983,3.6463876,3.512444,5.285916,5.0526047,3.1262665,-1
a109503ffeb3c06b12e17ecb,1.804128,4.197835,9.100645,3.1594653,0.87945855,8.549263,10.87445,9.656486,6.2668962,9.657422,3.1797278,3.179367,5.7717557,4.643124,3.3613105,23
a23d1523ce7ef6adf8245841,1.4504778,4.034835,9.184153,4.6487694,0.39542973,8.133714,10.119506,10.084328,6.934791,10.19697,3.1667593,3.394595,5.82792,4.844833,3.3725739,47
a2cd1d0654018591134c1b98,1.1388075,4.124877,9.482939,4.6131845,1.0514246,8.571823,10.586908,8.98942,6.61846,9.40692,3.0994334,3.4762228,5.1764083,4.3849416,3.1961114,50
a3d55ad3531bda4c864eab88,1.059064,4.4822536,9.221001,4.0783143,0.7521216,8.032901,11.75365,8.799155,7.191423,8.930141,2.3325024,3.0535753,5.7078485,4.7312303,3.79195,53
a3de4c77ab9fc130ba7f34c7,1.9803501,4.303176,8.946234,3.105817,0.78230816,8.535287,10.82449,9.8190565,6.262373,9.779331,2.9845667,3.0641072,5.8871,4.501276,3.4695635,23
a4b4cd2e8054260fddda6c9a,1.3961598,4.581174,9.405349,3.8767085,1.4124366,9.206573,10.156242,9.435186,6.9869685,8.611352,2.4278977,2.9111621,7.2520437,4.642482,3.7732575,34
a66d345b5c483feff955ed9d,1.4633962,4.317592,9.7814455,4.7580585,1.1476492,8.434905,9.973104,9.525402,6.882094,9.385747,2.7097557,3.562281,5.8397765,4.598727,3.5865788,-1
a731ef632bc954692c1b33e5,2.03918,4.23004,9.014238,3.2100236,0.8742302,8.563975,10.646208,9.8865185,6.2293158,9.657682,3.0290425,3.1394148,5.8391953,4.5319133,3.4411197,23
a8c3271c6491b33e17df7f0d,1.3607843,3.627978,9.430046,3.9582133,0.37127632,8.075944,9.510067,10.544887,5.9087763,9.81929,3.1903963,3.1370053,5.6262655,5.058374,3.5925171,27
a94c252b6a951efc2834ab3d,1.205909,4.2877626,9.316637,4.2616105,0.7557154,8.128026,10.490084,9.707833,6.8600993,9.989688,3.2742302,3.2433956,5.8780074,4.5286055,3.3757105,-1
a9b77a56cdcba8f8ca7b0d70,1.9436835,4.0283527,9.066067,3.9665556,1.225144,9.90333,9.751415,9.719648,6.5740147,9.233018,3.189895,3.7221763,5.6258116,5.0164604,3.038207,10
aa4f6e195c7325e86d4c4b8f,1.2383332,4.6517763,9.850095,4.539105,1.2893647,8.736788,10.532435,8.956362,7.138303,9.044703,2.635084,3.401374,6.136931,4.5649147,3.4530811,37
aaefac24e4d4dad94bb04b67,1.2676466,4.8147197,9.557641,4.8554606,0.5457989,9.188412,9.651913,9.6261425,6.853526,10.111389,2.846175,3.5700417,5.713408,4.437032,3.0918553,42
ab287b3f7adb730b5d1b303c,1.16101,3.9244583,9.384814,4.38784,1.1811103,8.896356,10.808428,8.841598,6.634645,9.001597,3.04043,3.4987543,5.43912,4.4996,3.2336342,54
ab798e4b9b2f0b69d0ca1bf6,1.4987967,3.8417695,9.497757,4.6254587,1.0008008,7.715948,9.970487,10.228153,6.8175354,9.442632,3.2673032,2.866497,6.027808,4.3393188,3.8915782,20
abb6dc94f3d2733c4237c544,1.226185,4.296593,9.192072,3.8577843,1.102159,8.595495,10.075415,9.856575,6.593466,8.825794,2.590865,2.6946146,6.743456,4.43337,3.8612616,29
ad098b0fed0f49e880d2f36f,1.6206436,4.572008,9.298348,3.5025954,1.3985912,9.150015,10.23348,9.578287,6.843195,8.384011,2.2109525,2.7440045,7.3971357,4.9062,3.9704118,34
adc480ccf0d672ec93761ca7,1.3801467,3.8914328,8.795768,3.1628711,1.5251595,9.504599,10.734949,9.638687,7.0464034,9.243939,3.7466152,3.6531298,7.2119174,5.2526813,3.0117488,7
af041adb27400f575076c637,1.4418147,4.530802,9.335284,3.7735825,1.4240993,9.250484,10.086319,9.514919,6.9217896,8.512305,2.4084554,2.8269587,7.3157554,4.6728024,3.8365133,34
af07c7669f4bc2ddb5f13d02,1.1075734,4.410648,9.769884,4.828336,1.0286098,8.656745,10.159904,9.336809,6.925332,9.495944,2.9945595,3.573731,5.8060555,4.493933,3.2413838,-1
b28018c0ecd538d357bbb320,1.3802006,4.2095304,8.92772,3.8057377,0.5575789,8.115697,10.804031,9.710313,6.4797306,9.701876,2.81735,3.0128772,5.759979,4.347825,3.588814,18
b302b3b43d56f822ce496c2c,1.2657946,3.964716,9.3380575,4.4849505,1.0635487,8.488171,11.336432,8.671746,7.1083856,9.1848345,3.063799,3.4866223,5.4238534,4.7401857,3.2986186,54
b37ce4fa957ed8f833b60531,1.2701966,3.2873306,9.793816,3.9004,1.2010128,7.98851,10.589939,9.602764,6.3068323,9.454777,4.2457747,3.8288233,4.735539,5.587918,2.9134629,22
b3ceaf06bde221c3585707ed,1.2128818,3.94299,9.30645,4.6371884,0.8332306,8.261393,11.171921,8.972097,7.2518516,9.426587,3.0267293,3.4261992,5.6257515,4.8087277,3.4290035,-1
b4574c3d5c0b54558dadd9ed,1.6870098,3.9228277,9.313005,4.46893,0.88057476,8.975575,10.749074,9.001707,6.7179565,9.391639,3.1306765,3.3671741,5.490528,4.4655285,3.1413605,-1
b4d02f1621917bbe72275d54,1.4629481,4.038699,8.8870945,3.2577853,1.335564,9.162748,10.874227,9.538654,6.9775133,9.289707,3.4800115,3.4675353,6.8483567,5.0676255,3.19786,7
b59741b76e4246ffe7c95ca0,0.9527832,3.6273878,9.336578,4.7270412,0.021347223,7.953033,9.773319,10.422604,6.426111,9.991971,3.1541169,3.1613266,5.7768245,4.8601017,3.5766485,38
b5becb58da17afe0bdd95120,1.1620413,3.921281,9.350742,4.488532,0.7178096,8.942934,10.912414,8.848143,6.554881,9.248231,3.144326,3.234463,5.4214807,4.2797413,3.0956686,51
b5c1fd817eddee3760e259f3,1.8092667,4.2909236,8.978394,3.1321428,0.8404601,8.508909,10.924063,9.746733,6.4465365,9.717073,3.0725086,3.1374018,6.0142436,4.667792,3.4380941,23
b668491c1fd9540a83d92bbf,0.65325385,4.21182,9.546883,4.7358184,1.0618565,8.471377,10.831141,9.274801,7.020595,9.246847,3.4304578,3.4345741,5.9618616,4.104112,3.0404248,35
b6aa8d567b5f6ad0daafd72a,1.2644845,3.654864,9.504771,3.9799027,0.36688918,8.062106,9.547851,10.488098,5.840609,9.851461,3.190485,3.089972,5.5851636,4.954,3.600229,27
b7ee6e864cb28aba058c0c95,1.5395818,3.8113997,9.546115,4.601883,1.0335495,7.67498,9.913031,10.264156,6.781801,9.373888,3.243317,2.727123,6.140112,4.3016734,4.0073075,20
b8c2bdebcb323431007b6b20,1.2823027,4.056802,9.259387,3.4343123,0.82801193,8.189323,10.94666,9.716263,6.606143,9.913888,3.6319287,3.3678453,5.758087,4.9419436,3.2088926,22
b9184225d8422f5986bf1a9e,1.1907393,3.9366288,9.521257,3.5955536,1.0371791,8.354361,10.795507,9.545392,6.4597225,9.583342,3.7476888,3.5897555,5.3841567,5.129329,3.0356467,21
b93c54ab462c155ffae8b647,1.0494125,4.1886,9.499374,4.5310917,1.0953401,8.461079,10.562649,9.1052065,6.513899,9.495336,2.984275,3.7098045,5.125941,4.432835,3.2039497,50
b9b0f19598977812933ad213,0.9145816,4.169037,9.61372,4.9979467,0.78420067,8.025575,10.527537,9.5406475,7.3927994,9.589287,3.3007057,3.3757777,5.76899,4.7490373,3.3711,39
b9c0f1fae25857efd2c21004,1.3078638,4.438345,9.430608,4.305425,0.8765103,9.095124,10.961728,8.77792,7.14677,8.878873,2.5373938,3.2660222,6.168824,4.8582387,3.3890445,56
ba0ac122777d3847259c9c10,0.9714426,3.8118863,9.479591,4.678156,0.25895208,8.139307,9.752109,10.2347355,6.44033,9.90422,3.1181319,3.242955,5.7819514,4.7993946,3.4993782,38
bb4dedda66409d4f04a86ff0,1.5202823,3.7814455,9.406208,3.4077108,1.1812804,8.501709,10.804221,9.49157,6.277461,9.397174,3.77589,3.5309184,5.261387,5.0392966,3.0876377,21
bb6044887738cdc714a3d591,1.3089017,4.3119893,9.880643,4.756105,1.4756788,8.70495,10.25129,9.161131,7.1139402,9.098933,3.2834299,3.2580857,6.2364726,4.1926756,3.317639,44
bb6b60756cbcc7713e6f18dd,1.1362042,4.63511,9.963502,4.3483315,1.3187925,8.604979,10.490394,9.065641,6.9566417,8.967794,2.7319736,3.3019826,6.145591,4.533784,3.4812257,37
bc50ebedb08db3571fc1ec90,1.1598372,4.271996,9.159991,3.9070964,1.0027366,8.474168,10.12661,9.850822,6.509828,8.818806,2.523645,2.6140802,6.595502,4.339653,3.9048476,29
bd3f87b7ae2c24c8968327e1,1.7861285,4.2594304,9.148119,3.1878867,0.77013576,8.500651,10.690418,9.7921295,6.1493635,9.682048,3.0110264,3.0175946,5.942019,4.500254,3.4912577,23
bdd41d9426caa9865457a99c,1.9631289,4.331729,8.929876,3.0742545,0.75161695,8.511593,10.884789,9.801258,6.2980666,9.794804,2.9655874,3.0650787,5.928444,4.516556,3.4724305,23
be074da4ab76d9b4d8fc0be7,1.3937839,3.9070895,9.440891,4.9167485,0.85424244,8.545663,10.775412,8.935401,7.1285925,9.404873,2.837065,3.5905738,5.4672947,4.886936,3.4050283,55
be404a90e81fbc14bedf4da2,1.475124,4.6017737,9.268709,3.911681,1.0152619,8.635213,11.064449,9.091252,7.119404,9.195204,2.5083075,3.0222836,6.371163,4.629657,3.6816156,12
be45ad6d9933af11a87eeb6a,0.8542605,4.245639,9.474734,3.939303,0.4313245,8.613482,10.779558,9.571222,6.4336524,9.7387295,3.3827934,3.40781,5.6641426,4.665266,2.9679244,25
be473c5768f456d75f7eec58,1.0198104,3.7154903,9.161377,4.583126,-0.10039957,8.082846,9.968913,10.345841,6.3238864,10.094147,3.070318,3.082413,5.8006353,4.6487136,3.459466,38
bec8edba0151e6e74595eb77,1.2879493,4.264554,9.750336,3.893974,0.9795486,8.190543,10.007396,9.744835,6.244436,9.522122,2.9867854,3.018156,5.776833,4.4987926,3.7230704,-1
bfe021d919473cad490ce29b,1.3209563,4.5316057,9.330612,3.5975528,1.2915969,8.555844,10.823154,9.334302,6.935267,8.449949,2.2026455,2.7722666,6.831676,4.825009,4.0055165,32
bff4eb1dc4b87f01232f42dd,1.0408132,4.515451,9.606047,4.2116637,1.2683651,9.028727,10.05504,9.339637,6.8692384,8.767102,2.7413568,2.8918717,6.630518,4.4686575,3.6715212,-1
c01db870d64043adbb604f18,1.6014316,3.933248,9.452071,3.4776123,1.0741658,8.470747,10.36886,9.757391,6.175713,9.4806795,3.4453604,3.2129993,5.645834,4.774428,3.3923628,30
c0bb12f1b476d17d2e252380,0.9323687,4.1477895,9.297131,4.3299155,0.6765483,8.506393,10.650406,9.767867,7.015609,9.8196535,3.4574666,3.6148195,5.9510565,4.8053017,3.0430663,17
c0ccf738dce4207272c68a37,1.3363233,4.0446587,9.270314,4.365327,0.80561656,8.722031,10.460366,9.252064,6.6899357,8.874303,2.4988177,2.9552968,5.784287,4.624134,3.714106,-1
c1a104f20c8769cca23c6ac8,0.88495153,4.6081862,9.41252,5.035475,0.43405676,8.518092,10.4708605,9.41116,7.4350505,9.576795,2.3870919,3.393293,5.927092,4.740155,3.540278,41
c1c76fa39976a97e68a29948,0.8552466,4.569853,9.639429,4.249684,0.4163169,8.776872,10.089519,9.786288,6.4045105,10.464013,3.4897122,3.73281,5.514884,4.637187,2.7671015,14
c1fdf3f2f10d30f67e79d820,1.1618022,3.2868402,9.711347,3.8354414,1.1856124,8.013785,10.73214,9.514148,6.4144206,9.491738,4.2646084,3.7299962,4.8350854,5.5805845,2.9979455,22
c214d8da53d43d731cbce7dd,1.0823807,4.092821,9.380768,4.648415,1.4016267,8.541621,10.6353245,8.946449,6.6588864,9.279516,3.0219421,3.751181,5.097525,4.298184,3.2752545,50
c4a640aa2ea3b29c61936559,0.98905337,3.8433292,9.350993,4.576254,0.09469678,8.177749,10.130956,10.011921,6.403296,9.914195,3.0673456,3.1815338,5.666559,4.6845093,3.4003294,38
c4eb201106b6da7916860527,0.9504251,4.49532,9.535575,4.5455585,0.79500055,8.931983,10.355075,9.099327,6.865251,9.459742,2.9914916,3.1784656,5.817195,4.337118,3.2493944,46
c58583e798ce39284561c288,1.9428852,4.092387,9.266694,3.5445914,1.2551801,8.290062,11.497025,9.256238,6.7088337,8.915986,3.1767738,3.6677973,5.123968,5.0829444,3.165113,-1
c5cf4fe6160e53f1b9a52f93,1.9988562,4.2869453,8.930424,3.1265874,0.7702732,8.498751,10.784212,9.863911,6.253838,9.792103,3.0030553,3.0909884,5.857593,4.5109806,3.4651656,23
c5fadb32a8ccafa60fb7570d,0.9467069,3.8276806,9.797525,4.5778193,0.9579707,8.235942,10.3074465,9.677638,6.8384657,9.680735,3.960129,3.7338839,5.3446717,5.044442,2.9612303,-1
c67c5e453d573f678f176ef6,0.85893667,4.4956045,9.309894,3.8836565,0.19365068,8.408032,11.537221,9.130492,6.591623,9.584192,2.8254392,3.1846626,5.589298,4.4158587,3.1870923,25
c77b2f69e1c2ed2a50fc931f,1.440841,4.5051284,9.7744055,4.938421,1.0679278,8.745044,10.113795,9.328159,7.1225657,9.393196,2.557499,3.4187229,6.1736703,4.50552,3.5337224,37
c7dd226cb221803ffc39a05d,0.8573754,3.6032274,9.90234,4.2041545,1.0111877,8.211666,10.149162,9.544402,6.000287,9.261983,3.638615,3.7110403,4.782518,5.1895604,3.006396,-1
c833ea9591df0188eefb841f,1.3884339,3.6009607,9.313897,4.4444675,1.031715,8.589228,10.456831,9.608206,7.157848,9.430239,3.626732,3.5634294,5.9775767,5.1268845,3.2700024,-1
c83b992a138bfb597f911c70,0.95648676,3.97239,9.660154,4.1146965,1.0160899,8.599572,10.505369,9.288257,6.36976,9.180172,3.3281436,3.5017774,5.488837,4.8432455,3.0991297,-1
c88f2e6c3f9eaed29c3f7a26,0.54108673,4.1793714,9.609064,4.8933554,1.1726981,8.386946,10.7227955,9.367746,7.030102,9.203075,3.4997528,3.5617228,5.8622794,4.071951,3.0033596,35
c90ffc0bb9d1a9da41fe1b9b,1.2075486,3.9777832,9.314432,4.626291,0.8579662,8.261204,11.198363,8.939578,7.2421045,9.3932,2.9897728,3.428458,5.6003733,4.7865486,3.4344256,-1
ca0e7ae784bf531032ba9160,2.1061783,4.136101,9.246225,4.0183744,1.3043904,9.118468,10.242447,9.660026,6.6242776,9.2401,3.1568136,3.6217163,5.612948,4.5901303,3.1371148,9
ca5d7c65aff546cf509ea07e,1.4551535,3.9371274,10.084165,3.5882733,1.2048677,8.083397,9.451779,9.839356,5.4075108,9.169889,2.9654443,2.1406798,5.812539,4.4221168,4.3783484,28
cc40a4441623edd1a271928e,1.2552485,3.2401013,9.789214,4.044513,1.2722555,7.9684577,10.362181,9.767653,6.352838,9.371231,4.3179526,3.7456563,4.8817453,5.4768047,2.9890945,22
ccc782d8d816ce6801d77df4,1.1908737,4.0485973,9.300765,3.5305345,0.8574592,8.23368,11.038234,9.58374,6.7128253,9.842798,3.672072,3.4622958,5.7100177,5.020259,3.1331935,22
cd1567b0bdf056fe15c3a69b,1.4442884,4.602342,9.4117775,3.8556614,1.4203085,9.047649,10.459397,9.305099,7.1070385,8.736744,2.476305,3.0026064,7.168118,4.6854563,3.7277596,33
ce6178a919a0f4f4334e4ed1,1.6137112,4.170721,8.358407,4.6826305,1.1263448,9.232609,8.358797,10.424563,6.6677856,6.6154885,0.497237,1.9133162,7.086201,3.8508198,4.7315307,1
cf16a4504f8d0c924545b40f,0.31092203,4.9699206,10.077085,5.014266,0.67983764,9.383412,9.667377,9.271666,6.9458003,9.561326,2.9992232,3.7349644,5.918416,4.3218274,2.9048228,45
cf5636eedee491ac1c923854,1.6507733,3.7941484,9.458103,4.3208838,1.4660671,8.6527195,10.342673,9.583326,7.0899205,9.059224,3.5082853,3.469682,6.323834,4.798067,3.3125503,43
cff5bb99da7c07bd27f27ee9,1.1505258,4.051524,9.30545,3.5622504,0.865891,8.22913,11.10722,9.513342,6.7281513,9.746748,3.6142728,3.429356,5.716734,4.974586,3.1575258,22
d30b4acd848054ed5dd3086e,1.1873525,3.8877125,9.253555,4.6203346,0.78685254,8.341324,11.006016,9.148959,7.2966948,9.533308,3.111386,3.4392102,5.9008965,4.843053,3.4314022,-1
d3411ea26ab7516c8e1b8e97,1.1583294,4.428197,9.1808,3.7826233,1.1372883,8.787095,10.124515,9.783991,6.721769,8.941204,2.6658897,2.768188,6.987708,4.446663,3.7622008,29
d383ec76eb3d5afacb00751b,1.423279,3.9558208,10.116014,3.5752249,1.2336044,8.051516,9.41899,9.871469,5.37399,9.138251,2.9323277,2.1068294,5.844561,4.389167,4.4118953,28
d3ae3e65ed1a72f71e454ee6,1.1172062,4.307233,9.24357,4.184189,0.64814866,8.499638,10.256257,9.634087,6.469648,8.899399,2.3310921,2.6869307,5.990412,4.327579,3.8314135,24
d406d8a431c2adafe541e7a1,1.428806,3.9422066,10.128829,3.5581946,1.2499923,8.054398,9.404171,9.888177,5.3593984,9.1198225,2.9238775,2.0933173,5.862175,4.390095,4.4257665,28
d4efb0fd202d90a7643ba193,0.49971554,4.8248305,10.044256,4.76012,0.7809548,9.244561,9.696693,9.315546,6.776721,9.487905,3.0119357,3.5857205,5.9459543,4.390741,3.056217,45
d5fd9c334d8baf3e2798ad7c,1.397482,3.3035893,9.666948,3.6227987,1.2840842,7.9946246,10.3538265,9.934264,6.1763363,9.173292,4.1484346,3.684317,5.075597,5.616948,3.0408514,22
d6389e1f1cd997076043b0b3,1.0941553,4.1128335,9.338872,3.6894164,0.8718288,8.250184,11.163377,9.38541,6.7822375,9.625645,3.4949522,3.3764088,5.7521944,4.841049,3.191763,22
d63d1c324ce925cdcb8e7670,0.91319233,4.478148,9.293046,3.8698852,0.16487643,8.49092,11.449271,9.193517,6.5471063,9.655429,2.8684711,3.1891975,5.652198,4.395159,3.1457922,25
d6bb221bf5087ec3c3e3aa19,1.8474861,4.2464814,9.025383,3.1620836,0.78822917,8.458255,10.837306,9.801587,6.3077726,9.820573,3.1516297,3.1581244,5.8373756,4.6055374,3.386887,23
d7e3ec7c2d6c42f0e1825ed9,0.89184326,4.4810534,9.711356,4.188038,0.4712582,8.652223,10.016021,9.881914,6.239532,10.571904,3.6655378,3.7704918,5.3652554,4.6111937,2.7081842,14
d87e0e59ba94123b4e0b7447,1.339429,4.218414,9.541695,4.326856,1.4700116,8.675827,11.252027,8.490093,7.1446896,9.029035,3.1085978,3.5844762,5.605782,4.734035,3.1957417,54
d8be34361f4c253de108ca38,1.3577615,3.6205447,9.446336,3.9479868,0.39107916,8.066962,9.500898,10.541184,5.896414,9.806286,3.2041676,3.1317716,5.622494,5.0597124,3.6003928,27
d9631af872adeee080c059f0,1.3349015,4.235715,9.549965,4.3193617,1.4816958,8.677104,11.25908,8.472377,7.139425,9.027393,3.098342,3.585171,5.6091104,4.723552,3.1948614,54
d9731de596334f5c1e46d842,1.2692473,3.6691003,9.533756,4.6623755,1.3467306,8.025665,9.758376,9.90423,6.4344893,9.0220375,3.5197742,3.0701852,5.172691,4.227342,3.6394367,15
d9983e676090b500b47cee6d,1.0850039,4.1463194,9.395636,4.5757775,1.3720816,8.562774,10.617878,8.917237,6.5513887,9.336249,2.9857826,3.7428634,5.045859,4.2415085,3.2539587,50
da6a29d280834f9c6ee19a67,1.3063209,4.0147324,9.334671,4.120881,1.2842792,8.402244,10.6767645,9.156224,6.4031987,9.061618,2.9240725,3.2840774,5.4200554,4.268959,3.515735,18
dabc2a9dd734d740e7742a5e,1.1233442,4.576645,9.749856,4.4163485,1.5493399,8.9428005,10.887243,8.448388,7.249136,8.846577,2.8408763,3.3597977,6.0663376,4.5622864,3.3486528,36
dc2397bbac7b4aea4c34039b,1.2649231,3.2771094,9.72764,3.8207834,1.238961,8.0685835,10.565339,9.644069,6.3066435,9.445571,4.296322,3.7622452,4.8178434,5.5347877,2.953766,22
dcc4732e972778911f6105c9,0.83574635,4.392578,9.40579,4.464307,0.7315752,8.482855,10.333946,9.643525,6.4533877,9.751385,3.3114364,3.1231337,5.8660054,3.8528774,3.1115744,-1
dcc8db2d4c3c6a951563e38b,1.4280154,3.8475301,9.355223,4.5446444,0.7542577,8.786324,10.951248,8.884103,6.739203,9.449424,3.2456815,3.3034286,5.442775,4.453259,3.1146472,51
dce850febbeff81bb1bad8e3,1.3954276,4.4050946,9.394989,3.9361594,1.5771279,9.118088,10.671331,9.052566,7.1759357,8.760482,2.8686554,3.226113,6.920164,4.721473,3.4764962,33
dd29fb8a5447b033619799f8,1.0400789,4.498927,9.701034,4.643673,0.7499378,8.6531315,9.915551,9.599904,6.620044,9.839836,3.1246119,3.3338993,5.7725606,4.3050127,3.2167606,-1
dd3e27e36663ee547f7d666f,0.9009574,4.326765,9.477353,4.7598667,0.6020812,8.595121,10.489552,9.630238,7.103253,9.580801,3.1417768,3.4518487,5.9039083,4.5610814,3.169408,17
dd52dfd7c241b2553027132c,1.3352433,4.8297234,9.512685,4.9159827,0.4856552,9.1050625,9.62977,9.685782,6.895522,10.194188,2.8019161,3.5106685,5.7386346,4.4327993,3.143077,42
dd9f3fb1588efc32a5d9e226,1.3092209,3.6126938,9.515562,4.8067145,1.4295074,8.014074,9.691761,9.914016,6.5046687,8.962156,3.565471,3.0656133,5.120533,4.1552806,3.6641736,15
dde609c87eb9a91f787cd9b7,1.1094457,4.588115,9.762563,4.4242406,1.5495808,8.937701,10.866397,8.460106,7.244667,8.851312,2.8394861,3.354004,6.073966,4.5459805,3.3518467,36
ddf22f9121c41abba209b2a3,1.2786022,3.9820275,9.295581,4.376067,0.8657159,8.231879,11.334141,8.854129,7.062469,9.299549,2.9313948,3.2909932,5.461381,4.741702,3.4929087,52
de7aaf2c9f7414fb13f28a5c,1.4065639,3.96119,8.810914,3.204661,1.554425,9.4899645,10.790501,9.548824,7.092704,9.134116,3.6113176,3.5869887,7.251828,5.19279,3.0889757,7
dff9d314c015ce6d30c0dd04,1.2596877,3.9477549,9.332906,4.4896536,1.0465281,8.491216,11.325789,8.6859665,7.0918427,9.194495,3.0762374,3.4802296,5.422092,4.728211,3.2936492,54
e13b0dcbbf047c18a535f2f8,1.3943496,4.4755697,9.355276,3.4791937,1.4376631,8.66623,10.514643,9.552137,6.807907,8.4002,2.3108156,2.736738,7.0475817,4.86205,4.0138674,32
e1c3940b8e4f362bbea941bc,0.48978207,4.5813756,9.7662325,4.880085,0.740973,8.948113,10.241131,9.293505,7.0645504,9.341851,3.0841887,3.4614627,5.9779873,4.3914323,3.082465,-1
e1eac3c6f5e113542591bdce,0.30811366,4.939372,10.101709,4.9227953,0.74833,9.3884115,9.6682005,9.251563,6.8897057,9.483485,3.0416858,3.6871502,5.9476657,4.3632054,2.9401705,45
e3b1f8369224bb175f41f341,1.4240869,3.9553127,10.111056,3.576453,1.2325486,8.056013,9.424166,9.8695755,5.3805833,9.139476,2.934058,2.1148782,5.8437037,4.3932753,4.4050426,28
e3fb4d8e0cd9c9f7d48c1226,0.62562484,3.49942,9.669228,5.3372335,1.3831068,8.455435,10.137654,9.513776,6.745504,8.701937,3.9890544,3.3884895,5.088462,4.071698,3.0530276,16
e40affb6ce85ab7bca8670f8,1.662032,4.250317,9.325081,3.2553196,0.86260235,8.498143,10.583662,9.731307,6.1053777,9.501745,2.977277,2.9636233,6.016471,4.528936,3.5583882,23
e41c8576e3eaaa7de33635b9,2.1044884,4.7505393,8.731165,3.0348642,0.6458156,8.747896,10.872506,9.826469,6.527086,9.926214,2.5244946,2.9374483,6.3109384,4.5155516,3.601184,-1
e4acdc98a3e3bf172c422762,1.1162812,4.4953504,9.267773,3.8420653,1.1251136,8.783913,10.311089,9.701108,6.883604,9.114386,2.8513753,2.8766274,7.0192747,4.452306,3.6302264,29
e51cf3717394162d7842a1b8,1.6181316,3.9119408,9.446603,5.2743464,0.5582983,9.146327,9.708401,9.431401,6.8201504,9.588943,2.7269738,3.5458295,5.5839386,4.8326464,3.2734935,-1
e5cbf55c4087b785fe7c5805,1.088574,4.0796804,9.35011,4.112603,1.1273429,8.1563225,10.883272,9.15788,6.4395638,9.150276,3.0121875,3.1990075,5.3494396,4.2259283,3.4774594,18
e5d28b39570b46ead1ff1529,0.89640146,4.329583,9.771939,4.2523856,0.5307508,8.517529,9.954812,9.9237795,6.2145915,10.5068035,3.7603486,3.758171,5.3119464,4.6664386,2.735016,14
e6b65097415e0724c1a7e7de,1.3384161,4.524712,9.358683,3.5793529,1.3501365,8.656617,10.609333,9.444474,6.8923616,8.459496,2.264802,2.7509267,6.9755974,4.826197,4.0004234,32
e7d0d11ed9dae9c0fa988762,1.1648538,4.516932,9.227004,3.6903293,1.1249336,8.809273,10.2730465,9.741857,6.790744,9.060927,2.7272284,2.8052025,7.1011295,4.469715,3.7037408,29
e8d08736f39614065c97173e,1.9756167,4.317728,8.946916,3.0666215,0.7924079,8.549806,10.865663,9.823202,6.3151035,9.718199,2.9427507,3.0734773,5.9606028,4.573921,3.5048273,23
e910cb87e59819545daed1b7,1.0468863,3.9927542,9.150305,3.8688,0.8027611,8.663093,10.688328,9.82257,6.9524083,9.922031,3.7427099,3.6413481,6.3104424,4.993054,2.9752302,17
e961668afc0d5bcd83709b46,1.9230281,4.085127,9.283897,3.5722,1.2788818,8.297424,11.4839945,9.228905,6.719985,8.925098,3.1830866,3.6613593,5.14047,5.0656915,3.1700537,-1
ea9dfad819de1894b2705f69,1.0015355,4.4316893,9.203134,3.95303,1.087396,9.021091,9.985665,9.777252,6.789672,9.178415,2.9232543,3.0579882,6.8844647,4.5255384,3.485517,-1
eae546cb7ba55c8f5f110ade,1.1938539,4.08751,9.403326,4.0916977,0.71974325,8.377499,10.211008,9.933169,6.4024677,9.591955,3.2558908,2.8419967,6.186644,4.2535,3.5152764,11
ec7034a46736c2fd8a478898,1.3391542,4.6837516,9.599158,4.4554825,0.7996083,8.531544,9.9725485,9.536971,6.757511,9.824792,2.8399823,3.1410875,5.826161,4.359029,3.4657276,-1
ed1e44cc60f670c0d323ec7e,1.4194081,3.9755292,10.101577,3.5561213,1.2121307,8.028659,9.420767,9.861157,5.3485994,9.160617,2.9131417,2.0833342,5.8225765,4.3655915,4.435757,28
ede3823d691c16ffd992e5e7,1.1284962,4.0538974,9.353442,4.138264,0.9715354,8.433894,11.132279,8.894963,6.5736203,9.064563,2.9806426,3.1922846,5.3524885,4.3628683,3.3818946,18
ee89feb65e4468e7e7609394,1.2735013,4.5974784,9.316384,3.7564056,1.3983887,9.07845,10.396403,9.400427,7.0525355,8.699997,2.5225692,2.9453533,7.3351903,4.6403766,3.7095718,33
eee8b2827b1fff78d92491b4,1.1946445,4.304904,9.1738825,3.8631213,1.0863484,8.626689,10.066864,9.840044,6.608754,8.896684,2.629538,2.7178032,6.7560863,4.412856,3.830974,29
efdc3e165d9d80d9e0fe453b,0.99151313,3.9476311,9.979445,4.003879,1.1458632,8.185374,10.296469,9.444068,6.189014,9.140673,3.3222826,3.5402775,5.239767,5.112796,3.234291,19
efe377ca78400cbb0aecccc3,1.9424475,3.8300285,9.135597,3.31311,1.3163661,8.599197,10.163332,10.01835,6.032595,9.036411,3.1558259,3.2045655,5.6924243,4.7805166,3.5091994,-1
f027a3b3e2e241e1868c9df2,0.86503285,4.4100375,9.724723,4.919632,0.7079035,8.927319,10.017801,9.310109,6.8358817,9.556988,3.1194701,3.38413,5.691029,4.359904,3.1288586,-1
f04c3749b111986b008c2d75,1.3581382,3.6208003,9.4428,3.9470048,0.38706207,8.066488,9.496377,10.54725,5.892256,9.811185,3.2027967,3.1307735,5.6205482,5.0611005,3.598754,27
f1459d09a152426572a6760a,0.78966665,4.543139,9.346531,4.497749,0.7318372,8.263204,10.262416,9.636814,6.424355,9.730223,3.046637,3.0049996,5.7427974,3.7998774,3.2832472,-1
f1b6ae3cc2cecda824272d6d,2.1755748,3.5232246,9.156008,4.9806576,1.7024202,9.460549,10.811034,8.193687,7.5804367,7.4378166,1.5519431,2.5960433,6.84526,5.0354276,4.635735,2
f2c051304bc68b72ea62ceef,0.7943079,4.562449,9.523203,4.9536247,0.53656965,8.886738,10.289557,9.24002,7.183424,9.476804,2.621181,3.340413,5.931635,4.527804,3.3534832,41
f3aec04694023d923d5085fe,1.0548457,3.9673138,9.882838,3.8935657,1.5358759,7.968195,10.679514,9.249326,6.959314,8.885988,3.666756,3.16303,5.6659884,5.238246,3.5650716,6
f3bd93fc933a9d5f02d21ad5,1.2623552,3.934119,9.356996,4.385278,1.2461127,8.708802,11.110452,8.718349,6.970962,9.08971,3.1449041,3.5485697,5.509101,4.70708,3.2464142,54
f3bdda11b71a3079e7e567ad,1.0968043,4.2572064,9.364097,4.177072,0.93655753,8.242495,11.696415,8.697576,7.120922,9.04086,2.840558,3.3340254,5.517346,4.7446775,3.3934057,-1
f4070dda9e1526c480a033d9,2.0691242,4.091916,9.245924,4.1157427,1.2543504,9.261057,10.15684,9.612681,6.6360006,9.229919,3.156395,3.648493,5.542775,4.6603084,3.0998616,9
f56129a9c9f39d2a44dda793,1.3189625,4.0149817,9.727451,3.9700394,1.1071051,8.385477,9.747512,9.761075,6.102971,9.036843,2.8569899,2.6407268,5.9574924,4.4869304,3.9758976,30
f58a1ab0775fd18d122bc182,1.0595008,3.775245,9.085526,4.315775,1.0078241,8.654903,11.073811,9.21074,7.313838,9.319971,3.3745203,3.4971895,6.308017,4.854707,3.2837262,-1
f6527d600291e4e3a160c9f5,1.4395154,3.2556152,9.675058,3.6506543,1.3012273,7.9509683,10.415992,9.904145,6.1888943,9.155306,4.1531754,3.721747,4.984316,5.651023,3.032438,22
f676186534fb321177a0e37d,1.5627922,4.045043,9.555069,4.459043,1.611066,8.820781,10.292703,9.474844,7.068814,8.884495,3.2554128,3.5635426,6.332405,4.5833793,3.2822843,-1
f6f61459e6899f536f7789ec,1.2980766,4.1792316,9.668744,4.419112,1.566981,8.64248,10.837298,8.771204,7.2826586,8.965622,3.357326,3.411105,5.995759,4.77039,3.2631638,-1
f85186dab29930bf710d4f60,0.7972177,4.5348344,9.3487425,4.4661717,0.7568292,8.229002,10.293029,9.611253,6.419023,9.700363,3.028938,3.0065417,5.7097816,3.8206522,3.3096182,-1
f8f5a21a3e41d81d3fe48fb4,1.9210309,4.0210185,9.074732,3.9584765,1.2250746,9.867718,9.777135,9.722507,6.572161,9.244938,3.21604,3.7148252,5.6454954,5.033588,3.0463836,10
f8f61ee86ff7710f3e39d277,1.947662,4.091244,9.266028,3.542731,1.2571027,8.289756,11.49878,9.257063,6.7096963,8.914568,3.1778102,3.67041,5.122734,5.0864205,3.1638527,-1
f95e2372d61313938ac6d497,1.3798999,4.205388,9.559149,4.9286046,0.9177635,9.179192,10.011947,9.218441,6.8307767,9.282284,2.83552,3.4807913,5.6777697,4.5345407,3.2192192,9
f9e094a28fd098ded27a16f3,1.2968336,3.349622,9.7268505,3.8472676,1.1786053,8.027541,10.572476,9.662534,6.3019433,9.442957,4.2070165,3.7815387,4.856668,5.5135865,2.9285517,22
fa6f1467cf7fc0172b5dd417,1.4216125,4.1300936,9.191382,4.092153,1.2673502,8.924892,9.813693,9.573451,6.649062,8.255334,2.163762,2.709414,6.727862,4.3808217,3.9737153,-1
fb0553592799eae0ee289096,1.3129255,4.474447,9.398395,3.8540888,1.2931048,9.167118,9.962646,9.596332,6.771618,8.740293,2.6462648,2.835249,6.942195,4.6162186,3.7556436,26
fb5fbbbaa47a249d36fe16e7,1.3923242,4.510735,9.7612505,4.7875395,1.0959451,8.692778,10.2954,9.222118,7.0631495,9.237691,2.559226,3.3537993,6.064811,4.4576106,3.5469153,37
fbbd18bb8ddc3c357de5db0a,1.2122929,4.3156714,9.911054,4.721488,1.5425758,8.686169,10.327606,9.097806,7.2359147,9.06694,3.48628,3.2058861,6.352329,4.232037,3.2682621,44
fc0e6a7e51e91c3ce645a34f,0.9360668,4.5719924,9.722141,4.3496532,0.48348433,8.715535,9.931053,9.83694,6.3303556,10.542665,3.5313532,3.7610862,5.3845153,4.545987,2.7509317,14
fccb4b2587094540839ba64f,1.3991116,4.518926,9.341494,3.520273,1.383674,8.72163,10.560175,9.486656,6.861771,8.418335,2.2456443,2.7475605,7.068534,4.8630514,4.008374,32
fd271f19ae2be707869dba40,1.4603521,4.117851,9.617071,3.6588614,1.0196747,8.357088,9.931533,9.84688,6.016085,9.431231,3.0173256,2.8479917,5.878843,4.4016747,3.7690685,30
fd32394059db7da548573e77,0.056684453,3.736074,10.194996,5.9484797,1.7869214,8.520548,9.062973,9.466836,6.9201193,8.036214,4.0588875,2.7628846,5.4439025,3.943461,3.4610994,4
fd401485e28e412400d6b5aa,0.79736775,4.5323224,9.355541,4.5031643,0.72934824,8.272972,10.244107,9.644966,6.4207478,9.730842,3.0564346,3.005985,5.742741,3.8076468,3.2832544,-1
fe044b1776946389cb2ee0f5,1.4268361,3.21634,9.729919,3.6899583,1.377156,7.9148436,10.473114,9.88325,6.191431,9.055701,4.2351446,3.7846036,4.8930883,5.6751637,2.9868882,22
fe1b80d94e9f24059291ac58,0.91308904,4.6177735,9.469635,5.0814176,0.47350058,8.570225,10.380638,9.399343,7.3703694,9.649931,2.4349325,3.472219,5.8906827,4.697642,3.4739203,41
ff0a2c96172c9d89244520ac,1.0353491,3.9385176,9.89793,4.0600023,1.1171284,8.227179,10.372789,9.425508,6.277209,9.227515,3.3651567,3.5430064,5.285543,5.029474,3.2071748,19
ff0f75f81581e8a920b24e2a,2.1054685,4.7537055,8.72926,3.0320354,0.64353323,8.750536,10.872031,9.828191,6.526629,9.927322,2.5206952,2.9357402,6.3155236,4.5148463,3.6019943,-1
ff85ab956c2363f29ad06025,1.55284,4.037104,9.501141,3.561354,1.0183387,8.383583,10.037256,9.882036,6.018771,9.4736395,3.1591156,2.9158285,5.762217,4.494979,3.668022,30
0ea9fd65590f1e6840c8623f,7.4167557,4.3440742,10.613221,3.8581986,1.9547365,8.868868,10.502074,10.274881,6.1922317,5.496786,1.641993,3.0874157,4.8334036,5.271079,2.940659,0
1300a2498d1631b83863f07d,7.4353433,4.357792,10.630482,3.8459759,1.9564976,8.86732,10.483434,10.292618,6.198281,5.4785523,1.6245247,3.0731182,4.8196893,5.2852955,2.954962,0
1deeaeacea9a800a479fdd12,7.4374433,4.350404,10.631071,3.8532236,1.9648155,8.876451,10.482639,10.294102,6.187991,5.4751844,1.6235089,3.0794253,4.8270893,5.278511,2.9460137,0
3b2cedff3ebfbf2e2bce593c,1.8496296,4.924497,8.782321,3.7569861,0.45081782,9.026098,10.205343,9.955335,6.9294143,9.6947565,2.0236444,2.8787835,6.802377,4.682663,3.6925087,3
4616e5a507f8eff4ae279fb1,7.4009514,4.326996,10.597442,3.8670495,1.9634682,8.880345,10.510187,10.260617,6.1807427,5.5152974,1.6576395,3.1054766,4.850727,5.253495,2.928797,0
49b210694fe9f26f07251344,7.429786,4.37224,10.6397705,3.8300643,1.930705,8.844142,10.483021,10.301594,6.218468,5.473145,1.615573,3.0593245,4.805234,5.2993135,2.9681597,0
538546ccc924f4f9bed9092a,7.413684,4.3420663,10.610531,3.8633602,1.9476627,8.863896,10.518534,10.262067,6.1961823,5.5018916,1.6429635,3.0905285,4.8356857,5.2684927,2.943109,0
64a67c411cabfa71ee011c3c,7.400541,4.3248596,10.597915,3.8623898,1.9759948,8.89003,10.498018,10.268592,6.1748843,5.51432,1.6580821,3.1067336,4.8526106,5.251678,2.9259515,0
6b0cdd08940862d163466713,7.4133763,4.3362784,10.608922,3.8590713,1.9673104,8.880853,10.49651,10.275055,6.1835356,5.501054,1.6463333,3.0949938,4.8411484,5.263485,2.934664,0
6b9c217dda070389bc4d4de8,7.422348,4.3430467,10.616891,3.8565078,1.961709,8.875111,10.494916,10.280292,6.188277,5.492255,1.6382263,3.0878613,4.834445,5.2705755,2.9408123,0
6d7c2a8cc3fb644f7c354993,1.8707467,4.134759,9.148801,4.124702,1.1227489,9.939743,9.628919,9.696841,6.5188737,9.360147,3.1147707,3.7537005,5.489768,4.9845257,3.0391853,10
77acffcbcfeb31400c0f8a58,1.8847971,4.084342,9.13673,4.059426,1.1655687,9.897475,9.673323,9.691585,6.498543,9.320314,3.1618183,3.748162,5.5060773,5.030778,3.051929,10
788f62233f957d57eb621216,1.9057969,4.083449,9.116294,4.052478,1.1621385,9.93709,9.6740675,9.703717,6.5164695,9.311949,3.1581013,3.7480676,5.525086,5.021487,3.0330353,10
78bd367ebd6b8d8397d3a31a,1.0458906,4.2569976,9.127369,3.9763982,0.841133,8.3249855,10.186595,9.823812,6.3220015,8.859452,2.453304,2.5324974,6.2818713,4.1802807,3.9273505,24
7c292dfa6ecb24c2755b7338,7.40561,4.3343735,10.602611,3.8625576,1.9630893,8.877777,10.508175,10.259939,6.1860585,5.505204,1.650856,3.0969825,4.8433733,5.2611594,2.9340262,0
92087c28be1b3a5254aaaae7,7.4148874,4.3503523,10.617268,3.852658,1.9515213,8.86506,10.499757,10.278459,6.197656,5.4941535,1.637999,3.081094,4.827083,5.27753,2.9464214,0
9846272ae8efcd78fe521618,7.4172344,4.347426,10.619333,3.8493392,1.9596837,8.872684,10.4916,10.283607,6.1951485,5.491517,1.6360729,3.0839303,4.830213,5.2743406,2.9461553,0
ac17b569e488e60b3a83fa96,7.4313555,4.3414807,10.623517,3.8490314,1.9801683,8.891929,10.477667,10.29207,6.18591,5.485031,1.631571,3.08932,4.83589,5.2687645,2.9415963,0
ad8cfd3d50c75c48b290e670,1.9084375,4.0917954,9.1192465,4.064364,1.1592627,9.935681,9.671742,9.705361,6.527543,9.314175,3.148751,3.7481554,5.5264707,5.008894,3.033019,10
ade2a320b2d098cc99580807,7.4020205,4.3272495,10.59839,3.86595,1.9640211,8.879948,10.508963,10.262164,6.181975,5.513801,1.6567252,3.1049795,4.850359,5.253878,2.9278693,0
b00b5e94214e3f9278a839cd,7.410998,4.338656,10.600777,3.8703187,1.9395963,8.8535,10.515293,10.262042,6.1877728,5.5097084,1.65437,3.093516,4.838058,5.266303,2.9288127,0
b8d3ed37b0a1baab90759ba2,7.4066906,4.3316493,10.602759,3.8635867,1.9615906,8.877206,10.506499,10.266004,6.1844177,5.509541,1.6523522,3.1006763,4.8459606,5.258258,2.9321637,0
c02eb0dc41c4397791de96af,7.38578,4.304382,10.578335,3.8691473,1.9963106,8.910381,10.4856825,10.263314,6.153675,5.5320187,1.6769953,3.127111,4.8730083,5.2314477,2.9036,0
f10a6e4fe6626d0feb49e3d7,1.9026324,4.0840235,9.11889,4.0446024,1.1638962,9.926083,9.6861105,9.699379,6.5182004,9.309967,3.158821,3.7443879,5.525449,5.0181103,3.0345356,10
f2f8c7628ddc9cbc1cf6a753,1.8704573,4.137842,9.155564,4.1147013,1.1170118,9.930366,9.609691,9.709175,6.499654,9.369491,3.1063104,3.7378707,5.49121,4.992498,3.0567894,10
f76650f09892be3ec39f8e1e,7.421627,4.3501377,10.620402,3.8522668,1.9549631,8.868085,10.495486,10.282232,6.1954823,5.4896336,1.6347289,3.0809827,4.8272705,5.2775426,2.9465272,0
fd781f6758059d741959fa8a,7.4085493,4.331991,10.603737,3.8634772,1.963151,8.878458,10.505058,10.266964,6.1836667,5.507695,1.6511952,3.1001241,4.845578,5.2587156,2.9321632,0
ffde35942f1bf0e827e415dc,7.42271,4.3441353,10.61706,3.855992,1.9610739,8.874116,10.494737,10.280259,6.1892095,5.491888,1.6379628,3.0868645,4.8332214,5.2716384,2.941149,0
006fb75fadf8cd1a33dd26c2,0.4162705,4.8450084,10.022187,4.94347,0.7413178,9.276012,9.80799,9.236257,6.9171314,9.534594,3.0541675,3.6793206,5.8831825,4.351267,2.946014,45
0b9f37f09e29fff4575f45d7,2.2039533,3.4930868,9.12964,5.005806,1.7315786,9.483898,10.826067,8.1773405,7.6029735,7.3997493,1.5169672,2.5724702,6.8549914,5.0178847,4.670569,2
0d95db7aca380d277ad84a5f,0.65217406,3.5199676,9.664753,5.280994,1.386394,8.456092,10.183741,9.500331,6.7543135,8.727322,3.9865274,3.406824,5.1153703,4.107544,3.0399346,16
12112fc0567e57880eebfd4e,1.0816368,3.9277303,9.256393,4.5023513,0.9321937,8.227112,11.461316,8.807585,7.20225,9.167065,2.9886484,3.4119272,5.477945,4.77129,3.4050126,52
16a23d541b0e965c682657cb,1.252771,3.307353,9.78368,3.904443,1.1573918,8.025591,10.532117,9.658809,6.2831364,9.510912,4.256027,3.8113933,4.769319,5.5462837,2.9055777,22
1832728fd82c847a43055e08,1.0927694,3.9304569,9.253048,4.4906898,0.9146221,8.213499,11.4839945,8.790653,7.1992283,9.1714325,2.9769,3.3965623,5.4564056,4.7720213,3.41602,52
19dcf3cb631af412f3c59f70,1.2617042,3.3104057,9.763443,3.8256938,1.1761909,7.987747,10.48808,9.753421,6.225937,9.458855,4.246122,3.7544248,4.8450184,5.514653,2.9537663,22
1dc92fe0fe1b909cc37487b8,1.4570508,4.6120086,9.356694,3.8504102,1.1919086,8.634375,10.950231,9.103191,7.126864,9.050906,2.5147016,2.9525661,6.5670652,4.594334,3.7544515,12
2962b2844216eec509e5aceb,2.1726384,3.524359,9.151319,4.979011,1.7030106,9.454875,10.8075485,8.1946,7.57534,7.431908,1.5484155,2.5992477,6.83792,5.0307894,4.6396446,2
2b990f6e57b28e1459d7add6,1.8145765,3.9454587,9.543092,4.229555,1.4293209,8.526904,10.19822,9.700726,6.853594,9.2762785,3.5456047,3.2662911,6.237036,4.402131,3.356928,43
30eeea091db91e80341fcdfd,2.1761746,3.5121236,9.154055,4.9907184,1.6969577,9.461842,10.813234,8.19637,7.579955,7.4401236,1.5529042,2.590536,6.8364453,5.0326934,4.6363463,2
35d8094d33e9a0e86f595260,1.049582,3.677513,9.293498,4.554568,0.028691232,8.020993,9.729044,10.464528,6.277207,10.016987,3.1241302,3.1182141,5.7692285,4.7903905,3.522694,38
369ba9cf5afe1366fef847ad,0.7621245,4.428369,9.429916,3.9250662,0.2941385,8.543462,11.219892,9.239534,6.4887066,9.635484,3.0575726,3.2450235,5.6886525,4.402883,3.0594397,25
379351581f580205b408ff50,1.5419886,3.9800777,9.372508,3.6617727,0.8861699,8.418767,10.140331,9.951774,6.1067877,9.629351,3.2922323,3.0637882,5.789111,4.4959817,3.480451,30
44cd26a0f4efe92699f17e11,2.217648,3.5011609,9.136823,5.002079,1.7359942,9.49417,10.834149,8.151175,7.62096,7.3901305,1.50726,2.5668545,6.874631,5.054964,4.679427,2
4a29e6e1130196e9d6f08c8c,1.2941638,3.5084145,9.561436,4.9661508,1.5698494,7.993752,9.581153,9.970201,6.5746765,8.846925,3.7585173,3.0851414,5.0697484,4.1277556,3.6327326,15
50ec0624928ca2cbc6dcebd8,1.9819878,4.3714705,8.887765,3.0923617,0.777351,8.50027,10.878702,9.795211,6.335625,9.825507,2.9432642,3.063612,5.942316,4.4848804,3.49427,23
52c1f05436bade59f021a70f,1.3081114,4.0090175,9.297142,4.1694775,1.0584933,8.712042,9.926735,9.580033,6.4635468,8.670495,2.4493592,2.834124,6.171202,4.475663,3.8530395,-1
5758a4f98d19b13f190f376c,1.2642647,4.333493,9.307935,4.6878285,0.41157463,8.161799,10.359652,9.917639,7.2015576,10.220033,3.1124861,3.4441845,5.935033,4.8140883,3.331742,-1
5a99353291240c98b1f499c2,1.9205865,4.0832653,9.112038,4.048456,1.1687356,9.949223,9.669463,9.708079,6.524666,9.305494,3.1537075,3.7531075,5.5309954,5.0211997,3.0322902,10
5f802b1a6e67c4daa30d11ad,1.4489133,4.331307,9.790582,4.7960854,1.1147074,8.439463,9.986698,9.517832,6.9342127,9.428128,2.7006338,3.611971,5.8842254,4.646763,3.5565856,-1
6af502f437028db1b008694e,1.7576324,4.216708,8.89613,3.1764786,1.002147,8.735607,10.98446,9.614686,6.64127,9.534689,3.1231363,3.2058313,6.2892776,4.7445965,3.4003568,23
6b30134944eee1dc9c49b906,2.187745,3.509353,9.163371,4.995246,1.6985892,9.470402,10.819724,8.182608,7.5914855,7.43678,1.5493851,2.5864203,6.8480897,5.0461974,4.637479,2
6c11fa9d8439868bb7809455,0.6444765,3.7795262,9.580735,4.5631166,1.1556224,8.20349,10.696357,9.590541,6.8022857,9.261161,3.8810563,3.6804147,5.5313315,4.6182694,2.9360418,35
701ae0ac78f47b467ba79fe5,1.7679709,3.9689875,9.598401,4.34769,1.4502898,8.631593,10.349121,9.539682,7.0088086,9.143298,3.540364,3.2896159,6.3996463,4.3641114,3.2937856,43
7701e8e12c50c2cf0b1f0c2d,0.8311629,3.5303278,9.716199,5.1605635,1.4880798,8.278,9.865127,9.646814,6.6865106,8.753677,3.95054,3.2656617,5.077605,4.2549276,3.2744393,16
7b3726ef2b12167a0217abdf,1.6756449,4.2502685,9.246029,3.2852924,1.0308334,8.604207,10.869272,9.443269,6.3892183,9.494834,3.1265068,3.1591103,5.929043,4.671419,3.4113348,23
7b3d768dbee9d6d4b5a4a053,1.6174142,4.127539,9.201582,3.6092181,0.9350728,8.3941345,10.474081,9.820339,6.330542,9.574019,3.171735,3.0550907,5.955596,4.3977585,3.4926124,23
7e7cdf3ef1155ce1d154100d,2.178587,3.5191598,9.152308,4.985395,1.7043387,9.460162,10.810714,8.187914,7.5819926,7.4262867,1.5428126,2.5948303,6.840618,5.0345535,4.6444383,2
828aa92130cc7218dfd9c4cd,1.3820876,3.903608,8.774359,3.164312,1.5148354,9.502891,10.785136,9.602727,7.0595326,9.220106,3.705412,3.6237354,7.218676,5.229373,3.0416617,7
879da0bd5d1f6f7ef512a6e9,1.0722177,4.1046352,9.174954,4.10865,0.20980585,8.764676,10.69987,9.579799,6.219745,10.057929,3.3244853,3.0084255,5.8887024,4.034978,3.0118253,11
87d7ae6979bad3fb62ed33bf,1.3077496,4.5797353,9.792604,4.27738,1.4831628,8.672184,10.654875,8.982539,7.1556764,8.860316,2.7486126,3.1776752,6.444255,4.4729576,3.5529914,37
880bba37c59d55e3d11cb7cc,1.3077006,3.4986877,9.553309,4.963509,1.5757982,7.975613,9.568602,9.988188,6.5726204,8.848441,3.7653954,3.0786107,5.064667,4.1217456,3.645893,15
8d586e61b3baf63882de6231,1.0606852,4.3384056,10.018376,3.79494,1.0878385,8.141688,10.632095,9.274514,6.387236,9.093989,2.8970273,3.3320286,5.576222,4.963601,3.4764884,19
903138b3fee2b64f4d66bc82,1.0750219,3.782324,9.093638,4.3521814,0.98078746,8.635058,11.075556,9.196353,7.330827,9.321638,3.335707,3.4743526,6.293646,4.8470993,3.3123133,-1
9561d1a931d9ff97a66dde2b,2.1746116,3.521435,9.150821,4.9815774,1.7033265,9.456142,10.807821,8.191868,7.5774155,7.428352,1.5448805,2.5968304,6.8366656,5.0314703,4.643669,2
99837a869b4512c76c24e7d7,1.069802,4.1655884,9.516307,4.7779,0.7796235,8.142043,10.366509,9.66488,7.206646,9.743702,3.36585,3.3115842,5.859694,4.6980467,3.3591998,39
9c4e8bd773c2877a7475d948,1.3094884,4.0085387,9.298372,4.1800256,1.046546,8.709258,9.933062,9.568751,6.4676485,8.675391,2.4465377,2.8400452,6.1547465,4.4823604,3.8482761,-1
9c706b16cc4f8d50547cc701,1.3546865,4.087281,9.68624,3.9632988,0.9866497,8.303723,9.8119545,9.791939,6.0401998,9.469939,3.006027,2.9849386,5.589244,4.320536,3.7226772,30
9ccf09c3cf66cd09d25aad4a,1.4197003,4.332067,9.8039,4.821711,1.0988789,8.431843,9.979955,9.498623,6.9239216,9.437197,2.7269142,3.5970874,5.8592734,4.6247754,3.5397944,-1
9cfb56b06eb5f180539883d8,1.3851244,4.5215125,9.362371,3.5163336,1.4034154,8.708353,10.521882,9.510353,6.8550916,8.434619,2.275249,2.748344,7.0826178,4.8691034,4.0011973,32
a047fa4fdcf84aa0cad4f463,1.0780419,4.338108,10.042714,3.8191915,1.1045482,8.172649,10.540545,9.301016,6.365735,9.098364,2.8956878,3.3312576,5.6035314,4.9507904,3.4795277,19
a736839a1291baa79c05c7d8,1.1986893,4.4640036,9.7047,4.3898015,1.5532242,8.811578,11.003831,8.480113,7.241183,8.867207,2.911175,3.3970208,5.99314,4.5907006,3.341614,36
b06f2506865c8c08a34fb892,1.305025,4.581601,9.790251,4.2836146,1.4900471,8.68453,10.658872,8.969822,7.162974,8.854617,2.7460434,3.1839063,6.4466314,4.473416,3.547966,37
b36573d30f286919a76c8f10,1.3477064,3.903906,9.404769,4.892248,0.8361767,8.481082,10.822587,8.966704,7.164438,9.446385,2.8579159,3.5802088,5.530536,4.881957,3.4270518,55
b575c410e9c9fcb0303c2e99,1.6199975,3.9913688,9.3258915,4.0908713,0.93930453,8.109294,10.022716,10.128146,6.4486446,9.623649,3.2063446,3.0590904,5.866859,4.411626,3.6402705,-1
bb369689a4b0d27caf6a7393,0.7895686,4.400478,9.46857,3.9015725,0.34383407,8.571025,11.043652,9.373053,6.4634657,9.735937,3.1979198,3.30649,5.7338457,4.471398,3.0131018,25
bc187f8ef8bd9be107a03e50,1.3036618,4.6225076,9.767543,4.594047,1.1462793,8.676425,10.58301,9.02519,7.1629915,9.099583,2.5198495,3.3638136,6.1107693,4.5583186,3.523091,37
bd0d670263d0ba58a104d5a1,2.1909285,3.5064673,9.165805,4.9970474,1.6985242,9.473446,10.821451,8.181371,7.593516,7.4377937,1.5500255,2.5837939,6.8512673,5.0488596,4.6367702,2
be3cfc8d8802d9734792b069,1.0846523,3.9239068,9.254321,4.5018406,0.91888976,8.2175045,11.482289,8.791222,7.203619,9.172578,2.9872632,3.4081476,5.456686,4.774875,3.4064798,52
c3356129fb74b719b3c9f9c9,1.5379997,3.8969736,9.440334,4.909307,0.8527314,9.011816,10.712385,8.731335,7.090634,9.082892,2.648676,3.4223912,5.6480865,4.849476,3.4433224,55
c6764a2a101fd885270f5194,1.0518835,3.6812518,9.289278,4.546934,0.024063203,8.024578,9.727706,10.466622,6.268339,10.021016,3.1214373,3.1145704,5.770147,4.7831573,3.5192595,38
c769e3d00b70a20d99aceeb9,1.0580633,3.8018334,9.119125,4.349472,1.0028679,8.65105,11.048666,9.192305,7.3305645,9.297941,3.3355932,3.457989,6.311041,4.8220944,3.3041117,-1
ccccc75a0563ec3ef4b9c587,2.1578743,3.5417387,9.161376,4.938972,1.6916188,9.439889,10.798838,8.231096,7.547894,7.4768662,1.5905508,2.6089668,6.8359594,5.0312924,4.6045485,2
d964868289c15c0072c34736,1.7389522,4.217599,9.240471,3.4008842,0.8541529,8.575589,10.475497,9.860146,6.1786246,9.701623,3.1834812,3.1573765,5.8607774,4.4970145,3.3613641,23
db1b9fc4b0c5420d351d44bd,1.040031,3.9528427,9.86279,3.90484,1.5342815,8.002894,10.6857195,9.2377405,6.93027,8.902263,3.700274,3.1901922,5.6472597,5.222929,3.5012476,6
debebcd5aacb77492cbf1785,1.455532,4.6087646,9.367482,3.8532212,1.1892452,8.630017,10.939882,9.111378,7.116107,9.0597315,2.5345504,2.9613438,6.557709,4.5872145,3.7419367,12
e1b99df54cf7dc0d62b7061c,2.1884933,3.5094116,9.16328,4.9951134,1.6989207,9.471007,10.8202305,8.181686,7.5920777,7.435542,1.548505,2.5864546,6.848995,5.04663,4.6378427,2
eb211c4997da514cb10cf170,0.9654909,4.4889913,9.240807,4.158717,0.72453916,8.16699,11.368293,9.041726,7.0686026,9.097223,2.4670548,3.0538993,5.7936683,4.535197,3.6590714,-1
f2e3a20c6588a65e017524a1,1.3206803,3.4972124,9.540464,4.954787,1.5737623,7.9594116,9.559679,10.003099,6.5597134,8.85419,3.7525115,3.063628,5.060254,4.102409,3.6625216,15
f3c77544518afe10adbb1641,1.0192648,4.213732,9.252561,3.7841108,0.93254125,8.064925,11.069294,9.389631,6.707121,9.451025,3.2082758,3.1426454,5.723711,4.548963,3.4379113,18
f3e12fbfdad915074ca99a7e,1.2551074,4.391876,9.2867,4.755481,0.36435157,8.210438,10.318232,9.947335,7.233334,10.261648,3.0476859,3.4825666,5.9700513,4.7953057,3.3081818,-1
f3e4eaac2645259c0b9ab6f6,1.1101002,3.4217086,9.740536,3.9544075,1.132193,8.0132065,10.574033,9.550111,6.37629,9.284469,3.9176242,3.6317348,4.998146,5.451911,3.126435,22
f58e624e9bf0c8632f899e73,1.3772542,4.5035434,9.367522,3.5153983,1.4099791,8.687672,10.513096,9.524074,6.839069,8.440572,2.3025842,2.7503588,7.0571856,4.861464,3.9964058,32
f6513e1b1ea0df032c503649,1.17883,3.8925292,8.900599,3.3022392,1.6218563,9.521187,10.870546,9.500026,7.164501,9.095889,3.7398007,3.7636087,7.344581,5.265639,2.8817947,7
02e72c8e99717bf0552ed4e9,0.8766719,4.3963227,9.741574,4.191172,0.4560276,8.586945,9.969397,9.939908,6.1827083,10.603862,3.7464514,3.7877426,5.305777,4.6606364,2.686668,14
03ac7b6893fd9445ba0fc074,1.7520049,3.8252316,9.394848,4.2613835,1.6050966,8.720728,10.359286,9.634161,7.162171,8.934596,3.463139,3.4777646,6.566085,4.7341843,3.3515587,43
09b2d57f01abb97b3c311d5e,1.0005535,4.289842,9.343096,4.21682,0.29938453,8.465048,11.327964,9.055518,6.7505593,9.577085,2.8791091,3.281395,5.535619,4.528756,3.2102778,25
0b022c6849451978a0978298,1.3232784,4.346791,9.375326,5.015276,0.38939363,8.246446,10.060495,9.926636,7.2193093,10.21109,3.040846,3.472952,5.7818494,4.791825,3.3217041,48
0bdb2b94cd436855e162bc51,1.4049722,4.0384355,9.669076,3.8353727,1.0655359,8.14327,9.76834,9.919962,5.9964495,9.392882,3.0364776,2.729547,5.756596,4.339516,3.9169416,30
0d053deafd1a2c8ac5090bf9,1.4396791,4.5344725,9.32385,3.7721455,1.4321479,9.241146,10.106849,9.509379,6.93715,8.508185,2.4038765,2.8300507,7.3399453,4.6573534,3.8320754,34
0e12db953fc083db5e0767df,1.1609231,4.0412207,9.1699295,4.1149306,0.2984776,8.422181,10.373442,9.961641,6.1828537,9.995949,3.284507,2.8998694,5.9716053,4.0622177,3.2682922,11
0e641c4cbf67246c965e38e4,1.3873758,4.480784,9.355389,3.5003142,1.4168377,8.673373,10.505155,9.548526,6.8128986,8.425012,2.3096988,2.740549,7.048985,4.856943,4.0040307,32
0ea823ed9dd9bdddcc48171b,1.7602994,3.3709714,9.480279,4.179665,1.5664579,8.393258,10.185455,9.716473,7.1440005,9.146727,3.992602,3.6163766,6.101166,5.4404507,3.2523286,40
0f2da7f48141eec341e63b47,1.8230653,4.006751,9.22351,3.5538263,0.89428383,8.361908,10.4500675,9.966804,6.3352365,9.708609,3.344597,3.2760198,5.7143364,4.7454085,3.3502707,-1
0ff9a2df99641d91f0ca5636,1.2888371,3.5945957,9.47595,3.9903648,0.35451323,8.024379,9.503073,10.537807,5.856006,9.837997,3.2228975,3.113883,5.58605,5.022675,3.5996253,27
12985114e83e63157a779110,1.4512635,4.6070547,9.358494,4.3218145,0.8923888,9.323379,11.03402,8.596958,7.3554583,8.612632,2.0703475,3.1600838,6.4089727,4.9428988,3.6240158,56
12fdc7ca4c2389e4df452651,1.6607451,4.566713,9.302084,3.5317826,1.4332222,9.26863,10.149136,9.58016,6.873845,8.350339,2.2535691,2.759656,7.502711,4.8964744,3.9394662,34
14963c499382cde2389a9ccb,1.4457356,4.6004705,9.357575,4.3200574,0.888366,9.307529,11.024798,8.612463,7.347029,8.624765,2.0790741,3.160739,6.406664,4.9418507,3.6240277,56
14a4c614197d32ecf627abbc,1.6404377,4.036365,9.612187,4.3818808,1.3935398,8.563813,10.282315,9.569314,6.97681,9.28825,3.5370517,3.2512825,6.3101506,4.3375707,3.311888,43
14c258e71c0db763f21dfdd9,1.4423023,4.0901604,9.637403,3.7515225,0.9947896,8.22043,9.821716,9.909462,5.9805083,9.465688,3.0009604,2.7810512,5.7633524,4.3639297,3.8592494,30
1689ddb046d60cd71392fcb2,1.3656753,4.798321,9.349563,5.027137,0.19825402,8.671276,9.767645,9.869572,7.1056113,10.385611,2.7797503,3.3412364,5.724153,4.5804977,3.250662,49
1694b57348ac55c5b006158e,0.9304531,3.6086767,9.896007,4.187817,0.9834936,8.19528,10.10018,9.648091,6.070559,9.366964,3.7067392,3.6856995,4.8700085,5.2228336,3.0410402,-1
199491c24d85d3b1b3ad1778,1.1601951,4.0548673,9.20798,4.156338,0.42704847,8.359369,10.292906,10.003256,6.1999283,9.914251,3.3213725,2.9218683,5.9467,4.010297,3.2936049,11
1a44293f9397ed24727e55bb,0.83789015,4.4379525,9.479772,4.1295924,0.38119078,8.484863,11.004405,9.2455015,6.5206723,9.613204,2.9467633,3.148723,5.697229,4.312998,3.2006564,25
1afa6a3a6a40e92bacbf870c,1.0027486,3.9896595,9.948631,3.9097242,1.5693091,7.9310737,10.639658,9.226142,6.957015,8.813614,3.6440372,3.138496,5.6997104,5.2581787,3.5797966,6
1b70d25c0e8fa16559f98364,1.4278349,4.01878,8.854615,3.2945347,1.4538031,9.331417,10.837975,9.510073,7.081887,9.156219,3.4882088,3.5075417,7.079075,5.1017857,3.1732628,7
1be4fb1a6fa04c93adae871b,1.0892378,3.739795,9.15542,4.5276756,-0.05156171,8.020209,9.938866,10.411397,6.3744426,10.128901,3.1061385,3.0841455,5.8741965,4.678597,3.4825451,38
1de87031055b657d23936740,1.3271819,4.533837,9.369886,3.6298676,1.3405406,8.684623,10.629761,9.393238,6.928867,8.498098,2.289735,2.786141,6.947647,4.811544,3.9649155,32
1e516c3ba9e7865c677e50d1,0.7876307,3.8136241,9.64616,4.9570293,0.8324159,8.241381,10.160679,9.541553,6.8008842,9.395851,3.4777675,3.3804924,5.291645,4.7409925,3.273647,13
1e80a6284ff43d175a66b1c9,1.3120992,4.1932034,9.245753,4.222015,0.59133315,8.101814,10.571031,9.870551,6.9685006,10.142364,3.365198,3.3690422,5.9334354,4.779106,3.300479,-1
1ead1907f3de96de122061fb,1.3415011,3.852365,9.630406,4.632733,1.0757442,8.127386,10.353672,9.4967575,6.8544865,9.231514,3.240874,3.0022068,5.7617974,4.5178394,3.6663067,-1
1f009984e2e4839346768ac9,1.7429205,3.8135355,9.392596,4.2682304,1.6116194,8.720772,10.34306,9.647523,7.1673417,8.932299,3.4737315,3.4857895,6.574915,4.740036,3.3525424,43
221d60f3efc69190bc209dfa,0.5480488,3.514192,9.641792,5.383733,1.3678035,8.463747,10.145028,9.504363,6.671741,8.697782,4.0063977,3.3387969,5.041804,3.9678502,3.0292153,16
22dc0624669694396ffbe16b,1.6254913,4.5760775,9.350466,3.652179,1.3926667,9.326904,10.1123495,9.562732,6.8707194,8.42068,2.3186016,2.7707694,7.4254403,4.788731,3.9045134,34
248a4a3946fca1604026b144,0.042695194,3.730262,10.204262,5.961735,1.7959416,8.522086,9.051562,9.446006,6.932017,8.024245,4.0676727,2.746287,5.4465117,3.944365,3.4703467,4
248d0f61258cabb996d844dd,1.1778529,4.0467854,9.155808,4.073931,0.28160596,8.449105,10.404935,9.942227,6.1575885,10.015841,3.28176,2.897047,5.965965,4.057391,3.251384,11
25031b6640efae3a60b98dfe,1.9427841,4.3071723,8.947013,3.1258123,0.7809518,8.5868025,10.853118,9.754792,6.286717,9.729381,2.9629548,3.058392,5.9192176,4.490796,3.4610581,23
25196ce72599ce34bb255fd8,1.2578702,3.4124777,9.701384,3.7721417,1.1770996,8.0479765,10.41771,9.829589,6.2310386,9.407763,4.1648006,3.6652389,5.0065646,5.420309,2.993647,22
2880120912f6dd56821d1295,0.960155,4.27718,9.452415,4.4578214,1.0557444,8.354221,10.742348,9.404468,7.1410975,9.355183,3.2429361,3.3160343,6.1216574,4.4499288,3.3311331,-1
29ab15102a1aca6efcf720af,1.4030339,3.97262,8.795808,3.194748,1.5762072,9.535822,10.759596,9.558159,7.1096168,9.1062765,3.5876315,3.575155,7.306942,5.182726,3.0989707,7
29c6046590eb3f6debf96306,1.0105487,4.4808097,9.348524,4.1642313,0.1825238,8.519063,11.153148,9.278747,6.6515226,9.730959,2.8359451,3.298499,5.542826,4.449798,3.1456494,25
2c866464090e335c9b083d68,1.6064961,3.930261,9.502157,4.0774965,1.3162917,7.9014826,9.662881,10.076423,6.147929,9.36956,3.1184943,2.9028711,5.617641,4.063117,3.9341447,31
2c8daa81dbe6aa0885aa7bd7,1.2276782,4.021828,9.312438,4.273047,0.5003586,8.235315,10.212877,10.05116,6.3871403,9.799706,3.2459784,2.8371797,6.087954,4.138459,3.4981809,11
2d669c7413882fb121e8ff97,1.306518,3.8922927,9.418713,3.9627652,1.2325337,8.25086,10.711869,9.225687,6.264247,9.116759,3.1547632,3.1976895,5.3127847,4.3272123,3.4902544,18
2e20154c98c80b5ea234bdde,1.1696908,4.04694,9.157324,4.092268,0.27282995,8.454186,10.405206,9.939882,6.167074,10.02163,3.2822618,2.8982804,5.969424,4.057195,3.2464263,11
2fdf21adbc2a5ee02b32be6c,0.880121,4.3740797,9.741434,4.1754904,0.45734844,8.575237,9.975011,9.945666,6.171883,10.602984,3.7650192,3.7952428,5.2896543,4.679871,2.681158,14
3010b01f36c52b14b99f9365,2.0366383,4.302253,8.92233,3.114602,0.77536166,8.527865,10.794009,9.856871,6.2544966,9.777503,2.9733374,3.0903547,5.866722,4.495836,3.4682348,23
323100496644eca6a34db064,1.7534492,3.8204145,9.402966,4.2694554,1.6072754,8.720509,10.340952,9.638339,7.1553593,8.943199,3.476484,3.4761956,6.557497,4.7288847,3.3473587,43
3362439e146b13245eb07c8d,0.88444346,4.4471006,9.891155,4.1284766,1.2167608,8.85428,9.551282,9.531282,6.365627,8.695833,2.7314832,2.5253537,6.3285265,4.3694415,4.0041656,26
33893553838ae3c10a2cf6d3,2.142477,3.558012,9.097857,4.946297,1.7333237,9.420056,10.774174,8.208729,7.5448728,7.3758435,1.5072259,2.6264293,6.8095245,4.982447,4.681587,2
339a800450c33bbb15d2b0c2,1.5998813,4.56355,9.325458,3.6488943,1.436224,9.286497,10.164203,9.532755,6.9198604,8.456971,2.3610792,2.817104,7.439369,4.797468,3.8608723,34
33ac64ab32d109bf1adc8b4b,1.4915482,4.492686,9.403023,4.3750315,0.9096978,9.264537,10.797968,8.775354,7.208277,8.74326,2.1707294,3.215855,6.349498,4.8986344,3.5753477,56
351594dfbc32e6c0eb7c7393,1.0899619,4.137607,9.401188,4.5659947,1.3553623,8.537164,10.6304655,8.910862,6.525619,9.350879,2.98061,3.7501144,5.009512,4.2616563,3.2483425,50
3776fdf9515d911b6c92f611,1.3487438,4.565884,9.357299,3.8341682,1.4136548,9.123421,10.480017,9.290894,7.1071053,8.737902,2.5723796,3.0475576,7.19646,4.699193,3.6465824,33
38c65652a7fd7ee7771c793c,1.6558437,4.561143,9.29839,3.537518,1.4339288,9.268868,10.150198,9.580498,6.879475,8.355744,2.2597399,2.7651987,7.50128,4.894155,3.9339902,34
42a452505627ad03bd5e2996,1.4369621,4.087428,9.665262,3.7541907,1.001826,8.244104,9.788431,9.90398,5.9543195,9.457043,2.9980557,2.7999406,5.7524877,4.3606033,3.8492227,30
45b593ec55bdda64b8825a43,1.0073789,3.9729006,9.94055,3.9355083,1.5667334,7.9369416,10.60461,9.253133,6.9557624,8.849431,3.683897,3.138952,5.700817,5.249293,3.565725,6
47a964ff2cdc64a7b84e6dc0,0.83671314,4.5388694,9.402614,4.533445,0.6636197,8.470808,10.027562,9.686322,6.382628,9.737845,3.0679731,2.960304,5.815475,3.8767834,3.2739563,-1
47c03f506bbf3775b9184f9f,1.3019644,4.232763,9.303273,4.501044,0.5219303,8.20662,10.360036,9.908367,7.034161,10.182156,3.2687418,3.4034312,5.999505,4.721296,3.2849836,-1
47e78a725dfd33f5b5aab9a9,0.9329183,3.6266196,9.892287,4.1894574,0.9901512,8.192388,10.118224,9.638247,6.085652,9.348809,3.6802847,3.6802492,4.8873224,5.229013,3.0507317,-1
4b986f88d4a21cddab7bf731,1.4391028,3.3558064,9.648611,3.9087806,1.3141974,8.144737,10.368913,9.711156,6.5891347,9.370601,4.102473,3.6149414,5.3845277,5.468738,3.160394,-1
4c828d5d83a7114fda35e457,1.4354368,3.963721,9.127901,4.592038,0.24023291,7.9969687,10.05181,10.267228,6.854232,10.326471,3.1768968,3.330533,5.85095,4.886416,3.4219499,47
4e23b94529fe598a1545914e,1.1515703,3.4460912,9.821225,3.8874109,1.1933268,8.056098,10.43012,9.621755,6.201907,9.298529,3.9720123,3.7087805,4.9080505,5.419046,3.032289,22
4eaa48351f2949af0515d04c,1.528822,3.7670906,9.300122,3.9008567,0.43321276,8.198594,9.661011,10.449844,6.0394707,9.777576,3.0716417,3.131159,5.703371,4.96243,3.5839672,27
4f408986b150d3fc7bda40ac,0.79754156,4.507523,9.739449,4.942153,0.68780553,9.031965,10.0115185,9.274113,6.860505,9.544544,3.0574243,3.4066446,5.7867956,4.296375,3.0912633,46
5043c1d2e42feb0b34ebc7c2,0.8540254,4.462413,9.737015,4.3231654,0.6014886,8.538571,10.191116,9.667903,6.417579,10.117188,3.4111238,3.546827,5.516781,4.4615583,2.9693549,14
514f49092197e2d66d7030d6,0.93322945,3.6146116,9.890857,4.2002444,0.97463185,8.205404,10.087621,9.656391,6.0791564,9.3713665,3.6943805,3.6793628,4.884817,5.221236,3.0499172,-1
51d5d14f65b933738f1197dc,1.1470072,4.382249,9.962873,3.9729023,0.99634004,8.281744,10.119367,9.472923,6.26341,9.353102,2.8407443,3.105062,5.730045,4.546296,3.6582105,-1
53ff108ad96a75a448c0dc0a,1.4526025,3.4634244,9.584708,3.4614475,1.3966419,8.118518,10.432265,9.895921,6.269572,8.850556,3.8572903,3.4543254,5.5197487,5.5446877,3.2411442,22
54151ff68495a31e522139c2,1.615833,3.9165123,9.487949,4.0689,1.3306084,7.897534,9.659036,10.078375,6.1274586,9.3560915,3.1229343,2.909704,5.607467,4.05532,3.9327362,31
5547200ccc96b49d9bd77a24,1.3099904,4.4674363,9.4886465,4.2391644,1.3704326,8.986139,10.478831,9.18405,7.06052,8.971888,2.7194266,3.4155922,6.5183744,4.693649,3.4227612,-1
5587a3d806b4646dfc87a520,0.9405723,4.168321,9.616254,4.8709445,0.79883,8.032599,10.448031,9.5998335,7.339046,9.56706,3.3296785,3.3011658,5.7844896,4.814751,3.42597,39
5610932d2e3fdd2e480f5f72,1.5044451,4.1851344,9.250858,3.662625,0.5149231,8.396042,10.271281,10.01045,6.024898,9.949763,3.138185,2.932987,5.903741,4.245773,3.4220366,-1
56a7310d884ad851780f7363,1.3042965,4.1954412,9.258584,4.3048925,0.56376964,8.118876,10.52281,9.875799,6.995468,10.1501255,3.324825,3.3757617,5.948115,4.7724223,3.3096418,-1
5738c66816e7a21f1c6e99c2,0.87727904,4.45233,9.88099,4.145166,1.2083484,8.855402,9.565834,9.518369,6.382339,8.70224,2.735321,2.540434,6.3158846,4.3747683,3.9896507,26
5745d19ca1d0aaaa31543764,1.9724396,4.31344,8.940337,3.068833,0.776682,8.531411,10.865928,9.813633,6.272518,9.78201,2.9954643,3.0632017,5.909468,4.535332,3.4682608,23
57d42c57b0dd4f574c9a9aea,0.9711742,4.4394455,9.594606,4.6887865,0.78247106,8.928067,10.142674,9.217184,6.8738756,9.47024,2.9622927,3.1777616,5.8616524,4.3532634,3.3031616,46
58ba527cb473e3b9c0850426,1.102635,4.135658,9.400827,4.567753,1.356542,8.531505,10.638223,8.9017315,6.526818,9.361897,2.986671,3.754834,4.997909,4.2637835,3.245131,50
59b8d44de320e1480326fdd8,1.2249235,3.7331548,9.481725,3.5600584,0.979249,8.054086,10.848832,9.6620035,6.477624,9.744503,3.9455628,3.5041409,5.287298,5.238471,3.111003,22
5f4b93887f3192bbd0447adf,0.88372904,4.4497557,9.887928,4.1317697,1.2170037,8.8578,9.558399,9.526362,6.3732867,8.696152,2.73083,2.53026,6.329892,4.3722935,3.9988742,26
6225697332809c8706e4b5ef,1.0531315,3.9740927,9.2250395,4.187347,0.76399565,8.569156,10.653342,9.767081,7.062104,9.842622,3.6346667,3.650085,6.1177554,4.986939,3.0365582,17
6383fb6c7d3f7ac87d881799,0.8709425,4.36666,9.751746,4.1737666,0.46797678,8.579154,9.980305,9.944752,6.1768117,10.602791,3.7909157,3.803239,5.286021,4.694969,2.6704543,14
63cb1276792d5e485b595042,1.7505559,3.9643703,9.189532,3.4304905,0.9147681,8.664561,10.529151,9.661921,6.172901,9.606243,3.290854,3.0585818,5.780112,4.547577,3.3936362,23
651c9552ab883c617cefd3fb,1.0007968,4.230123,9.151127,4.152941,0.8020039,8.286922,10.168008,9.849225,6.4002643,9.049763,2.6397297,2.6675656,6.171759,4.1487207,3.7738214,24
66ad5cf4049215902c624ba1,2.0306277,4.3660803,8.83768,3.109603,0.8171318,8.492875,10.899598,9.719987,6.2987905,9.872661,2.9408426,3.117156,5.9477377,4.4247494,3.4585762,23
66ff9fecb13aba8bbed4756d,1.7570382,3.9659712,9.186276,3.429392,0.91597843,8.667329,10.5201,9.669859,6.1710033,9.606637,3.28748,3.056227,5.783522,4.5448365,3.396774,23
68790d3f82e5c2a859b46212,1.1291752,4.418496,10.005768,3.9571712,1.1161306,8.264081,10.402865,9.333495,6.4593077,9.192554,2.8768158,3.2638283,5.7468905,4.7715564,3.529707,19
687ca12ef9918e75893b930c,0.80571866,4.2314377,9.425003,4.585824,0.66966724,8.562211,10.565078,9.685434,7.072119,9.638681,3.3575003,3.5957088,5.9077616,4.7049336,3.053333,17
69893fc07fb57ad48bfed8c0,1.6108323,3.9191866,9.507977,4.053028,1.3166797,7.8963585,9.648889,10.07899,6.109999,9.368119,3.1185164,2.8861928,5.5995283,4.0561686,3.949215,31
6a28bd7ce2d9807cbed9ed18,1.6372992,4.0312076,9.391871,4.4338007,1.1106595,9.210591,9.928102,9.547896,6.631803,9.00654,2.9385297,3.388125,5.6293964,4.7365274,3.3183582,9
6b527f289be012661f5bf63b,0.89362144,3.573647,9.894199,4.2135572,0.9642417,8.218645,10.07357,9.64673,6.040038,9.409036,3.748885,3.7238228,4.836526,5.185568,3.000959,-1
6c18127f521ea23ef76e04ac,1.210875,3.7793565,9.493245,3.5489478,1.0037574,8.142557,10.858757,9.617818,6.4712887,9.703778,3.9285083,3.5610662,5.274775,5.2377586,3.0557923,22
6c8875a5465306cb27ca88f0,0.5345618,3.5012403,9.67896,5.3841925,1.3731253,8.404654,10.122292,9.547646,6.686608,8.719928,4.0296474,3.3572423,5.0417256,3.9934783,3.0365686,16
6ffa6af40e115303bc1c4be8,1.4367888,4.6089683,9.372631,4.3445954,0.8738276,9.320462,11.048779,8.582295,7.3702803,8.614215,2.0684197,3.1796117,6.38356,4.938738,3.6083007,56
713d72ae3aace90bb6fc4ead,0.9677098,4.482463,9.297363,3.9169629,0.71295065,8.034685,11.75659,8.875379,6.9871626,8.980378,2.5083504,3.101218,5.58853,4.6530437,3.6205215,53
72f414e8c68e4bd80570bb91,1.6582813,4.566021,9.303009,3.5389698,1.4302347,9.268871,10.146216,9.578734,6.8750086,8.350993,2.2478662,2.7586527,7.500381,4.894545,3.9418015,34
7378332504e52f8628a8c10b,1.4056346,4.2930655,9.462944,4.331698,1.1457796,8.350136,10.893114,9.1174965,7.142211,9.098693,2.7206078,3.014478,6.145707,4.4978647,3.7490914,12
737e697bd96226279668e53d,1.1757582,3.3924391,9.72522,4.0607514,1.288965,8.091027,10.342541,9.749665,6.396072,9.257879,4.191107,3.649744,4.989926,5.307459,3.0171592,22
756da80364339e24b33f2262,1.1193331,4.1124554,9.243359,4.323679,0.31437042,8.63596,10.462082,9.755131,6.4233985,9.983245,3.3144155,3.0510366,5.890769,4.2042556,3.1176,11
75bf13a0afa7b9fe7d822f6e,0.57913697,3.5018876,9.674492,5.3792944,1.3784493,8.43848,10.10574,9.536528,6.7201834,8.710804,4.0089254,3.3507676,5.0609713,4.0130825,3.056779,16
78220b08ae6dcdde2286c853,1.6155634,3.9182324,9.509511,4.049981,1.3220617,7.8902345,9.644036,10.082701,6.107467,9.366614,3.1182184,2.8819842,5.5996513,4.05284,3.9556901,31
7854c0f8807ea7c438094d3c,1.4645898,4.563176,9.341474,3.7452595,1.4237571,9.239792,10.139668,9.496818,6.949602,8.4890585,2.3681343,2.8166862,7.3693376,4.696079,3.8485916,34
786f06b5dc2113a780ce671c,1.2063001,3.7752795,9.793009,4.7180934,1.777285,8.334919,10.314356,9.184705,7.7640505,9.105869,4.2967587,3.5202339,6.194122,5.5570617,3.1193714,6
7c8cf1cc3d328f0105b01277,1.3286737,4.4203053,9.412007,5.07181,0.4185905,8.332671,10.037998,9.857298,7.2658176,10.19055,2.983143,3.4816232,5.7985787,4.7709928,3.3222454,48
7cc1daf160b1e2df64cb01d3,0.8884687,4.503585,9.764758,4.264762,0.4875115,8.652147,9.951162,9.871257,6.243137,10.581509,3.6572173,3.7815125,5.3236747,4.576388,2.708529,14
7cdd738ef21f74fa8b3359aa,1.4254316,4.2391973,9.464541,4.7444286,1.1759342,8.8810625,10.033661,9.574503,7.045372,9.325792,2.830897,3.4568584,6.167889,4.6028023,3.4769225,-1
7e20c92193dfdef37c62dff3,0.654666,3.519697,9.681439,5.331826,1.3881313,8.39789,10.037148,9.559633,6.704877,8.749922,3.976397,3.3338943,5.0594506,4.0489097,3.1171265,16
821b7381b40e26e1b6e81e1e,1.6589525,4.56641,9.304184,3.5398948,1.4277629,9.265978,10.145096,9.57888,6.8718815,8.351485,2.2462783,2.7560287,7.496686,4.8924055,3.9438887,34
82427a2f186a659613574aa3,1.5464271,4.014293,9.474099,3.56786,1.0353996,8.388526,10.166757,9.8462925,6.1100464,9.498704,3.2709944,3.0047953,5.7621384,4.540893,3.572067,30
8256a5b54aec1fee5064e421,1.2262717,3.801355,9.769209,4.6940312,1.7510728,8.356194,10.34012,9.185748,7.739144,9.107275,4.272349,3.4926817,6.1770306,5.531053,3.1464572,6
84361970b5469101e88a8285,1.0873497,3.9870727,9.39649,4.9613504,0.59859455,8.500024,10.38641,9.334862,7.0048337,9.36907,3.0464385,3.0924911,5.421415,4.6430917,3.4287145,-1
863bb15ef74103aa63688a61,1.5127413,3.9162219,9.49139,4.603911,0.92424905,8.814706,10.732632,8.968565,6.807516,9.432527,3.346504,3.2850957,5.6645174,4.358238,3.1057208,51
879b2a5ca32bb5a18dbff61f,1.3168527,4.1929755,9.242775,4.219617,0.58943266,8.095727,10.574798,9.872506,6.969017,10.148086,3.3648825,3.3678277,5.9335384,4.7810483,3.302302,-1
8817a30c8a6ed71732d97226,0.8788665,4.451176,9.889257,4.139,1.2165759,8.860408,9.555964,9.524504,6.376915,8.695079,2.7312446,2.5324814,6.3277345,4.3722196,3.9965398,26
8902167c69c31940992a9ad8,1.3635228,4.2967525,9.379499,5.050348,0.44590563,8.215761,10.110911,9.8867235,7.279409,10.151695,3.0660927,3.4827325,5.773316,4.833955,3.3520768,48
8b0c7eccd8c7277bfc5801d7,0.031990662,3.759383,10.213941,5.9662004,1.7621197,8.536289,9.077969,9.449309,6.916332,8.0461235,4.032961,2.7410765,5.474165,3.929688,3.4818885,4
8bdb6a5fbd5a4cd73a4cb658,1.4344351,3.944812,9.435842,4.8494906,0.7279562,8.721941,10.634617,9.013202,6.9933486,9.328457,2.7270303,3.4332342,5.5625463,4.8089094,3.4404879,55
8c87e4b35035803725af0663,1.2001058,3.7736094,9.795881,4.7219605,1.7769802,8.327482,10.313282,9.187025,7.763077,9.104838,4.302878,3.5169942,6.18556,5.5571,3.1209033,6
8c9b895f7956d512415a951c,1.3289636,4.6343107,9.465233,5.0506587,0.36457145,8.600901,9.9008465,9.8615265,7.219185,10.263433,2.630535,3.4933155,6.1074677,4.6841707,3.3833652,49
8cdde59aaa87cd7a170d6f7a,1.8193694,4.2132006,8.921465,3.1321387,0.9824736,8.741915,10.877863,9.677466,6.510567,9.562229,3.1117046,3.1527724,6.239004,4.686564,3.4224925,23
8d63e08d06a3d4f814e5611b,1.4922082,4.0412655,9.601608,3.781078,0.98393095,8.243287,9.733276,9.989335,5.932853,9.522177,3.0455148,2.8856,5.677641,4.3072124,3.7837532,30
9250a150e87ec2b5979feb4c,1.4832469,4.2386117,9.002775,3.7392774,0.9138262,8.309848,11.478136,9.223185,7.114342,9.270198,2.8360145,3.2395582,5.9823728,4.802022,3.547355,-1
928253bbb7ec5cc78f149af4,1.2483716,4.4523134,9.471426,3.8099926,1.2793523,8.590581,10.367325,9.519846,6.8200727,8.568327,2.4118183,2.6977983,6.7658625,4.7092967,4.0152745,-1
94d0216c32bbbdd63ad077f6,1.3009154,3.899981,9.419283,3.962207,1.2261229,8.258575,10.72461,9.217067,6.268084,9.121675,3.155791,3.2010696,5.31528,4.3251095,3.4814265,18
95734a28fcb25fdb6e51aa99,1.5166157,3.8131168,9.40177,3.399666,1.1989347,8.518735,10.8569565,9.459987,6.3179507,9.365936,3.765721,3.5619667,5.2490635,5.063962,3.0645144,21
95d1561646f2da1ac3c46aff,1.0017097,4.561053,9.567709,4.6526484,0.58194536,8.708332,9.857275,9.682603,6.497011,10.032422,3.1531475,3.25274,5.689478,4.1539187,3.1326365,-1
97b309dd18083e7eb0c2d4ca,1.1291445,4.372375,9.96644,4.000258,0.9775851,8.284,10.021477,9.520881,6.2281923,9.380489,2.866893,3.0531836,5.730428,4.4866476,3.6787603,-1
97bf10e4d8fe63d2afd0b7af,1.2065732,4.194941,9.374849,4.3800287,0.84333736,8.100529,10.450288,9.636599,6.982471,9.8761635,3.2959554,3.2713873,5.8762727,4.6702337,3.4232888,39
99e086ba121f8cf18b9b1694,1.437744,4.5345793,9.327481,3.7841415,1.4286164,9.239763,10.096791,9.511052,6.936047,8.514768,2.4043114,2.8322146,7.332827,4.6504884,3.8301551,34
9f8c2c71824897080b2e3fb5,1.6077967,4.0241647,9.422661,3.4796777,1.0198961,8.506529,10.265682,9.8184595,6.127205,9.514892,3.3021774,3.0991929,5.781051,4.6177807,3.4745932,30
a3796e24383ded9c417260e9,1.1018094,3.6471758,9.531036,4.4262185,1.4262165,8.444535,10.052562,9.730027,6.622828,9.143949,3.8686876,3.5202007,5.264412,4.782179,3.2021794,-1
a45545ef429ef1a2a518be69,1.2336382,3.7582402,9.611414,4.0175986,0.5229308,8.135321,9.550862,10.336733,5.965319,9.7550535,3.2406242,3.1771564,5.5932345,4.931819,3.55522,27
a498d1800f031aeee9460ecb,1.6417103,4.5808077,9.312975,3.5528886,1.4334953,9.269335,10.160562,9.561975,6.8842435,8.350332,2.2347221,2.7453668,7.508301,4.878491,3.9559157,34
a4ce61a4b792042207eed8af,1.2955658,4.19553,9.254706,4.3033495,0.56141055,8.107399,10.522376,9.883183,6.9989305,10.156874,3.328661,3.3847892,5.9338427,4.787941,3.3086321,-1
a5f80da2a4c30473eb02be00,0.7887827,3.8794038,9.513669,3.7457979,1.1893213,7.6749415,11.4592905,9.003847,6.673598,8.527518,3.3156283,3.0029368,5.006046,5.0231123,3.5956311,-1
a629c4eeab2f709d7bbf7fac,1.486379,4.0336046,9.604675,3.786623,0.99010193,8.233954,9.727933,9.990624,5.932359,9.509675,3.0464962,2.8721983,5.682237,4.30753,3.7952168,30
a93ce54fa5cacadd01edf78f,1.2869526,4.2153015,9.490303,4.5956607,0.8059071,8.408976,10.230172,9.726513,6.988549,9.894142,3.3747485,3.3887634,6.0516443,4.5168886,3.226965,-1
aadd4cf516736eee01c930ae,1.7795551,3.333899,9.520859,4.167608,1.5548352,8.317254,10.143792,9.767769,7.0832076,9.165609,4.022351,3.6244977,6.0031114,5.463674,3.2727485,40
ac1d9a516fb87924ea74ccef,0.99828297,4.2972255,9.352238,4.2138495,0.2862447,8.489244,11.305039,9.062747,6.7279563,9.597444,2.8937547,3.2809958,5.535167,4.514027,3.1916585,25
b0bfae3cca0327cbc4625df4,1.4449255,4.485048,9.403446,4.384129,0.90038115,9.176704,10.873127,8.703991,7.2345243,8.778134,2.2121458,3.2425606,6.231563,4.92202,3.5463722,56
b0d8e9f7eb3b2bf73e904d57,0.56076324,3.496035,9.681618,5.3747363,1.3834723,8.417093,10.105626,9.545593,6.6664877,8.707257,4.0320444,3.3436303,5.025354,3.9918864,3.0494096,16
b3bc349cef5345d7b2c35733,1.4285673,4.010401,8.827201,3.2327077,1.5421166,9.475656,10.758469,9.534733,7.080097,9.093447,3.513934,3.5313287,7.2373724,5.1378098,3.1483376,7
b69dfd9932a42c359fd5b64e,1.2617981,3.3531218,9.717332,3.9417017,1.2789713,8.086002,10.357701,9.794245,6.3222523,9.284015,4.2263265,3.6932347,4.92183,5.4057674,2.9787056,22
b76eec06cab778dae5d3877a,0.5166732,3.9177554,9.549311,4.857403,1.032642,8.243517,10.779205,9.448254,6.9043217,9.221891,3.7128081,3.5284593,5.507686,4.245985,2.972331,35
b84f92b2c3450dacb4586ef8,0.7794205,3.8978179,9.504442,3.7568579,1.191492,7.6991844,11.464295,8.984725,6.6899295,8.512928,3.296079,2.98772,5.0305076,5.000876,3.6077113,-1
b87c62f85f5e5f58fcbec18b,1.4111465,3.257375,9.687742,3.6529713,1.3032403,7.9523525,10.409077,9.901629,6.1937385,9.157271,4.1735168,3.7206407,4.992103,5.6597223,3.0263858,22
b90541921f91e19c1e92dae4,1.621901,4.0403476,9.614565,4.3934107,1.3774141,8.561676,10.28999,9.558275,6.973067,9.301949,3.5376337,3.248331,6.2947245,4.3292527,3.3063214,43
b910893ee7b2f21cc44421e6,1.5494314,3.7675464,9.295181,4.3123627,1.2053454,8.518209,10.45413,9.632693,7.126441,9.383307,3.5253804,3.4402626,6.2374496,4.8461,3.3444653,-1
b9ba1a883882b0cfc9c44633,1.4985671,4.2726555,9.437468,4.5700965,0.8279317,9.115319,10.800038,8.735015,7.0584307,9.013772,2.482778,3.3018875,5.9148674,4.7519026,3.40502,55
ba2222e9ea0ba5883ca62057,1.6573403,4.5625796,9.301558,3.5349076,1.43101,9.262948,10.152681,9.580916,6.876146,8.348943,2.2466,2.759183,7.497557,4.8998947,3.943316,34
ba9d91973ee6410029567eef,1.1195115,4.155575,9.385078,4.5447187,1.3293238,8.496836,10.62784,8.936138,6.4893804,9.401529,2.9580867,3.7624276,4.9691296,4.266592,3.2597413,50
bc14d9672750788f929c2bbe,1.2247729,3.7988238,9.7734785,4.699507,1.7597243,8.359478,10.328068,9.184446,7.745931,9.09729,4.277448,3.5096052,6.1929026,5.5354114,3.1414633,6
bc7aad3a2ea68a57c300b529,1.4284064,4.5376353,9.327474,3.7876363,1.4326482,9.236214,10.109242,9.49989,6.943701,8.511209,2.4023583,2.8355584,7.3350406,4.6449676,3.8268495,34
be0feeb19eef2c6597998c7e,1.3516483,3.9244971,9.437775,4.6944594,0.7068659,8.877745,10.792828,8.82674,6.6819496,9.476218,3.1966436,3.314559,5.38835,4.3519225,3.0454123,51
bedd0274a83d31c7c2eef2a4,1.3704165,3.9925609,9.917163,3.7447956,1.1745275,8.1841755,9.599561,9.85407,5.7549567,9.167809,2.9857912,2.4363027,5.865526,4.427607,4.1375,30
bf33ca098bdfd6693deb5b76,1.5148157,4.542563,9.321964,3.6954713,1.430141,9.252878,10.143614,9.522413,6.930522,8.485098,2.3722744,2.831075,7.3710995,4.749951,3.853246,34
bfd2e434ba2fc6674f6b5d49,1.1764015,4.1425323,9.603485,5.0464582,0.8565988,8.350669,10.3753195,9.313168,7.1655025,9.541953,2.9000134,3.5650215,5.6400776,4.7630033,3.4241612,-1
c00aed14099e3cc88ad5d5de,1.3220593,3.6336937,9.50875,3.9396071,0.4361784,8.045164,9.49847,10.494925,5.8416395,9.791327,3.2210495,3.0915532,5.5828857,4.976108,3.6222353,27
c14bc3c091fbfb60735c0f38,0.038337965,3.728069,10.203777,5.9640903,1.7872087,8.530501,9.055205,9.438336,6.9385586,8.027092,4.062722,2.734555,5.455008,3.9372342,3.465422,4
c22052975461bd929c615d86,1.2504282,4.231268,9.302442,4.531746,0.5410871,8.13001,10.376146,9.922441,7.11716,10.128901,3.2911303,3.4056716,5.947073,4.8271527,3.3072567,-1
c237d477e2ef0d806b44702d,0.5764747,3.5432303,9.669293,5.3566103,1.3779138,8.393809,10.099812,9.528967,6.732649,8.763917,4.0034213,3.344037,5.070906,4.0189176,3.0836947,16
c4d70d44e785782300411092,0.5457324,3.5163882,9.656932,5.3813252,1.3823223,8.425246,10.125161,9.515169,6.6717772,8.705978,4.007413,3.3296444,5.036619,3.9735026,3.0555582,16
c7c16ff7a7aea621845668f9,1.402129,4.0550933,9.660985,3.837211,1.0438713,8.155282,9.782495,9.920289,6.00639,9.426851,3.0426414,2.7620094,5.754347,4.334205,3.88541,30
c868d4666ce8e404ba090250,1.1921713,3.7623026,9.808371,4.7351913,1.7943662,8.32092,10.300005,9.1816025,7.7839108,9.101925,4.317531,3.532899,6.2030034,5.575401,3.1065297,6
c9defded0470cb216620a49a,0.87714946,4.45291,9.890622,4.1341734,1.2168528,8.861596,9.554386,9.523933,6.3735523,8.690077,2.7270803,2.5267696,6.331478,4.3720155,4.001533,26
ccd7c378ad262a3df24ca76f,1.9350458,4.495116,8.873415,3.1131022,0.6887909,8.647321,10.831747,9.849342,6.413288,9.869839,2.8551686,3.0567517,6.107589,4.5617495,3.4729795,23
d17334d6c3252205e01e2f0f,0.7715038,3.570636,9.691216,5.246934,1.4211392,8.400081,9.931182,9.585544,6.6998596,8.752151,3.8859694,3.283113,5.112583,4.1159244,3.2115972,16
d2232c326919b33005cbad4f,1.5992768,3.8713374,9.678926,4.5025806,1.3690112,8.26603,10.207704,9.581935,6.8955135,9.061153,3.2607617,2.9098558,6.230102,4.3690653,3.7487404,-1
d2766acbb201c7d41137e2f6,1.6147083,3.8649416,9.691507,4.50155,1.38759,8.2751665,10.193655,9.582323,6.8942547,9.063781,3.2753248,2.9259574,6.227047,4.380905,3.74139,-1
d2bf89376aeb0ee6403479b9,1.5328499,4.1997747,9.22763,3.610092,0.5082541,8.421547,10.325775,9.992079,6.006872,9.959266,3.1448662,2.9377866,5.9083977,4.2410965,3.4060576,-1
d304ea5b6408f31dfa54150a,1.7539752,3.8168983,9.404533,4.273731,1.6091547,8.718613,10.338886,9.639287,7.157747,8.943029,3.4812167,3.4774952,6.557516,4.7297664,3.3461187,43
d41655c4e847a750f95b74ea,1.0978868,4.145064,9.276382,4.419605,0.34689915,8.671296,10.43676,9.723722,6.524272,9.929638,3.2959676,3.0750313,5.900998,4.237733,3.1175697,11
d579377f2fa56c1b05cd743d,1.409018,3.911919,8.759296,3.1387653,1.5664942,9.525676,10.796979,9.588684,7.094667,9.172201,3.7028983,3.6233008,7.2795463,5.2174807,3.0451636,7
d6450793b107fe46a5712571,1.3701403,4.346244,9.310472,4.878733,0.28276077,8.240105,9.958201,10.075041,7.076776,10.340548,3.0031657,3.423442,5.8521223,4.7867527,3.3470604,48
d6f6e4a3076b8b6337c95e17,1.2575516,3.2837515,9.801943,4.013012,1.2214136,8.005646,10.352024,9.770109,6.312285,9.432086,4.2565494,3.73814,4.8869224,5.461607,2.9859965,22
d9077266b8f6532cca9d0b1d,1.5725889,4.550157,9.317096,3.523618,1.3978094,9.068272,10.309906,9.552597,6.8746333,8.421164,2.2374773,2.7826738,7.3347287,4.916968,3.9502776,34
dac70f486116d1e3d32320bc,1.0554836,4.190001,9.310651,3.7215126,0.7220878,8.2865095,11.381596,9.240196,6.781851,9.553932,3.3045125,3.3638115,5.658932,4.7887073,3.1834886,22
dc4ae114afedd5b817cfa179,1.0117795,4.0198774,9.635025,4.9911675,1.1431968,8.810154,10.001416,9.28182,6.734904,9.045324,3.3077807,3.2870302,5.3713303,4.235257,3.2401989,-1
dd3234cdd50a3f3ef3fa802a,1.4941665,4.0444655,9.603335,3.7650833,0.97017133,8.243424,9.734637,10.000318,5.932627,9.521862,3.0373206,2.867651,5.6992216,4.332122,3.7947645,30
de3a30e652f7c5731daea195,1.3661858,4.7957163,9.35283,5.02631,0.20320842,8.672382,9.767267,9.869828,7.1053076,10.384169,2.7786644,3.3455255,5.729985,4.581369,3.2517786,49
de702f1d9d844738031003e7,1.2042444,3.7756078,9.794813,4.7217517,1.7810284,8.333679,10.313384,9.182921,7.770328,9.103103,4.304187,3.5192144,6.1939716,5.5617466,3.120021,6
df33fdd82edb77549f51fb9b,1.2557439,3.7428343,9.576889,4.004229,0.4891254,8.123795,9.554102,10.37423,5.9574876,9.769076,3.2228098,3.1602414,5.6049557,4.9397573,3.5684767,27
dfd8d716799b1fad7a8b54b9,1.4441414,4.607494,9.352943,4.314193,0.88369435,9.304707,11.035227,8.611191,7.354167,8.626961,2.078493,3.1559212,6.4079714,4.937119,3.6279855,56
e1933965fb88cb82012c2439,1.3179352,3.6540725,9.527897,3.9305048,0.4409929,8.032249,9.482661,10.496348,5.8082085,9.7842655,3.2112663,3.0693984,5.5602903,4.98584,3.643998,27
e1a97092fe371bed06cd8d46,0.54632443,3.501582,9.640838,5.3868594,1.4003919,8.452523,10.136622,9.490319,6.7049975,8.698832,4.0458145,3.37055,5.0186963,3.9790955,3.0354233,16
e5ac0844c401c3d64d0f0c84,0.8350944,4.4377913,9.475608,4.1259623,0.36966518,8.493403,11.012253,9.246407,6.5161796,9.621129,2.953204,3.1517942,5.6983275,4.3079624,3.1883898,25
e620f97300dcf93ff52394cf,1.3974221,3.875456,9.418153,3.427569,1.1327444,8.514712,10.829146,9.500239,6.3822756,9.475423,3.765711,3.5721054,5.368637,5.101263,3.0426395,21
e894831d84ff41a38257f67c,0.96637434,3.8096678,9.501019,4.929935,0.66561955,8.299076,9.939992,9.805869,6.8314486,9.226747,3.1070802,3.0835633,5.5493298,4.7638154,3.6517367,13
e8d94ee43d49cb81d6406b96,1.6706731,4.552369,9.30311,3.5463634,1.419063,9.257013,10.144488,9.589591,6.8713613,8.357675,2.2517874,2.7659426,7.490272,4.908997,3.9379728,34
e9431b59daf0497ea7078e07,0.44224507,3.8548334,9.603663,4.99253,1.1646043,8.243592,10.669761,9.481642,6.891956,9.126751,3.8355482,3.5743344,5.451089,4.144309,2.9268024,35
e9f664691cd2925044a73350,1.1879841,4.3850813,9.881428,4.0672703,0.94922185,8.326592,9.959032,9.575438,6.263375,9.4647665,2.8632505,3.0626407,5.7447815,4.4381137,3.660097,-1
eac3211ee911911bd58434a9,1.1702137,4.0088434,9.191029,4.1473246,0.3291373,8.352475,10.278178,10.043717,6.182062,9.95326,3.271825,2.8803954,5.997367,4.0711718,3.335777,11
ebd4649c265b1f85844cf01d,0.7936045,3.816186,9.653622,4.9190955,0.8276323,8.243583,10.170806,9.53259,6.7713084,9.417271,3.478604,3.4046633,5.276317,4.7717056,3.2504282,13
ed4ee0d4828a43e8d3d46f78,0.5798356,3.511034,9.6840925,5.3766003,1.3637195,8.416341,10.102152,9.538115,6.718105,8.720549,3.9957352,3.3438196,5.071791,4.0182385,3.0602558,16
eecb61aa83f8126284feb688,2.0286534,4.3814044,8.861809,3.099943,0.78803957,8.513438,10.88192,9.758133,6.306764,9.853951,2.923827,3.080321,5.924725,4.434609,3.4841037,23
f04ea83cc946de45c2597475,0.5218571,3.4887419,9.681553,5.4154406,1.3494486,8.419026,10.1466055,9.543326,6.6816163,8.716974,4.0370584,3.3651426,5.040033,3.9418566,3.0097363,16
f2b2790079ede363219cc6f3,1.4343417,4.616321,9.35604,4.324429,0.87334204,9.306663,11.037791,8.607069,7.3547163,8.628489,2.0651667,3.1589057,6.4086485,4.935078,3.6270385,56
f4c19c524e1113a411b34106,1.4389689,4.428441,9.414699,4.092944,1.1591492,8.412206,10.968121,9.113066,7.143872,9.090053,2.6602383,2.9693277,6.2947755,4.5567713,3.7645552,12
f4e3cf81a85cc11da31c7e4f,0.81425595,3.8956764,9.710215,4.7356777,0.6463858,8.276695,9.923591,9.863962,6.535717,9.708662,3.6413648,3.378578,5.2507358,4.6940556,3.1701093,-1
f668ae656769369aa773717a,1.5362934,3.90397,9.652135,4.474088,1.3312331,8.275064,10.198805,9.603761,6.8660226,9.045863,3.2342956,2.8698006,6.2610874,4.3390784,3.7495687,-1
f7aa9034f57bb72f88cd29e6,1.2016582,3.775998,9.796116,4.72204,1.7811587,8.332842,10.312917,9.182545,7.7689476,9.102393,4.303948,3.5188143,6.192313,5.560642,3.1196518,6
f8148b204da635e383a58001,1.0008476,3.9781122,9.943691,3.9345229,1.5602263,7.9300556,10.60708,9.24954,6.952631,8.850125,3.6742346,3.1375804,5.6928897,5.2513347,3.5694973,6
f8203dc244d41fc1abe97c2a,1.6241056,4.249809,9.0248575,3.6018581,1.0237734,8.30187,11.501407,9.294921,7.0730677,9.146852,2.8811677,3.280289,5.963676,4.867542,3.5131385,-1
f832f46d0cc7e97434a3984b,1.1983986,3.3817403,9.725655,3.8634756,1.1416053,8.034438,10.451563,9.751214,6.2969813,9.479162,4.181001,3.67499,4.959918,5.430934,3.010146,22
fbb6e28c342c5825d075309c,1.1512762,3.7072594,9.704191,4.8348618,1.446269,8.286082,9.868131,9.624095,6.5978985,8.897659,3.599907,3.1437354,5.2711725,4.308662,3.5005856,15
fdd8e098dd66d59facb6a70f,1.1403494,3.9923215,9.42113,4.325985,0.9126297,8.206093,10.632086,9.448618,6.5736666,9.466733,3.3144445,3.2305005,5.4886775,4.3797455,3.332919,-1
fe5a1497a9aad970254d4d04,1.2490681,4.0405855,9.327767,4.2075315,0.5817535,8.262701,10.253756,10.013173,6.436111,9.718273,3.2419987,2.8242142,6.153031,4.182733,3.5297523,11
00ac7ef1e265dcb355c20b4b,0.7341798,4.1262374,9.804248,4.765485,0.4195692,8.38217,9.712297,9.803667,6.7324443,9.657931,3.35229,3.058425,5.2424808,4.848041,3.5345662,13
00c79b6c3748fe2e1855dd6e,1.5230911,3.9960887,9.178834,4.254736,0.6952249,8.160044,10.018524,10.204274,6.5052814,9.829004,3.23098,3.0877914,5.8500576,4.395328,3.518445,-1
017548042d248c41a51c73f7,1.3435477,4.444879,9.544956,4.768296,0.63142365,8.700736,10.2514715,9.455644,6.926667,9.912877,2.7726288,3.30131,6.1708493,4.424167,3.3607266,-1
01885aa226191ed0a174254f,1.5883104,4.2069345,9.427851,3.6950357,0.82881296,8.297006,9.911006,10.077358,6.1066914,9.677959,2.9455526,2.9251745,5.8768196,4.4313345,3.7332678,-1
02926b4bbdc48603a6e7c408,1.3486804,4.412209,9.305454,4.936161,0.16612838,8.377254,9.820619,10.072315,6.992003,10.382288,2.9729462,3.3780262,5.7505565,4.749331,3.290277,48
02e3aa63a6df84f88e76582b,1.215671,4.043875,9.504845,4.9878926,0.92433244,8.416494,10.595283,9.087148,7.1283345,9.4728155,2.8372252,3.628243,5.5294456,4.788554,3.4261186,55
047d4498c5f0e51405687467,1.6983001,3.547975,9.446939,4.3101516,1.4794536,8.514768,10.32567,9.606938,7.179883,9.1285515,3.7493265,3.56452,6.1725206,5.170435,3.2879498,40
07a0cfb6429e34277df6f775,1.3632814,4.396903,9.3262825,4.9321823,0.25807932,8.312271,9.898729,10.050674,7.0750237,10.338344,2.976093,3.4167464,5.812775,4.7710586,3.3224711,48
07f84e16033470aeaa0edb54,0.53784084,3.9252956,9.582063,4.7120767,1.1448808,8.237362,10.730454,9.547477,6.886395,9.254316,3.7860708,3.6475074,5.6382794,4.355403,2.9262989,35
08ff15e9139ff319a600e333,1.5095786,4.639062,9.798767,5.095795,0.94306767,8.768242,9.9197,9.5271435,7.223797,9.754261,2.5127852,3.3915472,6.527569,4.459877,3.5319772,37
0a412768ae4948b48e52fb29,1.4830457,3.83344,8.875005,3.2224386,1.5097427,9.346535,10.636431,9.694391,6.993263,9.269067,3.7892165,3.6133308,7.037519,5.26513,3.063739,7
0ca73929b1a1585de7a58aaf,1.3379244,4.8178782,9.50232,4.898067,0.4881076,9.099264,9.634275,9.68687,6.873372,10.19584,2.817112,3.5044146,5.7189965,4.426004,3.1397765,42
0daf51bf5b7774448cd8922b,1.5569229,3.8136022,9.558375,4.5794287,1.0672953,7.681934,9.914988,10.259389,6.782266,9.345678,3.2450407,2.7158628,6.1649857,4.30007,4.020564,20
0eeff2b67d034ef44f95764b,1.5680151,3.890241,9.255449,3.7037222,1.5730938,8.8874235,10.3361845,9.739902,6.8931913,8.913609,3.4317603,3.397856,6.7210946,5.0285726,3.3456056,-1
0fc0dd43c48791d8abadbadb,1.304909,4.5862956,9.316011,3.7613745,1.4179288,9.118541,10.350018,9.413404,7.046361,8.667944,2.5058596,2.9349627,7.357806,4.6457934,3.7260082,33
103f367dbb977283f0be5497,1.4707897,4.5928345,9.386066,3.706408,1.3902147,9.037517,10.359566,9.462682,7.002998,8.5672245,2.2874005,2.9161673,7.2839108,4.8731933,3.8583248,34
10ffd9de5e0245e8c6a23e46,0.07637323,3.7424743,10.171564,5.917221,1.7625653,8.528558,9.0965605,9.450564,6.942532,8.064959,4.034862,2.7558281,5.4615326,3.9681435,3.4564395,4
11ded4c33c991e51f2c6e06b,1.3192964,4.818427,9.483968,4.947993,0.41709608,8.982997,9.665219,9.728266,6.929893,10.2387,2.7943475,3.4443843,5.759995,4.430023,3.181099,42
125863fa50e12f70e02edae3,1.0688462,3.923544,9.592851,4.797753,0.9277739,8.169017,10.346833,9.425901,6.969292,9.558147,3.2156596,3.506719,5.53798,4.925699,3.4115584,13
12e28ef29479937712d19ccc,1.2076359,4.20456,9.136723,4.0701594,0.69787747,8.421578,10.279801,9.707009,6.3731627,8.891397,2.3723388,2.6959004,5.9315705,4.323774,3.8407087,24
1368a324bc5ac96ee4cc4698,0.42373455,4.1015186,9.611321,4.9107723,1.1272236,8.290983,10.743943,9.454111,6.987276,9.222012,3.6498675,3.5739117,5.7538233,4.0557017,2.9436426,35
14eca06b9255344a66adb31d,1.3349403,4.8446045,9.492137,4.9374113,0.43932363,9.0253935,9.638034,9.708093,6.9153166,10.232317,2.7984996,3.457283,5.728206,4.4200387,3.1659932,42
159ecabb5a99122bbfabd96f,1.5948541,3.9057121,9.498617,4.0379395,1.3311774,7.8759823,9.726302,10.01404,6.1091514,9.335328,3.1006367,2.88826,5.55883,4.045643,3.9503946,31
162d3cdf8acc25ad492420ee,1.5020415,4.64561,9.773708,5.0852733,0.9095274,8.777751,9.912777,9.54889,7.220213,9.783928,2.5138383,3.400323,6.5027647,4.472554,3.5212042,37
19c0bf243f111b52798294ac,1.3316609,4.0842037,8.939284,3.335955,1.6044726,9.486797,10.753713,9.463779,7.156492,9.009014,3.4423168,3.5464008,7.3634467,5.1216016,3.1300385,7
1b3a81e855d3fb332978cb08,1.7744839,3.3513293,9.505662,4.1540766,1.5856748,8.358427,10.150527,9.745534,7.123497,9.13846,4.0221457,3.607083,6.0713525,5.443342,3.261815,40
1ba7a85393c9397b3dfa3d2d,1.4244171,3.9000077,9.452081,4.577114,0.8389187,7.9144845,9.862402,10.181343,6.653169,9.581125,3.1827865,3.0349023,5.793401,4.449159,3.7444832,20
1c217e63c7c3eb98e60fdec8,1.0672944,4.010542,9.218692,4.04289,0.92011106,8.657099,10.6137705,9.739711,6.9926786,9.712939,3.6440632,3.5511334,6.2706213,4.8656435,3.071435,17
1eb6bd6649c0d3b3df2bc441,1.7490703,3.340526,9.514642,4.1469655,1.5517776,8.335651,10.190391,9.73793,7.079279,9.160148,4.0275493,3.6284726,5.99691,5.4693794,3.2483623,40
221737aea6d0a25c7f067933,1.2935398,4.3673916,9.252743,3.757167,1.259144,8.662571,10.232509,9.697218,6.734099,8.7174835,2.5615673,2.740864,6.883262,4.55334,3.8781998,29
236417dcaa62bd44d9d88555,1.3716116,4.791971,9.34319,5.0250096,0.1920378,8.660051,9.771987,9.877977,7.107313,10.389602,2.7773154,3.3374,5.7282953,4.5855017,3.2557826,49
243b513a881476e5cb3630c8,1.7614634,3.340103,9.500983,4.14938,1.5724365,8.35991,10.184684,9.726624,7.117926,9.147539,4.030996,3.6263516,6.046542,5.462199,3.2424164,40
24d75e3a58681b913f3f6a92,0.52153337,3.5054977,9.643635,5.413528,1.3569137,8.440293,10.149311,9.498223,6.685499,8.689155,4.027108,3.3723438,5.028034,3.955174,3.0093088,16
25adfefaee204d0de7683d00,1.4287418,4.0463047,9.292678,4.485177,0.9250572,8.285931,9.961202,9.968652,6.521599,9.62996,3.34805,3.0958126,5.55339,4.20201,3.4098103,-1
2643bdecec9695c9fe7fc03f,1.50684,3.8041327,9.423674,4.802803,0.9118121,8.931678,10.751884,8.795708,6.952615,9.211488,2.9485638,3.4968388,5.497304,4.7661386,3.2829297,55
2668f38d28c7e561ce85bcc5,1.8324307,4.911863,8.808458,3.8596978,0.42742962,9.003683,10.169856,9.959668,6.9562883,9.766333,2.0666895,2.9120998,6.713529,4.6782045,3.677875,3
27e33779b5b4969ecb1fc898,1.4828275,3.913326,8.890486,3.184888,1.407216,9.258045,10.713321,9.64981,6.904769,9.311014,3.6718352,3.5502534,6.8683662,5.1926155,3.1175349,7
27ef3e29ef2b41a76645cd94,0.95612186,4.457985,9.340198,4.0219097,0.3218783,8.844695,11.424323,8.928513,6.6403327,9.441677,2.8108482,3.2303226,5.8711843,4.32781,3.0558462,25
2ac5814bd7eee37dd47056ea,1.0379252,3.8358026,9.825766,4.5954933,1.6142309,8.2397995,10.372264,9.231917,7.3889074,9.051949,4.0732307,3.396449,5.8816013,5.295748,3.1950872,6
2e2e3f86b1421a5a11ecbafb,0.5900154,4.5002937,9.720911,4.661162,0.744563,8.675376,10.412739,9.443253,6.8513203,9.598954,3.271423,3.5678132,5.744924,4.3757606,3.0019047,-1
2e47c4d457ade3810b5ea334,1.4716592,3.8941827,9.183131,4.29878,0.7446893,8.196538,9.892183,10.212875,6.4204965,9.597903,3.1687305,3.0382469,5.7399526,4.4206038,3.5859632,-1
2fa5685de2a6a1fb8276ad18,1.5752774,4.533856,9.323873,3.5338383,1.3724496,9.05471,10.317777,9.544377,6.8569894,8.457118,2.259326,2.7982445,7.2722917,4.9161835,3.9330826,34
3112608522855ace7a2f5009,1.4419311,4.5761223,9.347642,4.307776,0.9007989,9.280871,10.984478,8.673385,7.335717,8.665511,2.1370034,3.194684,6.4413204,4.9447384,3.6013575,56
31f7604886638f2605384738,0.8671975,4.2769055,9.777564,4.17214,0.4954175,8.5373535,9.9841,9.95617,6.170562,10.566389,3.8671286,3.8059092,5.2493625,4.7631674,2.6714087,14
32aa70b9ef075aea75d42ffc,1.4970266,3.5596452,9.16492,3.2259305,1.8322508,9.090467,10.490027,9.84261,6.688693,8.636316,3.797072,3.5924528,6.8749137,5.5360126,3.0849051,-1
3580a8bbc4dae7478b3eafb5,1.8073651,4.8542457,8.819152,3.832599,0.49395448,9.007363,10.1214,9.99953,6.933785,9.609989,2.0184138,2.8439722,6.808301,4.67995,3.7518997,3
358fd763e426bec648e629a8,1.3868458,3.8862572,8.787084,3.1400285,1.5399437,9.497655,10.775521,9.616716,7.063948,9.225906,3.7531583,3.6427486,7.2514706,5.265948,3.0210187,7
36731ca9b7feb9a198a6e7d9,0.07263978,3.7387178,10.177628,5.9237194,1.7676193,8.524377,9.088598,9.45407,6.9383435,8.060614,4.0411415,2.7564669,5.4542475,3.9643073,3.459049,4
394278cc7c58f3bef1441a7e,0.8657144,4.2634563,9.326506,4.0872784,0.7826868,7.9565387,11.120532,9.228488,6.7008147,9.118741,2.807184,3.0144846,5.4430285,4.4798555,3.645721,-1
3b7df5b59dd555867f5e9762,1.4200935,4.1367617,9.207254,4.088097,1.2739248,8.931117,9.83291,9.560835,6.6579003,8.278008,2.18976,2.7252662,6.728019,4.3947606,3.958894,-1
3c6d19a193b92f9ddd9a6227,0.8135348,4.3661547,9.473937,3.8663135,0.37756875,8.594066,10.979212,9.434399,6.4490514,9.726442,3.2542722,3.3373127,5.7485065,4.542729,2.9946456,25
3ce4d89de1baa526fbf1e3a4,1.7758191,3.3754997,9.519117,4.134838,1.5768949,8.351225,10.156233,9.75681,7.090572,9.136922,3.995701,3.5802755,6.075086,5.4056277,3.2795684,40
3cecfce86649dbe384fa5b73,1.4834195,4.025443,8.859717,3.2984796,1.5134702,9.398612,10.814057,9.440153,7.0119753,9.096826,3.4505088,3.5322704,6.9480405,5.0771627,3.1683948,7
3ef6930b2bb99201692f570a,1.3307847,4.4670305,9.394899,4.996015,0.34457603,8.356833,9.99722,9.940517,7.1964564,10.29851,2.8815947,3.475817,5.949198,4.748468,3.3493068,48
3f431413bbd35bfccc60ab51,1.2985266,3.8623579,8.798375,3.1530502,1.6731735,9.594031,10.80289,9.590534,7.13763,9.094264,3.7894351,3.7201746,7.453988,5.3266807,2.939883,7
4504c36afdb611c7c1457e9f,1.1318835,3.6302915,9.41948,4.327358,0.19074157,8.041607,9.626263,10.45703,6.097029,9.903513,3.1759822,3.1511075,5.655317,4.9250307,3.5421984,-1
452a007cdb38523ff0d12c55,1.2898815,4.5097337,9.425179,5.0084643,0.37179828,8.427602,10.052986,9.8816395,7.256322,10.240452,2.8030043,3.491291,6.064695,4.7352233,3.36183,48
462bbb25396a2f9416933474,1.3648783,4.6583014,9.429851,5.0217767,0.32809186,8.589055,9.868569,9.899707,7.195321,10.299934,2.6256342,3.4466517,6.078057,4.6672263,3.3941967,49
4706f7cb6d46d5535148c44c,0.6198182,3.9328556,9.754778,5.166099,1.2101305,8.696166,9.963955,9.371085,6.890657,8.773014,3.6310241,3.0390577,5.7871447,4.1601434,3.2459471,-1
4749e161091394aa41303baf,1.3532687,3.9631248,9.373701,4.098034,1.3213717,8.394186,10.675365,9.168578,6.425815,9.011746,2.9761686,3.258485,5.4936085,4.302302,3.5352685,18
47d76ceb645ca9c26560a50f,1.6173179,3.9104648,9.525677,4.0218844,1.3256383,7.8827887,9.62762,10.091352,6.0759735,9.368179,3.0991783,2.851411,5.5822086,4.045323,3.9735496,31
4854406eaccb76b65dffd488,1.6629932,4.0577116,9.248833,4.2063336,0.9885789,8.073831,10.017224,10.102011,6.560904,9.608082,3.084115,3.0621955,5.8578935,4.3327823,3.7060494,-1
4867463259deb0e5f735e560,1.3465412,3.8724258,8.801407,3.1355388,1.5932655,9.530541,10.799517,9.595185,7.110692,9.185228,3.7840536,3.6857193,7.3100414,5.2954,2.9778287,7
49b39d45ba38e92590255b2a,1.3656119,4.510622,9.362576,3.8098783,1.4938425,9.101526,10.517359,9.259419,7.096591,8.750537,2.6910157,3.0887218,7.14925,4.696986,3.6001186,33
4f5366c34ae5b325c0b1c11c,1.3353146,4.596648,9.474242,5.0699673,0.3575685,8.544606,9.916155,9.880683,7.2419825,10.284051,2.6301804,3.5022516,6.124011,4.7108045,3.4027562,49
4f634fd11b90b0127c5fa533,1.5617493,3.8137448,9.393607,4.0865226,1.1983635,8.285333,10.414361,9.636933,6.591294,9.341529,3.5311182,3.4682696,5.239718,5.0035987,3.2793493,-1
4f85ada326a0123405533d5c,1.2478776,3.2437263,9.774641,4.093792,1.2768078,7.964301,10.336158,9.793852,6.401393,9.353419,4.307907,3.7189121,4.94847,5.454307,3.020368,22
50f8b6f7b81254cc7e6c6d96,1.4117901,3.3218403,9.656993,3.5723693,1.3433028,8.014703,10.375531,9.931971,6.1947885,9.0311985,4.0692244,3.610551,5.198425,5.621358,3.1118257,22
525c0022ada96f13b0b26bc1,1.5870433,4.2763968,9.747932,4.499316,1.5442697,8.809995,10.28369,9.266626,7.09036,9.040591,3.219787,3.2646523,6.3750496,4.3187647,3.3616633,-1
558d97ad025cc511c9fb53fa,1.3219665,4.172721,9.626759,4.359884,1.568612,8.684826,10.968605,8.670826,7.2767825,8.957861,3.3027906,3.485693,5.916375,4.8472624,3.2382166,-1
56ab62230b52f783da9d92e3,1.647509,3.849237,9.208342,3.710758,0.8260136,8.678523,10.754472,9.412265,6.263464,9.640038,3.4120395,3.166877,5.5646844,4.524163,3.2103117,23
56caba2e3b73f4bf7a2962cb,1.5454462,3.8409564,9.074657,3.4762642,1.1268736,9.1364155,10.192292,9.830702,6.394946,9.464391,3.52906,3.4051802,6.0947647,4.9688325,3.2065644,8
5850fb457d1401d6376185dd,1.2663236,3.8965914,9.094076,4.4751096,0.08936698,7.9991736,10.099924,10.316548,6.595359,10.180608,3.065132,3.167098,5.9017124,4.726207,3.4896297,47
58b08e072db837c1e1e3536c,0.94454366,3.9624739,9.550785,4.3788667,0.68927586,8.571942,10.293775,9.789096,6.405883,9.76822,3.7275035,3.5126932,5.4059234,4.5664454,2.8963351,-1
591c974bf9057a442b42f60f,1.5167203,3.841659,8.887687,3.2383986,1.4895333,9.294341,10.624466,9.69739,6.972591,9.275547,3.7615564,3.583402,6.9720187,5.2370076,3.0966332,7
5b85ff7f6d0ec8ee69afd87d,1.0466868,3.6678205,9.145249,4.589457,-0.13071674,8.035157,9.885918,10.449331,6.305191,10.137247,3.0742629,3.0507057,5.840222,4.6833644,3.5036387,38
5e5a6e4152f42885f0100245,1.7865268,3.3566425,9.481804,4.185761,1.5980313,8.384083,10.151835,9.726574,7.155765,9.13113,4.0082107,3.6199374,6.0925074,5.4353004,3.249457,40
600d47bcdee9e986024546bc,1.4700768,3.8594437,8.880587,3.241309,1.5326647,9.442613,10.629805,9.673539,6.9712057,9.20564,3.694798,3.5959818,7.1022816,5.2086787,3.0834575,7
606b28b990521e4bcd9ace1a,1.3959802,3.9401104,8.785954,3.162386,1.543404,9.491548,10.786214,9.574418,7.0758348,9.175326,3.658344,3.601998,7.233068,5.215514,3.0691748,7
6080cf8f9c66e38fe7b9d491,0.98168254,4.083333,10.014465,3.9597557,1.1355546,8.2179,10.298885,9.410243,6.1994658,9.118262,3.1807575,3.4683993,5.3585553,5.049777,3.301073,19
6085aeaeef4ea601c3c6ebb9,0.9345607,3.8473,9.571275,4.987731,1.0593979,8.554829,10.030894,9.51616,6.710465,9.100779,3.4857066,3.2829504,5.2466116,4.337666,3.2343926,-1
616331dcd8832389595b5468,1.373456,3.421103,9.650214,3.7443497,1.0691774,8.070887,10.264086,9.955857,6.125981,9.401743,3.9562745,3.612078,5.0904636,5.419644,3.0899491,22
618a63b7abbc18bd5cf31e0e,1.3219426,3.922167,9.063361,4.4027886,0.14348768,7.995563,10.134036,10.303567,6.6013527,10.15381,3.0448213,3.145349,5.9157176,4.720534,3.5135581,47
61d158ccc1df082fb04fed8f,0.84987193,3.9614873,9.650687,4.8769393,0.6082673,8.154686,10.0748005,9.696856,7.016176,9.409755,3.2532456,3.0830922,5.5481772,4.9063907,3.6436522,13
61ff4c8ea4aafdff1be9c7c8,1.4218941,3.9559479,10.1158,3.575457,1.2332873,8.052536,9.417942,9.871617,5.373076,9.138538,2.9314764,2.107281,5.8438406,4.3891444,4.411321,28
6329225f0fcac6dd0aa7d983,0.78065616,4.3597393,9.421549,4.49945,0.7920255,8.474093,10.415761,9.577047,6.4889183,9.671805,3.3441715,3.1739736,5.838295,3.8404913,3.0794606,-1
63cfded62c5e4d6cf2382d36,1.0216782,3.691466,9.175303,4.5592723,-0.09501568,8.035118,9.914549,10.419138,6.3133087,10.108005,3.106768,3.0642974,5.8488307,4.6536493,3.4753582,38
65d523471361a7ed049cc7c0,1.2164333,4.4532638,9.201542,3.5630124,0.77733356,8.115683,11.751918,9.012057,6.904642,9.09851,2.6867185,3.1222837,5.6448965,4.705008,3.5701647,-1
65e4ecf103c054fa1581a764,1.2047377,4.4475446,9.20767,3.582956,0.7746435,8.108958,11.746834,9.008402,6.907076,9.100384,2.6890135,3.1245363,5.636768,4.705504,3.568895,-1
6687e1a08b2b97104cb27c21,0.026658418,3.7104836,10.218469,5.9764647,1.8083408,8.526871,9.040431,9.435331,6.9546294,8.012617,4.0821047,2.721313,5.4478855,3.9331481,3.4757302,4
673c8647db27a0bbe3e2cdb3,1.4036944,4.3509026,9.812593,4.837775,1.1530508,8.4833355,10.049856,9.421684,6.9788084,9.376527,2.7326086,3.5991986,5.868085,4.6110854,3.518157,-1
674b289ba5a0a1407f47f933,1.6105952,3.9553487,9.473086,4.123231,1.2831928,7.9551635,9.680521,10.093112,6.22889,9.382073,3.1147234,2.9479592,5.6873107,4.111117,3.8861797,31
67a145edfbae5d61d3b393d6,1.5292673,4.630077,9.820219,5.1091547,0.9629466,8.753221,9.932979,9.515055,7.2378273,9.745387,2.5131917,3.3920016,6.5317593,4.450637,3.5425627,37
68173e3acca4c115e74c1f79,1.139943,4.484428,9.603143,4.463229,0.934021,8.488385,10.122774,9.725389,6.788323,9.811994,3.1262298,3.6548395,5.6656904,4.6074924,3.2054117,-1
6922bfde0b3a8d506e7840ee,1.0485227,3.856719,9.2112,4.5474997,-0.06810447,8.141452,10.069632,10.230951,6.4271727,10.058796,2.9444153,3.1970925,5.842159,4.6975045,3.4592602,38
6ad77ef36f2587715f505695,1.9503419,3.8288333,9.12966,3.303614,1.3188218,8.594977,10.162246,10.024541,6.0248475,9.033351,3.1515079,3.200809,5.6907973,4.7763686,3.5136888,-1
6ba988d10e9e6a20b36b7f41,1.4483349,4.152729,9.148372,4.580264,0.26551378,8.163728,10.0007715,10.228502,6.8322396,10.337822,3.102995,3.3053396,5.899513,4.732714,3.3951142,47
6bdf6444eadc56e3930b12e8,1.4900008,3.5424483,9.164569,3.2091696,1.8485082,9.088655,10.506112,9.843324,6.6702843,8.619413,3.8140512,3.6084137,6.8577805,5.5533657,3.0687554,-1
6c09ecf15d06a229a8f004b3,1.223447,3.9189036,9.339367,3.477425,0.9177289,8.1588955,10.994454,9.630977,6.6311955,9.804264,3.7904844,3.4922962,5.585405,5.130858,3.1149216,22
6d32bf1c04ad4b5b713532fa,1.579349,3.9412603,9.531538,4.005068,1.2454836,7.9797897,9.649471,10.065848,6.0591598,9.4070425,3.1139896,2.894867,5.5939827,4.1006846,3.9003692,31
6e6ebc6865331373fb6d4915,1.0583142,4.594681,9.570064,4.7229466,0.5804966,8.749964,9.775142,9.688414,6.5565014,10.017864,3.0898755,3.2514992,5.6848536,4.1796846,3.1724179,-1
6fae42b26aa184ee3b382d95,1.4323227,3.9586058,8.7774725,3.160981,1.553797,9.531475,10.746457,9.585075,7.062219,9.158408,3.6252606,3.5871072,7.2709475,5.1952443,3.0897763,7
6fd8e78657edbc4140e1e20f,0.72991675,4.125687,9.807185,4.771129,0.41609916,8.377846,9.710388,9.803414,6.736741,9.655951,3.3500798,3.0549073,5.2405252,4.852534,3.5394979,13
6fe7a17f77be7d6d781a5557,1.3726062,4.68851,9.391425,4.979444,0.28307113,8.577876,9.865309,9.926949,7.1699724,10.336174,2.6383383,3.416959,6.024469,4.6651616,3.382668,49
71769b3038bd179c3862e1a4,1.1054505,4.666914,9.56232,4.771641,0.53527904,8.830554,9.712542,9.696502,6.601669,10.090714,3.030323,3.2862458,5.688126,4.201456,3.1583533,-1
7288835ee9fadce470bb4fd8,1.2356497,4.4294505,9.577167,4.4935455,1.0179737,8.414802,10.041712,9.776162,6.782453,9.759728,3.096797,3.6264617,5.666838,4.572464,3.2923028,-1
72c14afda431969cc0fdc09b,1.5953399,3.9560235,9.493544,4.092843,1.2916565,7.955073,9.671144,10.071879,6.176095,9.37892,3.1058633,2.9419909,5.6520023,4.0946655,3.8928823,31
743bab33bdc659f167661043,1.6715909,4.481961,9.244536,3.5131931,1.4647098,9.318068,10.14795,9.650454,6.929004,8.373576,2.3663504,2.8423176,7.530163,4.9547825,3.8515065,34
757f7b8681b69d330675823c,1.5017893,4.0992312,9.517376,3.624429,0.99104506,8.396675,9.989261,9.885518,6.045339,9.505666,3.1371841,2.8944485,5.7976675,4.444738,3.6619728,30
77534795e0582398ed1bd4e4,1.4190655,4.152797,9.2124,3.6198685,1.1377357,8.883211,10.267392,9.747154,6.567538,9.089616,2.9193888,3.1385777,6.3489385,4.9102445,3.5790253,8
77bff68dd64ab5e1e365be86,1.514605,3.833067,9.497142,4.619898,1.0437816,7.713176,10.00618,10.197028,6.8479414,9.391741,3.2668962,2.8658168,6.0415545,4.349626,3.9042423,20
77d52cb67565593233549902,1.1957712,3.8776987,9.456073,4.7082996,0.5309902,8.034047,9.837169,10.161501,6.633467,9.765845,3.220681,3.1785111,5.6415415,4.6686234,3.5485876,-1
79b699aaecbd59dfd4646cfb,1.3227501,4.2915115,9.329521,4.8812804,0.34424588,8.166276,10.055607,10.033131,7.1343637,10.283946,3.0696921,3.4606378,5.846135,4.824432,3.3427758,48
79d0d29510978106f522bd41,1.2505667,3.3133783,9.773548,3.8655183,1.2271008,8.023969,10.43821,9.72148,6.2451086,9.366143,4.18638,3.7341146,4.8522005,5.475897,2.9804292,22
7a30d8144370d600f83b4770,1.4480314,3.7666202,9.604109,4.34124,1.3149446,8.5228195,10.783503,8.958906,6.891472,9.179969,3.4665444,3.6146643,5.471768,5.0260353,3.1754756,-1
7af1de9e906b54bb92353e04,1.4298142,4.048332,9.2871895,4.4805,0.91917086,8.28206,9.953672,9.982344,6.51534,9.639787,3.347767,3.09558,5.5573225,4.1986275,3.4092562,-1
7b098b014c6ca751f27a786e,0.55465657,4.485533,9.742007,4.7477007,0.7499352,8.715565,10.367881,9.443373,6.912427,9.554809,3.2889605,3.5939038,5.763637,4.3858933,2.9864743,-1
7c560bae9a58571b460e5533,1.0360391,3.880222,9.222456,4.5325823,-0.060933597,8.167603,10.100766,10.191831,6.4198074,10.047022,2.938594,3.2113981,5.8167963,4.6890655,3.440521,38
7d9987ee77811b1aae1ef5ca,1.056919,4.616183,9.5673,4.713996,0.55505145,8.746486,9.778503,9.696371,6.554558,10.053321,3.0831528,3.2641346,5.686176,4.1902165,3.1594148,-1
7f69bcf9cff81b63b30f5187,1.0581933,3.5763972,9.677068,5.0247746,1.52141,8.220474,9.789552,9.719297,6.694868,8.810123,3.827822,3.2245395,5.1441717,4.3185525,3.414335,15
80250dd65a82471617f1cdf0,1.2321479,4.4813385,9.196655,3.5157714,0.7619066,8.137046,11.781407,9.027134,6.924864,9.13736,2.7248054,3.1494036,5.651359,4.6958838,3.5415442,-1
80bc908feaa29855c1612759,0.7527682,4.099071,9.74529,4.780964,0.40889132,8.307962,9.810184,9.822919,6.765226,9.6619835,3.3274424,3.0763257,5.323074,4.8336477,3.5260298,13
82cbac52773c1c738e6c656a,1.3693237,4.104164,9.177359,4.5534444,0.2965663,8.042951,10.21072,10.139585,6.9543295,10.318452,3.1724398,3.3524756,5.94445,4.832484,3.3906178,47
8385dfd57b522f6fd4918ebc,0.8293227,3.865554,9.61873,4.9654913,0.78976285,8.192599,10.208334,9.53643,6.9506984,9.389207,3.3522165,3.3023052,5.4213586,4.799442,3.4226077,13
8408b448e6923c384f3c7661,1.3982027,4.621365,9.407639,3.9267585,1.4108634,9.192378,10.416228,9.290703,7.172412,8.75903,2.490347,3.1059747,7.28781,4.7206287,3.6377795,33
88e6aab31096319ec10e9f47,1.529428,3.965813,9.191675,4.2724977,0.78063506,8.154055,9.937524,10.227525,6.4953628,9.689947,3.187844,3.0648067,5.8467145,4.3958683,3.5828407,-1
89067274cd1af60eaf28135a,0.51736915,4.7539186,9.974424,4.9072337,0.81283516,9.219322,9.84943,9.2228565,6.8758335,9.490427,3.0866375,3.5967662,5.8898053,4.3206906,2.994733,45
8cdca415e39320117d25b85f,1.5178909,4.0494857,9.432158,4.813773,0.9466487,9.189854,10.075555,9.248928,6.778081,9.169033,2.8650756,3.4396915,5.556351,4.625141,3.2542925,9
8cdcd71679a2609c43972a2b,1.4811493,4.204862,9.553453,3.43258,1.015563,8.372331,10.499122,9.546726,6.0809255,9.289179,2.9459436,2.8854244,5.90556,4.564243,3.6816573,23
8e0f7bf26feeffa52c6e3e38,1.329007,4.6162543,9.473726,5.0488424,0.39199847,8.594978,9.942242,9.829662,7.238825,10.235403,2.648826,3.5032053,6.1370807,4.693778,3.3770409,49
904d5e12468eef23c6b34c53,1.6193666,3.9734316,9.484757,4.120599,1.3297317,7.9137874,9.68347,10.050818,6.222437,9.358524,3.0797815,2.926688,5.670045,4.067517,3.9242365,31
907cc901b80792f9acaba8e7,1.0254381,3.6750476,9.187215,4.571162,-0.096450575,8.022019,9.86823,10.445164,6.3035607,10.101136,3.1000385,3.0677645,5.8325577,4.6870728,3.4918158,38
9269aaab3372d06b2f48b9fd,1.3703887,4.679909,9.406584,5.0030847,0.29147825,8.58569,9.842488,9.924734,7.1722603,10.325689,2.630937,3.4171753,6.0330005,4.6612296,3.3925734,49
943beaea728e5b057bef0f47,0.2298752,3.775101,10.02205,5.698045,1.530496,8.520451,9.382212,9.42963,6.9217453,8.318867,3.9039214,2.8388164,5.431408,4.121518,3.402528,4
945ef8478fc309660a5d7693,1.2587601,3.8016803,9.412084,3.5527592,0.9662659,8.098438,10.875457,9.668723,6.5416074,9.781399,3.8996665,3.496529,5.365002,5.176883,3.1103823,22
9478f44b009411060c5d9027,0.77717525,3.8691163,9.519303,3.7390587,1.1980727,7.6643186,11.467589,8.994696,6.669997,8.510104,3.320954,2.9980302,4.9905243,5.0314503,3.5945418,-1
9a3ff2e9c6408e3f5d178526,1.4623419,4.001924,8.839699,3.2729557,1.5182813,9.422197,10.8013935,9.479542,7.0419044,9.112731,3.5007143,3.5435653,7.042717,5.112899,3.1510046,7
9edff0586184a69f6cfa42c9,0.96811086,4.224321,9.503681,4.4434423,1.1848382,8.61599,10.773814,9.175243,7.207366,9.21875,3.3753257,3.3300865,6.255498,4.4541826,3.2348597,-1
9ef31868ffda4629ae49b530,0.9626028,4.067349,10.001238,3.9865239,1.1147234,8.215149,10.279131,9.419202,6.1874166,9.146593,3.1986904,3.483695,5.34237,5.0502443,3.2842882,19
9f1430038c54961e2d274584,1.533531,4.032054,9.561404,4.520772,1.5991635,8.854357,10.242692,9.492254,7.035808,8.874004,3.2655022,3.594208,6.228943,4.579255,3.2510493,-1
9f71f63219589c57bdb3f523,1.2170612,4.211335,9.428819,4.7823405,0.46719053,8.25731,10.037882,9.933025,6.984301,10.00633,3.0941446,3.443122,5.7761497,4.82922,3.3555892,-1
9fefafe6c01d30ffa3e2e08f,1.3713126,4.6547694,9.416809,4.989313,0.33704355,8.587665,9.87036,9.90631,7.1731715,10.287768,2.643777,3.4315076,6.0557957,4.656288,3.3921149,49
a03a4ad61da2102223c02088,0.87672895,4.458877,9.794403,4.2646165,0.5283407,8.57493,9.939763,9.879441,6.193639,10.575135,3.727217,3.8009138,5.2817154,4.57992,2.695797,14
a04200714925be819541349d,1.3832015,4.506956,9.344483,3.512765,1.3944538,8.686658,10.569612,9.4929085,6.854061,8.40861,2.259872,2.7405503,7.049888,4.859393,4.014435,32
a20b698b6046c08ecbb60af9,1.9455799,3.8264968,9.133489,3.3124146,1.3167281,8.582785,10.15685,10.028304,6.0258584,9.03508,3.1528525,3.1978247,5.690571,4.7731175,3.517586,-1
a25785035383906d9f7808f6,1.3135635,4.1666455,9.625561,4.362308,1.5619706,8.6589985,10.99884,8.658882,7.284422,8.962028,3.3115973,3.484077,5.9002542,4.8495283,3.2361557,-1
a261e7f9ff65f82f7b330a4b,0.7901924,4.547256,9.358555,4.518495,0.72866523,8.281957,10.197079,9.655416,6.410452,9.723731,3.0458841,2.9777992,5.756281,3.790637,3.2967224,-1
a2d7c71ee5156acce6a8e74e,1.5788369,3.951089,9.531034,3.990339,1.2227497,7.9986496,9.648535,10.073812,6.0480914,9.4335,3.120235,2.9045827,5.5929575,4.110186,3.8827338,31
a3ec35a86c268a6d7eacc63b,1.3504852,4.632093,9.427594,5.0084634,0.33894587,8.588571,9.879556,9.8934145,7.192298,10.260375,2.6337228,3.438093,6.065112,4.688242,3.4015195,49
a5d8fca8c90ca1751c45c4eb,1.4307554,4.3193707,9.346064,5.0125127,0.45866922,8.205124,10.234581,9.857136,7.31549,10.156523,3.0104918,3.5154026,5.7638597,4.8397403,3.343651,48
a69402432b4a54a5da282a53,1.3015305,4.5044365,9.384808,3.6427612,1.3303457,8.633139,10.602997,9.4266205,6.8999205,8.504741,2.3167999,2.7670617,6.8905096,4.7995687,3.9801037,32
a81505190cfe0642a4a70994,0.95663506,3.6245546,9.344303,4.7340145,0.040383276,7.937001,9.809255,10.395933,6.447195,9.97379,3.1642237,3.1714005,5.7530265,4.8646073,3.5680244,38
a83b25abbe14f16dc7a9d55c,1.3543352,4.613057,9.346755,3.842249,1.4106886,9.165051,10.443494,9.311008,7.132293,8.748041,2.5141428,3.037514,7.296506,4.683386,3.6557875,33
a9977dafad10f5271e745082,1.3056823,3.9120848,9.064334,4.3958163,0.13458826,7.997512,10.122455,10.309033,6.578775,10.14153,3.0376928,3.127178,5.923402,4.7101846,3.5223045,47
ab27fb8cee1460e803a7603e,0.87321615,4.490899,9.825026,4.309045,0.5604934,8.548635,9.945118,9.827581,6.2063465,10.562821,3.683778,3.7894747,5.2647347,4.540367,2.7103963,14
abcedcb72639cd692becb84e,1.5619181,3.6365676,9.519362,4.974671,0.90959054,8.884598,10.529163,8.934343,7.0519233,9.174398,3.0322528,3.558696,5.4208064,5.047697,3.3546658,55
ac8b1db0a523cd1a95813480,1.3270441,4.6846795,9.435003,4.935823,0.35438392,8.761482,9.841287,9.791292,7.0009117,10.240166,2.7740424,3.3752599,5.899813,4.4989734,3.2727425,-1
add402a2fd296d776e9a0d27,1.3794785,4.713223,9.409146,4.967879,0.32420117,8.606604,9.83482,9.8862505,7.1391253,10.294732,2.6366186,3.3833296,6.0060534,4.61215,3.3980772,49
ae9b51523a6f5b34c5eb11ed,1.1429802,4.2160864,9.128054,4.033434,0.7484258,8.358449,10.242084,9.766857,6.3492184,8.861834,2.3838766,2.5986543,6.0861254,4.2587447,3.9020648,24
b0faafaa09379f8bbe012b40,1.0900966,3.7923715,9.165185,4.4055266,0.024216227,8.128935,10.037378,10.32083,6.259838,10.07957,3.1736042,2.9839954,5.9207306,4.443616,3.4303875,38
b145506de117c3a3db89fe99,1.6953696,3.8424678,9.213268,3.509182,0.9559755,8.294008,10.212086,10.100248,6.075724,9.447008,3.2920072,3.2242754,5.5710773,4.823074,3.4287858,-1
b2ea783e181efd1b9d47d748,1.434107,4.1547093,9.220305,4.075153,1.2924677,8.9510355,9.851636,9.546832,6.6771574,8.277164,2.1951427,2.7367806,6.750145,4.405025,3.9521513,-1
b3b9e6b2697c7585e145034b,1.406849,4.244216,9.581221,3.5462198,1.0624851,8.385057,10.506603,9.467078,6.1762514,9.179431,2.866069,2.9054286,5.93622,4.5612416,3.692228,-1
b480e0c4dad03e3022fa467e,1.6033257,4.1717973,8.353034,4.6932683,1.116297,9.243229,8.347023,10.436198,6.6663055,6.6148705,0.49042365,1.9027145,7.076273,3.8426301,4.738888,1
b4c1105b8c3a41510d17f3a8,0.99573874,4.0623436,9.981831,4.0025945,1.1200801,8.246315,10.359959,9.370647,6.218404,9.152521,3.2189715,3.4978623,5.328205,5.0134606,3.2498996,19
b555cba764b37387807440c6,1.346464,4.4059453,9.304131,4.9408135,0.15531412,8.383498,9.804575,10.078749,6.980433,10.383721,2.9716454,3.3721454,5.7489796,4.7486176,3.2903602,48
b678152b2e52c55b9325ae0c,1.9271561,4.281784,9.050937,3.2222044,0.7707231,8.442317,10.58389,9.933452,6.1707516,9.775826,2.9847221,3.0292642,5.826358,4.456951,3.5330238,23
b72d15a9ca6393c3a1d61c9e,1.2034045,3.8907104,8.892652,3.38057,1.3053348,9.202745,10.790843,9.6900625,7.0690694,9.522375,3.8430982,3.72568,6.941787,5.2081556,2.933942,7
b737b5fb9be7c8b7a4f0a012,1.2813002,3.600231,9.56534,3.9446895,0.5010576,8.041616,9.579108,10.411976,5.881194,9.751488,3.3316634,3.1770508,5.494418,5.0595255,3.5422883,27
b847f25e511839953a5607a0,1.0474033,3.6740844,9.293856,4.5588975,0.02155527,8.017219,9.723916,10.469741,6.2762885,10.023421,3.125964,3.1171958,5.7682166,4.7932415,3.5233872,38
b92db9254af3eb66a922e90c,1.249231,3.5275567,9.598923,4.968452,1.5597094,8.055609,9.637306,9.900076,6.6073947,8.847893,3.7806242,3.1310534,5.0909705,4.2020802,3.5734935,15
ba95080d2e39b4e82d0ca331,1.4780822,4.6418195,9.750782,5.055856,0.87682563,8.784614,9.93882,9.532014,7.180979,9.803067,2.546088,3.3950794,6.4281077,4.4584093,3.4928136,37
bcbbbed7d0ff5741a5c43b36,1.3201096,4.046893,9.558844,4.596435,0.91480416,8.725596,10.796639,8.834876,6.7063828,9.457171,3.2007911,3.467536,5.3704515,4.431108,3.0473773,51
be3a40fba0eb619272107ab6,1.6220809,3.8674285,9.234616,3.9061477,1.5625051,8.898963,10.353909,9.697579,7.0095806,9.006799,3.5250568,3.4272273,6.6598606,4.8510966,3.3061695,-1
be869f64b1d433f4fae2c59e,0.9951852,3.877511,9.485307,4.4812317,0.7627833,8.573877,10.292193,9.7915325,6.4691076,9.632324,3.73534,3.4805818,5.3965735,4.5020456,2.929366,-1
beb304beeefe3866f3b2c8ca,1.0623533,4.629462,9.568871,4.7434125,0.55319715,8.785558,9.756123,9.684085,6.576947,10.051375,3.0699272,3.2650096,5.6796575,4.192897,3.1615086,-1
bf47c3a6128c34e99c172933,1.7502745,3.3386545,9.525511,4.13264,1.5369315,8.332164,10.209509,9.735599,7.069049,9.174311,4.0314226,3.631751,5.985104,5.490209,3.2484155,40
c033e6e9106ffa2c71f3f03d,0.55242133,4.4810877,9.734031,4.751213,0.7585228,8.686144,10.370498,9.463468,6.9114656,9.565303,3.2948,3.6020546,5.7589173,4.3791375,2.988874,-1
c083fc1b33bf19d66b00d42b,1.1818025,4.475032,9.530005,4.7746534,0.633159,8.67362,10.052015,9.500668,6.9748096,9.753455,2.8144925,3.1756122,5.9557643,4.4410553,3.435153,-1
c0cae3e863522bcfb8a6493c,1.5251163,4.024832,9.349978,4.4676986,1.1617998,8.854166,10.323639,9.528217,7.2249384,9.037792,2.9428842,3.4978573,6.496297,4.9144473,3.4519267,-1
c1225898e27a60a17347514e,0.99529487,4.049498,9.9592285,4.0333657,1.1209865,8.253787,10.351448,9.374184,6.2272663,9.158074,3.2164376,3.5185041,5.3105445,4.9968233,3.2419872,19
c15a6dc5c75c2a599f90a6a8,1.3296839,4.440122,9.516749,4.7715106,0.5947949,8.700125,10.201325,9.501391,6.917756,9.958324,2.7783494,3.3297043,6.152559,4.4523478,3.3520784,-1
c1ed04f25fa26a6efc90dfc2,1.7563579,3.9857345,9.103811,3.4759533,0.8126553,8.679945,10.764419,9.52978,6.2321296,9.675614,3.2748764,3.1014981,5.6940565,4.4976716,3.3008404,23
c2a244bc4d8096a1c0ee0245,1.3975365,4.483878,9.358458,3.4997525,1.4254726,8.683823,10.509436,9.540018,6.8201847,8.422704,2.3120275,2.747344,7.0490685,4.8590856,4.0006385,32
c39b737da0e635eed6930b7f,1.0473685,4.5803313,9.584772,4.6269403,0.6213847,8.731121,9.784648,9.693006,6.484182,9.971917,3.1114,3.1907098,5.71557,4.1570215,3.2087004,-1
c55719c037ae88147bbb0c28,1.0259284,4.0148416,9.594049,4.475599,1.4230498,8.660676,10.400061,9.114222,6.5981703,8.846804,3.3121758,3.2972324,5.4434676,4.2650676,3.332076,-1
c589fb7185bfc4db210703de,1.329699,4.6367364,9.458913,5.0559964,0.35234103,8.584164,9.913134,9.861714,7.2325087,10.272339,2.628689,3.4887047,6.109158,4.6892133,3.385964,49
c7332c7092442fd73fc44a65,1.7727648,3.3691895,9.490063,4.1750727,1.5843056,8.381148,10.16312,9.737004,7.1403565,9.137412,4.0013227,3.6039495,6.0806446,5.4312215,3.2652543,40
c98921cb1a3a2d130a2667e4,1.2144501,4.61363,9.91636,4.3333626,1.34234,8.59914,10.527943,9.105556,6.9850345,8.972958,2.7384322,3.3434138,6.1823845,4.5511255,3.4674308,37
ca2eb154d7aea00f658f1766,1.416832,4.016372,8.802316,3.2020035,1.5573604,9.522434,10.750991,9.531763,7.0658073,9.091777,3.5339284,3.5697997,7.2325935,5.1463857,3.1198862,7
ca94b719d8b2d28dbe2c9997,0.9952689,3.543566,9.694448,4.8156796,1.3871462,8.215526,9.986899,9.6709795,6.622265,8.970993,3.9074318,3.3686354,5.069958,4.603951,3.2594202,15
cbf1748ab02ea0e7a249c4a6,1.008991,3.9051638,9.453698,4.2187114,1.0221486,8.748002,10.989189,8.811117,6.5768046,8.91682,3.207242,3.2737768,5.369537,4.542599,3.198033,-1
cd4b8d3f2d28906ddf0253e8,1.6813643,3.7846615,9.518389,4.3112535,1.4837896,8.58546,10.296301,9.616915,7.035955,9.11405,3.5905612,3.418508,6.2990327,4.7279778,3.3145318,-1
cfce33b2fe99e213e504f853,1.5879139,4.209648,9.434254,3.693515,0.8272594,8.297481,9.889318,10.08529,6.0970936,9.679789,2.9360058,2.9229124,5.8734264,4.431197,3.7416077,-1
d0baedb9a0899bd05a7bd9a4,1.4152284,4.1568913,9.175716,4.6613646,0.23335627,8.094466,10.013928,10.226023,6.921604,10.37317,3.094997,3.335763,5.8986735,4.8002477,3.4028876,47
d1b5b1c1600a48288eb1b6be,1.4220959,4.130026,9.201129,4.089324,1.2713778,8.932664,9.826339,9.562846,6.6519213,8.269202,2.1815012,2.7227092,6.723134,4.3910985,3.961511,-1
d20b7182a8455ebbec1680f9,1.0106153,4.438455,9.612914,4.6126614,0.7422895,8.667704,10.187301,9.4670925,6.601373,9.806819,3.197043,3.3002691,5.802702,4.165632,3.1064396,-1
d21fffca01876d4ec284215a,0.98892534,3.6506767,9.226266,4.6194463,-0.06392693,8.020153,9.861835,10.408138,6.333626,10.052215,3.090089,3.0894954,5.8006773,4.7175193,3.5116768,38
d354edf2a6e7f497f6566f50,1.5992951,3.9965034,9.265186,4.2691627,0.93474334,8.094052,9.938092,10.202776,6.554688,9.6098585,3.1738265,3.064249,5.9133015,4.359988,3.6523538,-1
d473552f6443d0a97a1e80c0,0.9702584,4.4670515,9.630059,4.6176667,0.73865306,8.621484,10.193477,9.47955,6.6028175,9.793658,3.1593843,3.3126917,5.788539,4.1803837,3.1219292,-1
d5ba850dba0fef4fd03aad94,1.1265203,4.5124807,9.593125,4.5046806,0.89304197,8.547182,10.253446,9.599872,6.832977,9.879683,3.2027216,3.7035177,5.54392,4.6186395,3.0815413,-1
d63c8b56c79db546c72952d5,0.7454222,3.6460202,9.630251,5.2681847,1.3361944,8.529682,9.850464,9.584797,6.680617,8.69689,3.7019885,3.2064278,5.1801977,4.0578504,3.237408,16
d8e7c163ed061446dad5feca,1.6289054,4.1553187,8.373275,4.673258,1.1129098,9.223116,8.3562765,10.415536,6.6523237,6.5979695,0.47980806,1.9220568,7.1030116,3.835354,4.7201095,1
d94e4fd999ed20721f6a4200,1.6001455,3.9276836,9.523988,4.0318346,1.3025107,7.9084096,9.651525,10.070573,6.092038,9.374072,3.121254,2.8714416,5.6136055,4.0725317,3.9491527,31
d95e8250e8ec6b172fd8485e,1.3950394,4.1909957,9.249519,4.7018495,0.27277765,8.125855,9.953188,10.198661,6.9180603,10.337593,3.083214,3.3466406,5.8711305,4.7842827,3.4027078,47
d97a71645b6712974d359408,1.6005732,4.1703157,8.352221,4.6962566,1.1124219,9.246223,8.343078,10.439169,6.664013,6.611974,0.48545048,1.8995991,7.0736384,3.837471,4.7402177,1
da1ff53a93f8a1fe149a0539,1.6545647,4.0041556,9.276761,4.2216277,0.9710378,8.031913,10.0322,10.158494,6.5719013,9.60348,3.1719124,3.0563204,5.8797054,4.364266,3.6830285,-1
da52e16ff418662bef20e92e,1.0170745,3.6835487,9.201559,4.5744486,-0.10104733,8.034097,9.883614,10.440021,6.306154,10.114934,3.121939,3.0693436,5.847631,4.662983,3.4707901,38
dbce13430402e08439b3f9eb,1.1106801,4.5036335,9.610926,4.496213,0.9277797,8.497451,10.15072,9.702845,6.813298,9.827329,3.1674893,3.6688972,5.6369143,4.5864606,3.163062,-1
dbf934d1e71f99bcbb1a7ec6,1.3018563,4.2263703,9.33337,4.0111094,1.0160979,7.9665403,10.64749,9.585053,6.791111,9.633772,3.15211,3.026717,5.907832,4.4312844,3.6610863,18
dc49dd295227dbc6d5107f7f,1.3976526,3.8842351,9.788273,4.1750913,1.2343292,8.225577,9.8127575,9.783315,6.29841,9.092675,3.1602123,2.7210286,5.9203086,4.442501,3.9050775,-1
de4faf6415fb3113c8da3961,0.7822868,3.8781052,9.513996,3.7444339,1.1907527,7.6675415,11.467995,8.998192,6.6738167,8.516758,3.314381,2.9977336,4.9996557,5.0232306,3.5992405,-1
df5d10ea5e90f8dada900768,1.3450098,4.5907855,9.303489,4.8225627,0.39801937,8.469973,9.9449625,9.894264,7.0731115,10.137015,2.8411667,3.2641494,5.9340405,4.584706,3.3694615,-1
df9017bcd0ff0898a5d290a3,1.0676535,3.643161,9.3883915,4.444674,0.14187427,8.023349,9.685239,10.437829,6.198555,9.924924,3.184381,3.1439009,5.682909,4.8783126,3.5343313,38
e04231341facca859ddca12c,1.2302397,3.3299577,9.7830105,3.9197829,1.2188901,8.043372,10.407437,9.715757,6.258005,9.383605,4.192636,3.7394032,4.8448777,5.4486427,2.9714737,22
e0dbda332d77d40a6fd6adc2,1.0129411,3.6720622,9.152779,4.572347,-0.13123791,8.03717,9.925518,10.421059,6.301058,10.117417,3.0801945,3.0530372,5.836448,4.648843,3.4816823,38
e266edd92ef05692e39b2abd,1.3733875,3.9087465,9.455376,4.76701,0.9588534,8.77081,10.4373455,9.061586,6.679198,9.292569,3.1593714,3.415407,5.19627,4.516649,3.1651118,-1
e65d665931d8e2373e446eda,1.9495898,3.828836,9.131872,3.3112378,1.3150331,8.58257,10.157638,10.029907,6.0257244,9.040258,3.153182,3.1976833,5.68893,4.769136,3.5170171,-1
e68c8bd9da07cd41b7f19c1d,1.3910545,4.4687023,9.371328,3.4837446,1.4310039,8.646885,10.512666,9.5519285,6.7977467,8.422361,2.3257325,2.7464097,7.021487,4.871785,4.004011,32
e6ce3ae7f71014346ad66907,1.3746997,4.6814537,9.413551,4.961868,0.31756917,8.603208,9.832107,9.906783,7.1260667,10.297702,2.6469765,3.3830516,6.0161047,4.618757,3.3952627,49
e8ca45409f56034f6179e6e5,1.4880021,4.2720304,9.463054,3.7489247,0.8436267,8.308761,9.930282,10.044548,6.2188725,9.645524,2.9318008,2.9796882,5.994322,4.5005136,3.6974535,-1
e97a71f4bf71c31dd6d84f0b,1.5729077,4.0750284,9.286479,3.6775162,1.3025427,8.93568,10.160453,9.701934,6.492157,8.920795,2.9351792,3.1595693,6.191125,4.8723946,3.5826306,8
e992bee1ddd5f7813d603170,1.4179915,3.7861276,9.590886,4.386393,1.1438818,8.277622,10.18486,9.661213,6.6103854,9.439554,3.7275167,3.4315968,5.2223907,4.823579,3.213504,-1
e9e3a4985c36a6aaa138eea5,1.4147522,3.9723296,10.088154,3.6048636,1.2090796,8.066822,9.451957,9.844869,5.4105067,9.163692,2.942729,2.145485,5.827329,4.395258,4.3767824,28
ea878b0fafaaf732e8a01d8b,1.0628003,3.903365,9.648328,4.828777,0.9222673,8.156092,10.302038,9.460808,6.962802,9.520669,3.2551036,3.5075405,5.523163,4.976563,3.4163895,13
ee1e57aea4297a218c972239,0.7359494,4.1255574,9.80382,4.7681365,0.41977724,8.384029,9.710738,9.802876,6.734592,9.655463,3.349682,3.057881,5.242187,4.850206,3.5364416,13
eefc13d97bedff805e86873b,1.0122745,3.8220615,9.836323,4.6176443,1.5980413,8.239917,10.336455,9.252689,7.3506,9.05923,4.088118,3.3948677,5.836858,5.2732615,3.1846519,6
ef51687d56cfef703540bbeb,1.353002,4.3735566,9.3333,4.9327497,0.27651903,8.290689,9.923191,10.039053,7.0865126,10.326022,3.0084786,3.433535,5.801505,4.7848716,3.3133903,48
f02762a42aae1e1434b0b52e,0.93281263,4.2692156,9.538068,3.9802513,0.6076689,8.612177,10.247364,9.902147,6.3765817,10.383466,3.7889764,3.7526147,5.612318,4.7776675,2.7551217,14
f326bb44b98e933af6be6f33,1.2454609,3.5375545,9.603468,4.9706907,1.551846,8.062857,9.629164,9.896858,6.607114,8.8615885,3.7808785,3.138925,5.0838985,4.2110767,3.5644715,15
f486a00ffcd231ad32221243,1.3969189,3.9693651,9.76484,3.9090483,1.1572549,8.227526,9.741513,9.876379,6.0700784,9.21996,3.1027298,2.6920822,5.8696876,4.4326,3.9255266,30
f65540f184dc003c43f5799b,1.4023724,4.1858053,9.176509,4.679951,0.2290872,8.10116,10.03339,10.205124,6.963957,10.38591,3.0973196,3.3442202,5.9065084,4.8112864,3.388882,47
f763ec715a8d7f490ff6f193,0.8610522,3.7370603,9.459683,4.4502697,0.3227485,8.194073,9.919476,10.181107,6.2852964,9.755033,3.331226,3.2332215,5.7164855,4.7256913,3.340713,-1
f83b680bcbccf41641212391,1.668578,4.484233,9.261714,3.52076,1.454055,9.291551,10.159844,9.6427145,6.9236555,8.380045,2.3699405,2.8448575,7.5030904,4.9649806,3.854635,34
f84209391d1132f3e6dc1324,1.0102426,3.8620327,9.648337,4.7808204,0.90783453,8.163557,10.283632,9.481216,6.886489,9.538883,3.3323913,3.4893918,5.4764094,4.9584923,3.3606005,13
fdee2fc84f517db6235f377f,0.084767856,3.7528872,10.161946,5.9012117,1.7497805,8.538562,9.11416,9.44525,6.94273,8.073253,4.021303,2.7616382,5.476603,3.97276,3.453835,4
feea1b2760045558c5e2d1a1,7.376415,4.3654613,10.609718,3.8437185,1.929572,8.844063,10.518837,10.266555,6.218914,5.51623,1.6467401,3.0678349,4.811972,5.292364,2.959919,0
ff5ab213990028c2ecdcbfe1,1.4276799,3.9414349,8.81221,3.1985269,1.4824272,9.424913,10.772049,9.585541,7.024938,9.216802,3.6339023,3.5790257,7.1116843,5.189984,3.0974443,7
ffcf7f47c4aa313e7687f95c,1.365617,4.605861,9.483867,4.994534,0.4146584,8.694068,9.932526,9.758255,7.127247,10.218359,2.669796,3.4876826,6.106919,4.624812,3.3374088,49
10fa669e5b637d8ec05b08ee,1.4408032,3.9185574,10.036336,3.5706353,1.2591494,8.197634,9.493925,9.8516445,5.4748006,9.1278515,2.993553,2.2826784,5.8358173,4.5154943,4.262412,28
b395c578ed9394206eaae4f7,1.0616792,4.457834,9.916024,4.4788394,1.3842931,8.609964,10.460726,9.027394,7.1100345,8.812701,2.9111493,3.135331,6.209336,4.561191,3.5496695,37
004a95da3750c87df7fba0e2,0.87873,4.274669,9.763223,4.2253957,0.50018996,8.491245,9.929075,9.97821,6.167688,10.513775,3.780708,3.7666426,5.2778077,4.726794,2.7369847,14
02851546afd9cb72cc700e1d,1.474465,4.0699825,9.574952,3.6681883,1.0194814,8.31904,9.926542,9.903031,6.0183215,9.455723,3.111351,2.8580277,5.784353,4.4279566,3.7329803,30
02b04887de056f9fbdf4bd47,1.2139734,4.2779303,9.196419,3.8817587,1.0779974,8.565436,10.05754,9.877744,6.5797973,8.869856,2.6224453,2.7105255,6.704055,4.426426,3.8477073,29
04bc1aeaf258ad0407c5140e,1.1952,3.8832831,9.244229,4.6513524,0.722758,8.316557,11.028058,9.137324,7.2624702,9.577907,3.0630813,3.4577596,5.826626,4.855566,3.4304876,-1
07107fba7b0e90becab79181,1.512341,3.827903,9.076185,3.473822,1.1610165,9.170875,10.174843,9.8317375,6.4138207,9.430637,3.5538607,3.4307797,6.1291804,5.003809,3.1944854,8
095d9cca2ea17ff6774b1b71,1.3877469,3.6042583,9.447402,3.9191492,0.4234809,8.075866,9.475073,10.554271,5.8980403,9.77113,3.2119734,3.1296444,5.6499085,5.095595,3.614784,27
0a02ccdd2f0f23b086f0dcad,0.8289021,4.3490653,9.331413,4.041331,0.7104136,8.005594,11.230619,9.174206,6.7202353,9.125083,2.7363768,3.0123014,5.4965315,4.4808817,3.627695,-1
0a05b429672bf8dae04e4496,1.3481158,4.4885116,9.4132595,4.1238556,1.1397973,9.076196,10.759097,8.959925,7.1738224,8.689756,2.419762,3.140302,6.5764027,4.8513412,3.6148129,-1
0b0976cffa672b9bfaf28ca0,1.3191364,3.4912095,9.541322,4.969426,1.5814632,7.962174,9.5605345,9.998961,6.58256,8.858104,3.77188,3.0658622,5.0666714,4.1096945,3.6602395,15
0d2d5a42b29c7678341820a4,1.189158,4.6469436,9.959679,4.3331575,1.3981137,8.609156,10.570712,8.996765,7.026965,8.916131,2.6981437,3.3033705,6.199847,4.554618,3.5007432,37
0e8a778b1add3f64e1b1adac,1.4617574,4.0508714,9.252763,4.0280414,0.9418832,8.873404,10.764231,9.221181,6.3998756,9.451432,3.3233092,3.029205,5.95828,4.0154595,3.1941843,-1
0f31f4869d1f5d9e150568b3,1.1634879,4.0076203,9.372978,4.186452,1.078221,8.110624,10.745707,9.329024,6.4802413,9.303219,3.1947818,3.192601,5.412004,4.262445,3.4307528,18
0fa58c117a2ed5d8b1feebca,1.4964494,3.8771813,9.651797,4.5832543,1.1972824,8.239078,10.381999,9.436576,6.8919344,9.148664,3.2469661,2.9235182,6.0248237,4.3559737,3.665307,-1
105a4f1a7c1a6109e96b5719,1.2069002,4.01663,9.452962,3.6809955,0.97466606,8.326766,10.870305,9.516059,6.6732264,9.607417,3.6909614,3.3913717,5.6425576,4.93845,3.1707485,-1
13ecc519762220a37259d248,1.6734749,4.038601,9.33794,3.8783283,0.8403967,8.176857,10.203175,10.020089,6.3064165,9.680934,3.163651,3.0760002,5.7693076,4.4822235,3.566072,-1
1449ae1be0c5b9d290da302e,1.4952395,4.19107,9.262372,3.6676433,0.5110898,8.413552,10.295687,9.988141,6.014586,9.937623,3.1356351,2.9253364,5.899271,4.229097,3.4117384,-1
14b9eb5937290a265c8e08c8,0.4724975,4.8071237,10.0021515,4.927885,0.75525486,9.282518,9.834675,9.202123,6.9014215,9.528369,3.0569527,3.6621027,5.867537,4.353156,2.9523559,45
15df993f41a6b2420b141e97,1.2932864,4.567943,9.330102,3.7735286,1.3759792,9.011848,10.488109,9.3396635,7.0533752,8.722972,2.5361574,2.9445148,7.1746907,4.6623483,3.7244925,33
16cad9f9de6be967063b549a,1.2085357,4.4318094,9.254199,3.7262008,1.1512477,8.991281,10.261798,9.691017,6.807339,9.128527,2.964997,2.9531035,6.9570293,4.5479198,3.5503135,29
172ff420a2017685a2964cec,1.3934137,4.068557,9.13979,4.5749826,0.23360994,8.019267,10.122974,10.225067,6.9032226,10.345583,3.1369498,3.3215165,5.927939,4.8379436,3.4220676,47
179c7b7e54419e28377d058f,1.6348941,4.174638,9.282852,3.3131018,0.7190548,8.4176235,10.490703,9.858342,6.0608444,9.6805935,3.0394335,2.9847054,5.959469,4.5427637,3.5333104,23
18020c0dd86dd885c736b7bc,0.42209864,3.4257822,9.633199,5.5404687,1.3337557,8.451072,10.108712,9.53839,6.6368017,8.656538,4.107904,3.3150153,4.9437666,3.822106,2.9483669,16
1880f4d10031c450d50dcbe4,1.2231653,4.2019033,9.31343,4.0973744,0.78675634,8.550765,10.142389,9.626842,6.3946204,8.904957,2.4539905,2.6866279,5.9928794,4.402922,3.8698814,24
1a212ce7fcee29bd3d01a0fe,1.465902,4.39069,9.149524,3.88684,1.3050653,9.302791,10.908143,9.042372,7.3334613,8.809618,2.7441938,3.3631752,6.8583093,4.9987993,3.412272,-1
1b5c0f9f7a64affd8f16d91a,1.3018414,4.216028,9.090584,4.0131965,0.86493796,8.260469,11.53649,9.034288,7.209054,9.237351,2.7812004,3.2713344,5.845406,4.786645,3.549571,-1
1e9662bb28acbfa39bc25d92,1.1309756,4.4010963,9.308619,4.797293,0.40826312,8.191803,10.428952,9.88914,7.308702,10.163109,3.084129,3.5130086,5.969618,4.789829,3.278455,-1
21a172b0d5d09b4fd629d6e3,0.843818,4.5360503,9.376804,3.9340973,0.09837798,8.503578,11.329377,9.255323,6.5900245,9.735943,2.888236,3.2363472,5.708341,4.476967,3.148512,25
2224bb38a3298b9f89cb3d4f,1.062812,3.7424285,9.789297,4.241337,0.9924911,8.351977,10.280087,9.579638,6.5111217,9.433637,3.747799,3.5643,5.1489286,5.1558332,3.1306298,-1
22b2c826d2e16fa2d541a9bb,1.9956707,4.267652,8.985341,3.171939,0.82029676,8.573505,10.7819195,9.793208,6.267135,9.724796,3.0091708,3.0871549,5.8717256,4.4880133,3.4457743,23
2380de8548ed87e783bc74ef,1.4626669,4.052265,9.252234,4.0242314,0.9387656,8.868538,10.758749,9.233382,6.3975964,9.460579,3.3279645,3.0314255,5.9611998,4.0166554,3.1923864,-1
24eb4ef6d2341fb03574c243,0.65386057,4.2665405,9.512279,4.5949516,1.0947386,8.443544,10.738221,9.420582,7.010745,9.190815,3.3573735,3.2984247,6.212981,4.0965466,3.1769593,35
2516a996d8b919626b800511,1.2250961,4.609945,9.321541,3.7838588,1.3692493,9.078303,10.405215,9.403795,7.056056,8.768521,2.5612218,2.9712982,7.314562,4.608687,3.6714714,33
26baa3e2eda640382dea02bb,1.6284913,3.9861982,9.348834,4.1286573,0.92587405,8.086911,10.028492,10.118858,6.4613814,9.628205,3.1966424,3.0515575,5.845336,4.408783,3.6519225,-1
26cbcd6dee37e65308dad5c4,1.6273274,4.169939,8.360692,4.6661305,1.1311495,9.216384,8.362781,10.413155,6.6680512,6.613245,0.49790478,1.9283366,7.0944934,3.854385,4.729103,1
2a6d93820922ea28c69fe2e5,1.4084035,3.9740987,8.82403,3.2185128,1.553325,9.471801,10.779753,9.547519,7.092717,9.120759,3.586171,3.5686815,7.2553725,5.179644,3.1050014,7
2c7fc4aae86fa1932da6654d,1.5618427,3.9191277,9.321825,4.021994,1.3956541,8.538616,10.853241,9.123566,6.7819605,8.737157,2.8437417,3.095927,6.11214,4.501471,3.708177,-1
2e50aed83c3b6489e68166a3,1.5848709,3.8544595,9.676263,4.5734806,1.3424494,8.2717,10.261073,9.523697,6.9611754,9.097844,3.245477,2.9759266,6.1918797,4.4246626,3.7284899,-1
2f07a986e13f74a865b9ac92,1.5338974,3.6404862,9.505525,4.9487553,0.90227365,8.895825,10.519381,8.965849,7.0499964,9.180375,3.0575147,3.5475323,5.46318,5.0395913,3.3470664,55
2f176b8821f95b5fd098e9b2,1.2788458,3.567701,9.573642,3.899621,0.5677693,8.039247,9.690551,10.345404,5.931839,9.707093,3.433696,3.2455478,5.434937,5.1486664,3.4670546,27
2f222a4abc1740c7b9d9fdb6,1.6136359,4.237812,8.347959,4.6260214,1.1723104,9.175854,8.423765,10.402116,6.7305055,6.709747,0.57916844,1.988739,7.05711,3.9267528,4.7069807,1
327dc099a8e990874f0d40fb,1.4712301,4.566569,9.357377,3.692581,1.392108,9.006164,10.420998,9.438823,6.9977727,8.587744,2.3353577,2.942356,7.2011385,4.8845553,3.829961,34
352a3f79903ca78fe34342af,1.4274955,4.0166807,8.846758,3.2878904,1.4333667,9.317245,10.854118,9.511977,7.0701466,9.186347,3.5013804,3.5141041,7.0393205,5.099332,3.1650527,7
35ded0c8ee0d8eb251307bca,0.939991,3.9339356,9.389437,4.7741036,1.0870936,8.441579,10.988246,8.983304,7.105393,9.183814,3.15422,3.5789227,5.570288,4.5567193,3.2511876,-1
36d45ab7730d61c07cb2f0e0,1.4120538,3.9629269,10.100826,3.581502,1.2287648,8.053298,9.425521,9.875742,5.3851566,9.127146,2.9153433,2.1066332,5.856099,4.379427,4.4106607,28
37a3b23be3f2fee69ffa4ede,1.4406043,4.5533366,9.756599,4.7557306,1.0941005,8.696988,10.364869,9.187688,7.098229,9.24629,2.5060022,3.367077,6.099308,4.475364,3.5474598,37
3af815dc2067a3a1e3c09267,0.9576414,4.381318,9.53364,4.630187,0.7339015,9.059852,10.360743,9.00907,6.794554,9.392438,2.9797378,3.2058012,5.6858163,4.359334,3.1953518,46
3c0fe729059997691b341694,1.3257383,4.284139,9.555665,4.2856846,1.5057671,8.703001,11.203712,8.524163,7.1882663,8.97607,3.0423079,3.5118632,5.8125434,4.718883,3.2634113,54
3c4b4d2f3c3759c0e6945c59,0.8849116,4.205125,9.3308115,4.1405277,0.7569584,7.939566,10.980653,9.332046,6.706342,9.155513,2.8443089,3.001902,5.4670324,4.5335617,3.6742857,-1
3d3eb74992b3fc7332a5f979,1.7791224,4.0504775,9.131228,3.3721082,0.95549124,8.418711,10.408138,9.921594,6.126509,9.425109,3.0762382,3.1112514,5.6692586,4.6475697,3.5117505,-1
3dac8781c3385b29861ea0fa,1.3796234,4.4934454,9.369165,3.8432171,1.5160127,9.130597,10.508871,9.244345,7.1216,8.744187,2.7262943,3.0993462,7.1450005,4.689775,3.5879772,33
3fcbd22f3b613e5681516662,1.373788,4.689864,9.387775,4.9973745,0.27400434,8.575067,9.83827,9.935103,7.1663523,10.343885,2.667288,3.4055343,5.9879856,4.657213,3.3709817,49
4166c132f15dabdfd6a3f5bf,0.5307926,3.510444,9.675209,5.4109545,1.3672205,8.392291,10.10084,9.537074,6.6825633,8.729461,4.0292726,3.344069,5.0220275,3.9713635,3.0542474,16
42b3bdff1115f96363a52450,1.4304663,4.0806136,8.913764,3.3536122,1.5634967,9.432707,10.700441,9.50454,7.129187,8.960699,3.3495584,3.451611,7.3175044,5.0776906,3.233809,7
442ab514047ca9e274fa1dae,1.1688871,4.5009675,9.191353,3.719647,1.1226108,8.814776,10.211338,9.7555,6.7750926,8.994326,2.661995,2.779675,7.070455,4.465336,3.7378511,29
4691fd44fb3c152feeb6e798,1.5000052,4.53715,9.324304,3.7100892,1.4343698,9.2634735,10.133266,9.520185,6.938956,8.51469,2.4061542,2.8493598,7.3614,4.7316732,3.8363361,34
4826b15a70dcb7e6ea46b4d7,1.1252722,4.062723,9.483686,4.6938996,1.4472717,8.499223,10.763113,8.837803,6.844286,9.192247,3.1719403,3.7013662,5.149109,4.415776,3.2224817,50
4933c656feed90ba01185277,0.84925556,4.5193124,9.375994,3.963202,0.109681204,8.497221,11.320246,9.244642,6.603867,9.729997,2.8864229,3.2454715,5.6896467,4.478275,3.1482148,25
4964e4c8369e0a14eb50d11d,0.93836135,4.2170014,9.591966,5.0588913,0.6813045,8.032648,10.436249,9.631254,7.414212,9.694994,3.2156813,3.3890128,5.783394,4.772458,3.3799293,39
49ae3de1bf2db090817af493,0.9662182,4.479213,9.333039,4.006262,0.3437797,8.87835,11.418142,8.923192,6.665516,9.402634,2.7716918,3.2205958,5.939031,4.3445015,3.076116,25
49c4dc8011c91557f78576cc,1.4484546,3.9712424,9.118788,4.5954084,0.23604834,7.99412,10.053465,10.271593,6.8568707,10.339348,3.176714,3.3288438,5.849578,4.884773,3.420855,47
49cca326cfa1edf285d96187,0.13840404,3.8192997,10.139133,5.7822633,1.7102357,8.576044,9.156791,9.439684,6.9272447,8.11702,3.920322,2.757934,5.5504246,4.0080457,3.4815702,4
4a45a6d06eea8de6e0232e09,0.41630596,3.4206088,9.6287775,5.546582,1.3329054,8.453535,10.108928,9.53919,6.6324415,8.65085,4.1131067,3.3128371,4.937637,3.8145084,2.943353,16
4c19e9b9d46724cd19ef3cb2,1.6174295,4.142347,9.217253,3.6011863,1.3944222,8.906514,10.555772,9.418215,6.7190366,8.684521,2.6784263,3.030364,6.5468674,4.8496413,3.7541027,8
4da80f9818c64dc9e9fd2d4f,0.78446823,4.6003265,9.784469,4.9299273,0.70798063,9.031354,9.890445,9.367836,6.8948283,9.642381,3.033438,3.4984152,5.901542,4.3500605,3.0943158,46
4fa0ef35868dbf275ba7d1bc,1.2057226,4.5208197,9.259723,3.60912,1.0807765,8.777895,10.32471,9.760833,6.733839,9.170639,2.781721,2.8179674,7.065347,4.4748826,3.6767428,29
4fbf5507abb6388d5f1a8f9f,1.1666967,4.554191,9.74664,4.397494,1.553533,8.848978,10.916613,8.513995,7.260252,8.8331995,2.8261013,3.3396919,6.127061,4.550987,3.3953738,36
508473d68c2456e9347747ba,0.44347686,3.4424214,9.640106,5.51632,1.3385671,8.449887,10.1142645,9.534528,6.6496286,8.666863,4.088002,3.324176,4.9642835,3.850775,2.9629428,16
5351c3aa068a281891383ec8,1.2665167,3.634122,9.533357,4.0105314,0.38702384,8.064775,9.498553,10.466212,5.8584614,9.796663,3.2015092,3.1468287,5.5841947,4.9986815,3.5968285,27
553f948d24f17a323c30c3bd,0.64453924,4.62184,9.846783,4.9239798,0.77027774,9.082203,9.975257,9.2530365,6.8804426,9.510057,3.0777476,3.508787,5.8601813,4.2887673,3.0441046,46
5568bbd335d687d1bc66b00f,1.4410613,4.3619504,9.184141,3.8805833,1.3989121,9.287797,10.88162,9.0387535,7.3105245,8.790633,2.837609,3.372374,6.8642683,4.9748626,3.3893337,-1
5575d84cc41aea96ff72965c,0.96464694,3.880155,9.63128,4.901662,0.73737156,8.130716,10.133807,9.654069,6.9984956,9.374498,3.2620893,3.1451917,5.5669804,4.8820286,3.606552,13
5a50d9ca2be7f79f1ed41305,1.073368,4.5274663,9.592472,4.0318427,1.292165,9.102032,9.891771,9.438315,6.7241087,8.615586,2.5867,2.722861,6.750835,4.539124,3.8498938,26
5b5ee765c43f7a324be1d227,1.0681932,4.3359575,10.047268,3.8197172,1.1042061,8.167796,10.541043,9.30053,6.359688,9.099991,2.9027858,3.3349764,5.593637,4.9530783,3.474761,19
5d60aa8832c3446f360f3839,0.87253493,4.463024,9.772362,4.2441006,0.5004252,8.603753,9.953983,9.898467,6.205047,10.597939,3.715803,3.797915,5.302667,4.598676,2.6885927,14
5ff6293accfc441f0b9aed13,1.0952713,4.0350456,9.557229,4.2721324,1.3436905,8.628273,11.124757,8.626898,6.9374595,8.937927,3.3001618,3.3637009,5.539697,4.637486,3.2421489,-1
62db3dba694a4333600bf0da,1.3279814,3.837678,9.602692,4.597918,1.0662,8.082401,10.536856,9.391365,6.9041243,9.215303,3.207542,3.0936024,5.670715,4.6239605,3.6367157,-1
63eb9e358900095021a37c05,1.1403905,4.3985276,9.230543,3.8647766,1.1506721,8.793875,10.078932,9.760891,6.723019,8.928769,2.706679,2.7725897,6.9302845,4.434792,3.7562165,29
63f873da27d85ee258c50aaa,1.1526842,4.0377274,9.481393,4.460898,1.0555646,8.031655,10.280483,9.954228,6.796975,9.574666,3.4943013,3.2927427,5.857766,4.3255305,3.3912807,-1
6430aef43cbe5b4f9bccd106,1.5077231,3.8357282,9.494433,4.6164894,1.0390623,7.706468,10.005143,10.204963,6.838293,9.405432,3.2758532,2.8725317,6.024665,4.3429785,3.8949637,20
64625a1df8032d5f40961a54,1.4465142,4.583715,9.397816,3.892194,1.1704159,8.593989,10.921957,9.106441,7.103773,9.103175,2.5691013,2.9739645,6.5012903,4.5591097,3.725039,12
653919318939bc83796f40ec,1.4368662,4.5231724,9.320876,3.774578,1.4269629,9.253681,10.068352,9.5321245,6.9113173,8.517898,2.421134,2.815713,7.3203506,4.6579823,3.8340755,34
67286b296356f0292b82b60b,1.3260273,3.8267057,9.602137,4.5923843,1.0768421,8.079163,10.542919,9.39175,6.903813,9.2068,3.2234075,3.0982609,5.667909,4.629589,3.6310937,-1
6820e9c955d18171a4706ae9,1.3702234,4.5832953,9.748376,4.6425877,1.122911,8.654749,10.530808,9.105143,7.1412964,9.154923,2.5190363,3.357262,6.1102114,4.516911,3.5410101,37
6849a5229ae94887fb8e85a2,0.49423108,3.480215,9.660924,5.4568324,1.3317074,8.443176,10.142977,9.527283,6.6840367,8.708786,4.041469,3.3528903,5.0182457,3.9130263,2.9907217,16
764b7823668958928df43e0e,1.2888916,4.3973002,9.410564,4.1955013,0.46842757,8.644102,10.889831,9.445971,6.6871967,9.608479,2.9852757,3.4949331,5.4589515,4.583725,3.0734193,-1
771d5d3c815d8ec400f1acf7,1.5267142,3.784474,9.576551,4.6257677,1.0368223,7.67973,9.879098,10.255919,6.768489,9.343144,3.2203534,2.7302556,6.1519237,4.3197474,4.0292525,20
78607b587ca7ca8f3856dd8f,1.6275067,4.1684694,8.362331,4.6661897,1.1295273,9.216216,8.363685,10.412638,6.6664376,6.6146793,0.49897286,1.9286674,7.0938654,3.853168,4.72798,1
7ad726c5197e176f5a7e6a27,1.1750371,4.57194,9.849325,4.4964676,1.4846957,8.770016,10.61998,8.844522,7.1915245,8.91435,2.84156,3.2994938,6.284035,4.4389505,3.419712,37
7cccc693750cd8995883b11b,1.4123973,4.550718,9.36549,3.832371,1.4717155,9.191317,10.358157,9.35092,7.0644884,8.701894,2.5838141,3.0147452,7.247862,4.662093,3.6680715,33
7e50f725b64aea527a04270f,1.2081832,4.197087,9.796508,4.155358,0.91711396,8.320281,9.878957,9.635045,6.247737,9.450967,2.9325264,2.8996964,5.73156,4.3998904,3.7816184,-1
80342651ed4498dcdf580dbf,1.1397703,4.3802857,9.161871,4.179774,0.7823679,8.128417,11.632719,8.909122,7.3276153,9.103542,2.4753244,3.177082,5.792181,4.751358,3.7007608,53
843a02b5d6ef34232e989108,1.2534605,4.487801,9.694676,4.345135,0.87193155,8.47483,10.010924,9.515223,6.5474935,9.597033,2.8766565,3.109309,5.77903,4.3623667,3.5082984,-1
87a053add2caeacdd5fbe49f,1.0121901,4.5786314,9.579638,4.712318,0.57911724,8.76507,9.794595,9.661679,6.534033,10.012958,3.1111956,3.2357059,5.7036705,4.1375813,3.1543396,-1
87ceba627a38c9003cf1d991,1.083177,3.7091508,9.671318,4.988672,1.4390922,8.229824,9.708153,9.734425,6.630944,8.941787,3.6762016,3.1960166,5.174519,4.2430224,3.466793,15
88e338baa758d70008cbf834,0.6914836,3.7363873,9.578869,4.5230823,1.1764284,8.200986,10.672249,9.577478,6.755788,9.250397,3.9080327,3.6617181,5.47636,4.665481,2.9601405,-1
89d19363d10eb20bd843149f,1.6422603,4.582251,9.302529,3.519311,1.4470583,9.282266,10.168623,9.5617075,6.8928347,8.332463,2.229849,2.7428439,7.5172286,4.883387,3.9558692,34
8c1c820f3c5170c80c26bdb7,1.3225689,4.2277355,9.755833,4.57999,1.4459524,8.709172,10.31101,9.276104,7.120725,9.1258135,3.445949,3.208302,6.377918,4.2490444,3.281271,44
8e2adaa9116384a5ac7080e4,0.9315014,4.3097014,9.498169,4.7515693,0.6290233,8.675516,10.388572,9.647519,6.9855533,9.616282,3.2317393,3.394157,5.930736,4.412823,3.1218114,17
8e9723d639d5df91aeab7f0c,1.4693902,4.589939,9.391163,3.7298882,1.4044647,9.089189,10.341488,9.444943,7.014238,8.582857,2.3261967,2.9389648,7.2968388,4.8565893,3.8258123,34
91ff3ee062fc764012700b69,1.1976316,3.8882174,9.254888,4.6646695,0.71815616,8.31531,11.017752,9.134275,7.2554,9.588501,3.0552933,3.4713533,5.8030553,4.862697,3.4265113,-1
935f9e63f76b62f32a654865,1.3655671,4.1346197,9.188029,4.589514,0.2978921,8.05813,10.199336,10.134218,6.9840527,10.323666,3.1562955,3.3693087,5.945328,4.830916,3.3832812,47
944dc96753d3819eefd1ec92,1.7446057,3.9796464,9.605198,4.377345,1.4950119,8.607885,10.280532,9.558681,7.0167584,9.15854,3.5249023,3.2475064,6.3974576,4.3461504,3.346799,43
94b0f96a8aecf57120fcabaa,1.4719113,4.070622,9.235945,4.001152,0.9211064,8.851065,10.749684,9.2485895,6.379102,9.475467,3.3055305,3.021873,5.978695,4.021709,3.212819,-1
959dbb09df06fb5eabd7bd5f,1.3029152,3.575681,9.660225,4.6953464,1.5326532,8.209928,9.977031,9.666471,6.6441793,8.856293,3.72719,3.2130873,5.290154,4.4949007,3.471476,15
95d226abb5a40949a43172bd,1.4665402,4.1476545,8.941563,3.392962,1.5163728,9.404564,10.6551695,9.497981,7.110637,8.900757,3.1925037,3.363296,7.295708,5.043918,3.326963,7
9664e722f9644de00b20ab9a,1.7527848,3.9445755,9.151353,3.4865708,0.87374544,8.702241,10.651181,9.568842,6.223193,9.624913,3.3086436,3.0857794,5.7471976,4.5286818,3.332018,23
966962fe690872ee84edae85,0.8714042,4.489686,9.783682,4.2696967,0.51343155,8.614018,9.95138,9.87579,6.2164755,10.5886345,3.6972287,3.8068833,5.2944126,4.5762334,2.687334,14
969892b662a48720dbf02cd8,1.3833177,4.3586597,9.433324,4.2194405,0.53994966,8.667554,10.796077,9.489451,6.6856265,9.574605,3.0158525,3.540359,5.423389,4.6221204,3.0652092,-1
990905b55c09c02b602bd90e,0.8652377,4.474757,9.798968,4.272241,0.50624025,8.597304,9.92871,9.893659,6.191957,10.608506,3.7190652,3.8093252,5.273266,4.580896,2.6799295,14
996bd406afd29eba593aa065,1.0530541,4.6143475,9.752738,4.424529,1.4764823,8.984898,10.743605,8.549243,7.1926827,8.928635,2.8533194,3.3314128,6.1268187,4.525189,3.341207,36
9a00d58902d9062ca76e6d04,1.3900632,4.4610877,9.383965,3.884438,1.5557946,9.139939,10.578462,9.14831,7.154928,8.735729,2.7772865,3.1492145,7.0655327,4.7015157,3.5464072,33
9c244792267bc7db096e9c70,1.4483058,4.3528967,9.145238,3.8435097,1.3753898,9.322172,10.881298,9.072038,7.3142157,8.820296,2.8415668,3.398206,6.902882,5.0031066,3.3717623,-1
9df5ab2fecfa62dd02010030,1.6210996,3.814876,9.731096,4.5181055,1.4228749,8.208693,10.115086,9.648861,6.8237514,9.026787,3.322149,2.866691,6.164059,4.33926,3.79287,-1
a0820a6a119c15d61ef4eb2d,0.88792866,4.4103637,9.739864,4.2127547,0.44075844,8.580849,9.946564,9.944408,6.183657,10.610791,3.71494,3.7665992,5.312441,4.642103,2.7051768,14
a09815a8a9168093f42f9923,1.7178096,3.85192,9.208564,3.4475234,1.0218363,8.340714,10.260857,10.037062,6.0597386,9.34071,3.2658095,3.1964521,5.5770717,4.803776,3.4440508,-1
a62f495fc61b1c0f9b227e32,1.5859611,4.012064,9.357945,4.4273844,1.230592,8.864969,10.2897835,9.558028,7.2146173,8.994714,2.9642856,3.4896514,6.5608473,4.90228,3.4603887,-1
a7c51ec43d8777f970915383,1.2971927,3.5814755,9.657892,4.711372,1.5259262,8.200031,9.967829,9.6738205,6.6431503,8.864777,3.7196379,3.2041419,5.2908206,4.470295,3.4794283,15
a9730b1ec08884afd820efae,1.5111732,3.94577,9.492226,4.0878077,1.2276999,8.059593,9.733031,9.985196,6.132731,9.392139,3.1149132,2.9769695,5.5990095,4.0984535,3.8174288,31
ac7831d9560009af99f241c9,1.0061432,3.9954283,9.939992,3.908677,1.5638853,7.9404535,10.650732,9.213314,6.969581,8.816227,3.6424673,3.1454568,5.7004776,5.2487473,3.5717983,6
ad4123d842089d0552185a5a,1.1848632,3.8823137,8.912197,3.3891506,1.2935797,9.193427,10.801543,9.693493,7.067857,9.539514,3.8652213,3.7420664,6.934282,5.2051287,2.9166253,7
ad833e45883dab847cabdb7c,0.44145277,4.1613874,9.607457,4.8917284,1.1030993,8.33183,10.742983,9.428612,6.996767,9.239574,3.5828938,3.5447865,5.820601,4.0342207,2.9640543,35
b012b7bc3c0410739443a682,1.4252367,4.049715,8.92753,3.388925,1.5741684,9.399059,10.697421,9.514967,7.130766,8.973401,3.3914635,3.472097,7.2877893,5.0581393,3.2135284,7
b0fda693bb8ea2a8c1a61608,1.66096,3.3560815,9.52403,4.1187096,1.471211,8.312739,10.2603,9.710041,6.9947915,9.231777,4.0258913,3.639204,5.86694,5.4839873,3.2216682,40
b1e73b6c32a1fa36ab5c37e6,0.70715237,3.9758344,9.382717,4.6071815,0.8862208,8.676988,10.580376,9.347244,6.880285,9.356428,3.4120724,3.3577533,6.003129,4.3146033,3.1693594,-1
b1fd55495568dd1ca34ab6a8,1.3668863,4.477474,9.382645,3.9445937,1.2479358,9.097194,10.703448,9.057749,7.128098,8.694016,2.5099614,3.1179283,6.762339,4.879166,3.6159108,-1
b3ef25f80e70f92b7e0024b4,1.4864529,3.880833,9.442154,4.9030247,0.82463,8.8874,10.701403,8.822795,7.040299,9.231278,2.775961,3.4777129,5.5521736,4.8135266,3.3784168,55
b558ff19e65ce8368a5885d4,1.5088726,4.6436515,9.824164,5.0765452,1.0067569,8.786871,9.958519,9.474089,7.218851,9.690574,2.5296364,3.381418,6.5372157,4.425527,3.5377612,37
b6227873e418d00beff1bb19,0.90440327,4.01202,9.801144,4.75035,0.82146084,8.311079,10.240554,9.689048,6.9769363,9.819822,3.8275023,3.7459686,5.4893217,4.9738097,2.964494,-1
ba20b624967fb88c1e87e33c,1.0341955,4.0457845,9.578774,4.2582607,1.3360864,8.661942,11.059573,8.649844,6.87709,8.902013,3.3036828,3.322144,5.5419464,4.5802574,3.2429643,-1
bab7a5b7b44f5fe179c95d35,0.8484399,4.24544,9.81349,4.2078924,0.44890144,8.51941,9.954282,9.968607,6.150749,10.607979,3.8960845,3.8148732,5.209948,4.790577,2.6517465,14
bb6fa4d53a0d98939b050c83,1.5810497,4.2747126,9.7604265,4.4971685,1.5518408,8.794728,10.278888,9.26816,7.0889926,9.037433,3.2239306,3.2522914,6.390171,4.314579,3.3715866,-1
be9bbbcf3a179a5e90279f6b,1.6463007,4.533408,9.275099,3.5425138,1.4489397,9.290748,10.15492,9.588077,6.904175,8.368495,2.3089237,2.7935293,7.514018,4.8940487,3.901215,34
bf797a2208be707d0461268a,1.1862925,3.4002025,9.814273,4.04477,1.1179817,8.092296,10.302536,9.734149,6.3084545,9.507151,4.1530523,3.7026377,4.878081,5.395518,3.0014596,22
c1d523e0365680365c9d5c4f,0.75649476,3.799051,9.679062,4.9095683,0.8965218,8.253884,10.187838,9.523505,6.752329,9.386506,3.5711832,3.4475174,5.239556,4.748186,3.1883526,13
c2793f9e228acb09ababba00,0.41975158,3.4216638,9.628576,5.541912,1.3335458,8.449232,10.103989,9.544277,6.6328216,8.649884,4.1111383,3.3099332,4.941169,3.8214395,2.9438756,16
c363eeee2cefac04cc44a494,1.7077864,4.5992,9.33147,3.543085,1.4269032,9.298715,10.103572,9.55698,6.843388,8.354653,2.2726517,2.7503507,7.5246,4.874215,3.9293177,34
c8843f1db78fb915c37dcff2,1.6462371,4.534582,9.270564,3.5329788,1.462244,9.297827,10.146199,9.594715,6.90456,8.357647,2.3137522,2.7891972,7.535986,4.894571,3.9037824,34
ca927bd87384ae969f1aa05e,1.9283828,4.350839,8.935482,3.0783365,0.8804681,8.645277,10.874362,9.728858,6.4117928,9.634349,2.9250736,3.0657978,6.1575623,4.5782027,3.4985378,23
caf3cf50e8236465cd4d10bb,1.4223024,4.121614,9.68931,3.7317564,1.0084665,8.281863,9.843981,9.844888,5.975846,9.437967,2.9759707,2.8170803,5.7899027,4.38093,3.831471,30
ce265ca77388319ce489a6f3,0.9137527,4.267205,9.681726,4.0850153,0.58558774,8.477333,10.08222,9.931245,6.21572,10.4412,3.7957284,3.731629,5.3641367,4.726256,2.772749,14
cf0c0b67ff1baced1eeddc32,0.39868057,4.08648,9.618419,4.956718,1.1366214,8.290902,10.736526,9.448897,6.988387,9.207673,3.6671214,3.589865,5.7142086,4.036889,2.9275408,35
cf58cf66aaf6dc3e4dcedb87,1.3089497,4.2955832,9.591632,4.3236847,1.4527763,8.6205845,11.233533,8.527478,7.2044945,8.989718,3.0463362,3.523373,5.6957383,4.771819,3.262542,54
d0e6401d1205ebf095000320,0.49708343,3.558656,9.648063,5.329187,1.3269857,8.388729,10.262763,9.502167,6.7488217,8.782917,4.0052357,3.4246938,5.113749,4.014821,2.985693,16
d170a3337d8804f6b5c21f52,1.4421076,3.253034,9.697637,3.7398813,1.3292127,7.9576735,10.387749,9.910106,6.23329,9.145947,4.199932,3.7629151,4.9704933,5.6252046,2.9888208,22
d1b6aa6cbb9f0cbe70482fa7,1.4508643,4.148391,9.275247,4.2754116,1.1143622,9.058181,10.536662,9.328701,7.1902533,8.989432,2.8731132,3.4639254,6.429266,4.951853,3.3915334,-1
d1b83534d88e510fabe5bda7,1.4988068,4.2120767,9.232145,3.638743,0.4855066,8.433714,10.322041,9.970771,6.0060267,9.963878,3.1539896,2.9424999,5.8911934,4.2033668,3.3893495,-1
d23cd26b0c78b621f4e5192a,0.8706495,4.4662786,9.881723,4.145059,1.2190561,8.883807,9.57193,9.5053215,6.4002604,8.681733,2.7178578,2.5396695,6.3450346,4.3771343,3.9889772,26
d668aae42a7a3388261db3e3,1.4712762,4.5339184,9.314828,3.7392728,1.4388076,9.26361,10.107765,9.522987,6.933997,8.4999485,2.404373,2.8284388,7.3636928,4.6892004,3.8373065,34
d7cd605fca9bfb6e78079a29,1.4041853,3.8778594,8.800784,3.1599529,1.5096613,9.486375,10.710364,9.654084,7.015153,9.26047,3.7541249,3.6423228,7.1593866,5.254206,3.0241158,7
d8e62ab1645970786b03374c,1.3268389,4.714183,9.516497,4.703719,0.58886975,9.051979,9.909602,9.543832,6.843782,10.072259,2.8791494,3.5522172,5.688455,4.5203466,3.1214523,42
d8f4583f89281921f7f63ad4,1.8729119,4.930335,8.766319,3.7097888,0.47131613,9.039997,10.237604,9.943087,6.924465,9.696503,2.0377533,2.874441,6.8109636,4.680839,3.6940734,3
da5a36af9b3184240dd746fd,0.40173632,4.0864425,9.61657,4.9544435,1.1347275,8.290489,10.736875,9.4490185,6.9882045,9.209682,3.666339,3.586516,5.7166495,4.0374036,2.9291549,35
daeab3cd6370ffbb55110dd3,0.81864375,4.113393,9.428267,4.4125423,0.86527085,8.041842,10.558365,9.763048,6.7734885,9.630084,3.448426,3.3025787,5.760767,4.3522196,3.284944,-1
db58632556a9a44158869f42,1.2852378,4.658546,9.471671,5.1018906,0.34025326,8.584387,9.944808,9.840206,7.285472,10.268246,2.5935059,3.5226462,6.1275725,4.704398,3.3826153,49
de902ce7fbd7268fa30ecbd1,1.1280283,4.5805063,9.758016,4.415161,1.5497397,8.90259,10.880995,8.482845,7.253325,8.850722,2.833987,3.3509696,6.104332,4.548772,3.36722,36
dec94c73881fe8a0268cee1e,0.50940794,3.903216,9.564909,4.836645,1.034584,8.234853,10.734095,9.49541,6.874871,9.234073,3.7454457,3.5349402,5.5191064,4.260655,2.9661388,35
df849ba53ecfb27a63575e52,1.8752252,4.928853,8.764571,3.7122512,0.46457323,9.031259,10.23226,9.951935,6.920025,9.706114,2.0357757,2.8737292,6.799682,4.6793346,3.6956704,3
e007a6dd6365fdba7495aa8e,1.7588161,3.8023944,9.3748045,4.220922,1.6358484,8.735427,10.332041,9.673326,7.153145,8.8995495,3.4748352,3.4752076,6.618656,4.7700634,3.361707,43
e0b45ab0bf5531c41c9533c2,1.5103141,3.931941,9.334838,3.983035,1.3384042,8.525753,10.816566,9.128731,6.664036,8.837601,2.8743534,3.098864,5.9948497,4.4636974,3.676494,-1
e2889d5a41f7972b77f2ddc4,1.7366545,4.0156207,9.283582,4.3663464,1.198446,9.352602,10.00309,9.548743,6.709113,9.013698,3.0489357,3.4823017,5.6284246,4.7265882,3.2452118,9
e2c9644120797b5df55b619e,1.2844087,3.883782,8.791312,3.1573884,1.6364026,9.610743,10.818784,9.575871,7.151959,9.137375,3.7802365,3.7189207,7.451879,5.3054132,2.9396877,7
e57fabbd903b2c4c0168995e,1.4636045,4.3891654,9.137926,3.8647954,1.301002,9.30047,10.937652,9.034337,7.330526,8.813001,2.7494893,3.366784,6.8492217,5.002323,3.405975,-1
e82dd44075fcedadccc783e9,1.4687432,3.9148717,9.14546,4.5977483,0.27552688,7.9623556,10.01228,10.294882,6.826317,10.302848,3.2235098,3.3431427,5.8025846,4.932987,3.4248116,47
e923232918d023a64f58d8af,0.8639911,4.510287,9.71275,4.214091,0.4476621,8.693776,10.009215,9.865784,6.272251,10.57073,3.6389918,3.7793972,5.3795376,4.624236,2.7027636,14
e938bf488694e1e5555e4705,1.8979126,4.944343,8.751673,3.6859362,0.48068598,9.045861,10.259368,9.9329605,6.924811,9.729571,2.052014,2.884009,6.8114123,4.681492,3.6815414,3
ecaeeafd1a89b9bb097e69f5,1.4977639,4.5136285,9.285088,3.7014153,1.4588293,9.2435055,10.134178,9.552089,6.940937,8.475074,2.411359,2.8225248,7.405996,4.7129164,3.847866,34
f1a0123e03e1d1bc2cfd4b81,1.5364382,4.072138,9.2775755,3.8030078,1.2691536,8.958497,10.150189,9.683781,6.5317883,8.935321,2.9466858,3.2004616,6.118583,4.8216853,3.5332253,8
f409898cd748b682a4cf18a7,1.861065,4.0190253,9.069747,3.9240878,1.2041441,9.841803,9.807799,9.729022,6.58449,9.287326,3.2502158,3.7201457,5.719008,5.06654,3.0411518,10
f71eb58ab1f2ce01a5edea4d,0.4236245,3.426281,9.631049,5.5383606,1.3341084,8.451817,10.108165,9.539578,6.635773,8.654933,4.106469,3.3140414,4.9442124,3.8235736,2.9489217,16
fb2fe01670c852c77615c28b,1.4211816,4.4977293,9.770866,4.8120975,1.1199722,8.686585,10.288986,9.2216835,7.0783143,9.232489,2.5679915,3.3700438,6.06765,4.451635,3.543138,37
fc65cd7cdd046db04e8bf2c5,1.527466,3.820688,9.557718,4.604487,1.045993,7.708417,9.919745,10.216638,6.780309,9.384862,3.2578392,2.7695625,6.0898337,4.326246,3.970453,20
fd6ea8e6f0a33245891f0637,0.5773224,4.7200956,9.95155,4.8735423,0.77671295,9.2430315,9.955063,9.140669,6.894485,9.528046,3.0776947,3.6527114,5.818894,4.392653,2.9584868,45
ff05e25f025aaa8a2fad2490,1.024656,4.034511,9.165566,3.6660795,0.8491102,8.714109,10.6977,9.837715,6.8349085,10.017937,3.85927,3.7171667,6.2891164,5.0449853,2.8715858,17
04842e76c17a3d9f50dd0759,1.1872249,3.9846957,9.359019,4.527284,1.116961,8.856266,10.735015,8.941279,6.7728395,9.174337,2.9933794,3.5854704,5.4999146,4.5565786,3.242749,54
05782c8bb1bda940f805d4fb,0.28219602,5.00676,10.130622,4.8592424,0.85611403,9.448684,9.662764,9.186297,6.9384284,9.343854,2.971291,3.626205,6.149822,4.352269,2.9912453,45
078f63a8b8d78881d094541f,0.85917234,4.5500097,9.742727,4.2317004,1.208353,9.061272,9.761276,9.370564,6.6490045,8.600831,2.5940833,2.6514108,6.476706,4.4705067,3.8854535,26
0ac1dddf888e9d1ac1b4ca05,1.5637243,4.275598,9.017422,3.619717,0.98467886,8.302379,11.508166,9.27705,7.092484,9.173091,2.8451023,3.2403605,6.0144453,4.831805,3.5411716,-1
0cbe18e12aa6ade1fb5c34a3,1.6616415,3.9916506,9.326796,4.358338,1.0966964,9.248562,9.936132,9.608964,6.6017823,9.01374,2.993344,3.3975902,5.613211,4.7506795,3.2884138,9
11cc495b3efc1ed3eed739b0,1.5713583,4.2779913,9.014097,3.6190913,0.991233,8.309957,11.495234,9.2864895,7.0984545,9.176497,2.8413107,3.2362275,6.040927,4.8315287,3.5470767,-1
18b51f41b7d38b5183eeec46,1.1818507,4.0275064,9.487395,4.987202,0.8852541,8.444716,10.572879,9.10514,7.07634,9.483025,2.833206,3.6209202,5.5120635,4.7546635,3.406069,55
1d23aec8a0849790979768a6,0.8672879,4.481093,9.599195,4.081129,0.43145525,8.445773,10.925047,9.23825,6.496652,9.56022,2.8797462,3.1614661,5.6811156,4.392271,3.273213,25
1f91abb8f9baec77a1076dbb,0.91793835,3.8556519,9.610241,4.9364533,0.66704184,8.156229,10.049998,9.711486,6.9876714,9.335235,3.2341216,3.090807,5.552925,4.9001126,3.6579685,13
1faf424e0bdd7501a3364e38,1.9618051,4.085437,9.267426,3.546585,1.2558264,8.281527,11.490836,9.269817,6.7076902,8.910024,3.1841128,3.6796265,5.110912,5.1009727,3.158027,-1
225a31aafe1ab05555e60208,0.93640506,4.1420703,9.330795,4.3365006,0.4917292,8.815285,10.676415,9.276561,6.4605694,9.632428,3.1641681,3.1235483,5.7939315,4.1850457,3.118812,25
24bb4fe11e7a43590c757191,1.620203,3.9032862,9.443795,5.2791615,0.5491549,9.137987,9.705519,9.43833,6.8220525,9.596188,2.7285936,3.546355,5.5855947,4.839714,3.2753968,-1
26d776b2a829a3a807f5a612,1.5451639,3.8108513,9.567381,4.556213,1.058631,7.66561,9.902784,10.264916,6.734561,9.3581,3.2443292,2.707429,6.131733,4.297774,4.0259123,20
32bb789fdd5f59cc7b2e3d6f,1.6227849,3.8921463,9.444028,5.2641935,0.56355125,9.1319275,9.7192135,9.428422,6.8261175,9.579318,2.7392066,3.5522907,5.5872045,4.847529,3.277532,-1
359966925a435f0865bc927a,0.88424534,4.0616245,9.785943,4.7915807,0.7703106,8.331646,10.23161,9.694103,7.0114064,9.8718195,3.7863984,3.753468,5.5210395,4.9596114,2.9633262,-1
39ba6c8db42f461785968025,0.27015078,5.0132627,10.138204,4.8595243,0.856047,9.457264,9.655746,9.184562,6.9356437,9.340643,2.9736464,3.6270463,6.151479,4.35159,2.9889128,45
39cf17e6eb40c5fa0c47196c,1.4690033,3.9413366,9.263051,3.8143456,1.1954088,9.171984,10.089834,9.638279,6.4305053,9.196684,3.256439,3.4783926,5.6909857,5.0061173,3.2647927,8
3a90c1ffc126662de45017a8,0.95309097,3.9581327,9.4575405,4.901115,0.44801772,8.373952,9.985873,9.774405,6.742163,9.495231,2.9524097,3.1292813,5.660095,4.6481214,3.551717,13
425a09078064665d74edff98,0.87326413,4.5486913,9.734395,4.224548,1.2078027,9.062928,9.768105,9.375896,6.654753,8.6076765,2.5941968,2.6561592,6.488599,4.477345,3.8809612,26
43ab499dd13480ccf6e32665,0.27843535,5.0031843,10.132652,4.8644032,0.84904844,9.449967,9.657754,9.190577,6.929517,9.3529415,2.9813776,3.6300347,6.1311636,4.353119,2.9861703,45
4448717593d61b74bf387e4e,1.0724666,4.106904,9.181628,4.115247,0.2124787,8.754479,10.705527,9.567589,6.234754,10.026037,3.302145,2.9968214,5.894157,4.029846,3.0314937,11
4599d03df01bfa488bc22ddc,0.91874623,4.518333,9.673188,4.2646837,1.1178895,9.022723,9.909336,9.323301,6.721388,8.608887,2.5187001,2.665766,6.426908,4.530956,3.8964803,26
52d9b32a35b01f4748d1349c,1.0738618,4.1076465,9.170745,4.1041284,0.20505755,8.760877,10.721054,9.57022,6.2267766,10.044399,3.309539,2.9961846,5.8997173,4.0276318,3.0205138,11
557eafe926d45b05345307b7,1.1353003,4.1822224,9.201913,3.9892008,0.7269125,8.248836,10.44414,9.648869,6.3630543,9.081653,2.5945053,2.7574458,5.8169785,4.326184,3.785245,24
5a2c175dbebe3bb465ca1250,1.0533932,4.245441,9.119622,3.999208,0.80941546,8.321705,10.206301,9.817403,6.3338733,8.874463,2.4467595,2.5304563,6.259764,4.186491,3.9204504,24
5cb3cd658a005be04f4afb7d,0.75416476,4.542964,9.729689,4.9549284,0.67106414,9.131789,10.018796,9.168195,6.839412,9.5064745,2.9916737,3.3850589,5.7661223,4.236576,3.0835447,46
6959f057ddef1a34c920f7c7,0.94459385,3.923749,9.486212,4.931794,0.5242935,8.327207,9.978362,9.764189,6.8153353,9.338194,2.965644,3.0591369,5.605736,4.7015204,3.6458845,13
6b94860d4bcf7db07bd14dbd,0.98330426,4.438918,9.223667,4.004593,1.0660346,9.0335655,9.959485,9.767872,6.793643,9.208358,2.9362838,3.0856748,6.836475,4.5238314,3.4607437,-1
7296fc056d4fca58a00d4f39,1.285355,3.2928884,9.727472,3.8749847,1.221896,8.044764,10.692188,9.4866905,6.411589,9.40548,4.1863503,3.814868,4.8039956,5.615358,2.954375,22
795a63fe33ce3529e0a19003,1.6299307,4.0145483,9.338995,4.3933563,1.0973132,9.273956,9.958832,9.557704,6.6230607,9.031699,3.004841,3.4181783,5.5877094,4.725763,3.2603478,9
7f4c2679512941375b4e5d84,1.4789232,4.1817746,9.210996,3.662552,0.49234268,8.430498,10.345377,9.9719305,6.028403,9.921655,3.1234918,2.8887045,5.9567733,4.1882153,3.4020386,-1
839156991f543b2ab4eb5146,1.4244874,3.9226847,9.446747,4.8918524,0.80795693,8.945277,10.6851,8.803853,6.995964,9.252273,2.817257,3.4593227,5.540029,4.728592,3.3244796,55
8618213119fed0c02bc31ca5,1.7633988,3.896367,9.564921,4.27711,1.5027543,8.534793,10.181102,9.660984,6.8702116,9.118304,3.519086,3.1783788,6.280049,4.38421,3.4301555,43
86c22ffa62b27a7092110873,1.500975,3.9955158,8.963585,3.4958057,1.4814444,9.297735,10.795512,9.3339815,6.908271,9.0742035,3.3966784,3.570367,6.505537,5.0104904,3.1620681,7
88fc967a8a8ba60d262de6fa,1.0718523,4.1041713,9.168081,4.110346,0.20114698,8.774097,10.71974,9.559995,6.2194676,10.041296,3.307071,2.9964123,5.8908224,4.0149913,3.0149167,11
8c12610edba396d884a8c621,1.3894477,4.8147364,9.341684,5.0406384,0.2076234,8.685152,9.752981,9.880107,7.120054,10.38781,2.7664778,3.330839,5.734554,4.5786843,3.2595334,49
9174a02452fca59c28470bd1,1.028444,3.6662865,9.262405,4.575459,-0.030331414,8.004256,9.770073,10.472331,6.2891126,10.051709,3.1202526,3.1024828,5.79022,4.7676115,3.517447,38
9394328cf0b7ac5aee56daea,1.5210679,3.9931462,9.074947,3.7409945,1.4219959,9.204878,10.727856,9.267259,6.8435807,9.055764,3.2793562,3.5963166,6.1434126,4.900621,3.1748362,7
98051656915a329ebb1d40c0,1.5658637,4.2764015,9.014427,3.6212587,0.9870636,8.307352,11.497342,9.282904,7.096456,9.178094,2.8414457,3.2359052,6.0330553,4.831389,3.5472078,-1
a19bbae656285c5e2000d45b,1.4261588,3.9067986,9.441712,4.9049926,0.8083285,8.876527,10.699553,8.821754,7.009999,9.2844305,2.816589,3.4859324,5.502745,4.7560654,3.3411465,55
a36a10ee3068eda4221ee11b,0.27468735,5.006982,10.135058,4.864064,0.8495829,9.4519415,9.656311,9.188989,6.9318256,9.349068,2.9775283,3.6295393,6.135396,4.352817,2.9870152,45
a5dde215302e365f32292ce3,1.5225513,3.7689018,9.474359,4.919417,0.89467174,8.920462,10.639843,8.847762,7.031987,9.187127,2.9147384,3.513539,5.5191035,4.8732696,3.3445356,55
a8dda13c44268bfbb1ea4b92,0.82921,4.47797,9.677803,4.9468985,0.6816354,9.117904,10.07233,9.1283655,6.81623,9.488708,2.9895923,3.3449745,5.7182636,4.2179837,3.0986595,46
aa69124ab868839bd4830458,1.1464725,4.210994,9.163588,4.0493813,0.6766034,8.333203,10.458627,9.613644,6.4202237,8.955992,2.4338534,2.7409914,5.8384466,4.365543,3.8121126,24
ae73ad413e39c8307e0d3e98,0.8959594,4.5346894,9.699466,4.219884,1.177977,9.045272,9.800703,9.381047,6.6606584,8.60251,2.5604947,2.6469831,6.4840517,4.4845066,3.8939626,26
aee08254b4da1b3eb44b77dd,1.4581099,4.47657,9.371191,3.8657312,1.519822,9.149222,10.476541,9.26556,7.1300244,8.7269535,2.665227,3.0897896,7.215223,4.7025757,3.6298723,33
b062e2b871b7c38f3386453a,0.8791424,4.543962,9.714165,4.220303,1.1895213,9.053515,9.787205,9.378232,6.6556416,8.603274,2.5732994,2.64725,6.4887195,4.478572,3.8898654,26
b1a53ba9298e89a53420caee,1.0348272,4.300802,9.511046,4.605249,0.767308,9.122211,10.383594,8.990971,6.7570877,9.323892,3.0048456,3.2457824,5.6119847,4.408085,3.1604548,46
b2338101892f383a31fc51e3,1.0606486,3.6909397,9.154111,4.6129084,0.83731586,8.528971,10.917375,9.238042,7.3237624,9.370486,3.2738516,3.4000685,6.1634445,4.8117414,3.4085336,-1
b384efb0652032c40bb9f0fa,0.9141213,4.529471,9.52662,4.6814013,0.61450654,8.779883,9.973477,9.549309,6.572136,9.837278,3.1038752,3.2045121,5.806016,4.109337,3.1359427,-1
c17780b2f676e55e1d2ff035,1.4921095,4.1053333,9.44768,4.7743764,0.8162817,9.032887,10.7500725,8.748288,7.128752,9.037502,2.5106468,3.3676133,5.7913404,4.8443775,3.4703572,55
c6eb76d5f4c94cdba594ce94,1.9321951,4.0375786,9.083062,3.9839602,1.2016956,9.889315,9.757089,9.709782,6.5670366,9.255482,3.1945598,3.7324345,5.6024837,5.0252275,3.0333638,10
c7b1a7db7623aaf579833870,1.5833021,4.2168183,8.356937,4.674925,1.1567909,9.218305,8.405963,10.421305,6.7074046,6.692663,0.5606915,1.96313,7.0656185,3.8954215,4.7149677,1
c976a71a1ca277b342b9005a,1.2468417,3.33528,9.744245,3.8500834,1.2109257,8.009222,10.409083,9.812121,6.2530375,9.378216,4.2175417,3.7228918,4.93959,5.483931,2.9765172,22
cb3b64d1f7addc9a9d52f07c,1.5631614,3.9077935,9.4311905,4.226934,1.0882467,8.242928,10.445274,9.563574,6.6951556,9.435197,3.4397242,3.4043944,5.242146,4.9498854,3.3191643,-1
cc70e2bfadfaa9186e559eb3,0.96390027,4.0364394,9.326509,4.4527497,0.7189194,8.783077,10.721196,9.119314,6.6182036,9.421926,3.1224468,3.2698207,5.661136,4.321533,3.1921132,25
cd5edc22e8253138ed07b579,0.8584736,4.4374385,9.641691,4.915588,0.6549976,9.107084,10.109184,9.119057,6.7719975,9.512975,3.0105584,3.321006,5.684802,4.203272,3.0878599,46
cf06a88a37666c957b2be7dc,0.9838512,4.462168,9.26413,3.946871,0.73767716,8.01288,11.7592535,8.861597,7.030004,8.948275,2.4737213,3.0688336,5.588324,4.6597333,3.6768475,53
dcf1b11e3c3751f76e97eea1,0.8704131,4.5493474,9.725649,4.239578,1.1970258,9.062676,9.774215,9.365079,6.665388,8.5942135,2.5783017,2.6573775,6.496241,4.4880104,3.8839002,26
dd2a93f294c4ff39d72695d1,0.93696487,3.8294318,9.578914,4.9548097,0.6497724,8.1940975,9.989181,9.754997,6.941355,9.298801,3.1882339,3.0720942,5.545742,4.8695326,3.6766624,13
dec4def90af9b7ed7f61c72b,1.5055054,4.00637,8.931245,3.440145,1.4988391,9.332949,10.801397,9.360866,6.937793,9.080678,3.4175348,3.5681353,6.6241236,5.030268,3.1582372,7
dfee11347a529e881b72410c,1.0629295,4.111593,9.164871,4.111276,0.18885247,8.777498,10.728668,9.570652,6.2290535,10.062018,3.3189147,2.9990625,5.9021387,4.0044584,2.9991038,11
e00271b1849c45fc50c195e9,1.3764294,4.7990823,9.345802,5.0253606,0.20586368,8.672178,9.764474,9.870884,7.1062584,10.379071,2.7858157,3.3345194,5.713864,4.5818667,3.2510216,49
e289e2d48b978db74133b7d5,1.0612339,3.7009726,9.144348,4.571763,0.87163776,8.545162,10.961987,9.219264,7.3294406,9.356053,3.300147,3.4258509,6.1789575,4.8224115,3.3797126,-1
edaf9fd6c79cd41ef9f2dc91,1.4293367,4.2475266,8.928613,3.7522163,0.55815285,8.1260395,10.897276,9.649596,6.5193973,9.658388,2.751863,3.0041196,5.7569766,4.398259,3.6171079,18
ef7e281cd746364f61f2421d,0.82486707,4.487066,9.68464,4.953355,0.6787657,9.116076,10.058033,9.14124,6.820998,9.499729,2.9887612,3.3528287,5.727181,4.222309,3.097388,46
f2ffe781c66195ab9c95db38,1.050845,4.447334,9.233008,4.0461636,0.74886215,8.021464,11.750375,8.819142,7.159358,8.963451,2.391795,3.079447,5.64673,4.7198606,3.7428641,53
09373095d1a4c2be213fca2b,0.04949868,3.7045906,10.187651,5.960807,1.8036226,8.527613,9.047391,9.443991,6.9611206,8.022043,4.081539,2.7327726,5.427712,3.9713204,3.4528997,4
0d62599caaafc02a7f4786fe,1.8634609,4.93171,8.770582,3.7428114,0.4579573,9.029546,10.213018,9.957531,6.931251,9.699001,2.019955,2.8720915,6.802029,4.678156,3.6997151,3
0ea610324b96b2f3a9e8ff45,0.043316845,3.7356768,10.194079,5.959247,1.7773701,8.526476,9.067249,9.448474,6.938874,8.039259,4.049335,2.7429497,5.4595118,3.9388764,3.462513,4
17a0ac85c0026b4b608acd6b,0.015239896,3.7604618,10.238991,5.984259,1.7667396,8.498677,9.047873,9.466769,6.904068,8.023134,4.0441837,2.76169,5.473132,3.9145463,3.500862,4
1a0260c7fbe85eb38d2d6b53,0.04676742,3.705188,10.1967745,5.9651356,1.8167953,8.523729,9.033358,9.448556,6.96055,8.008099,4.091358,2.732271,5.4216967,3.9722261,3.458332,4
1a27110bd02aa0f7cf09d971,-0.0075497907,3.7241225,10.245563,6.0174317,1.8560628,8.507853,8.99647,9.449708,6.9652734,7.963837,4.122294,2.6923747,5.403125,3.9199173,3.4865847,4
2c31268e421739422a8f4318,0.011608868,3.7086473,10.225134,6.0023336,1.8376333,8.516138,9.009706,9.443325,6.9649863,7.978878,4.109583,2.7118206,5.4143853,3.9475951,3.471994,4
4033719d3b663616b38638a4,1.0996069,3.6423,9.685732,5.010808,1.5494688,8.223852,9.68537,9.736141,6.648381,8.811266,3.7408237,3.1636982,5.167777,4.251371,3.4938567,15
4e896d35f94e8f8609e47152,0.052735455,3.7058592,10.197823,5.960853,1.8193661,8.518553,9.034918,9.451571,6.9600267,8.009696,4.0931845,2.7380223,5.416763,3.978723,3.4602933,4
51208bdd6d6672f9335dcbbf,1.8822185,4.9503107,8.751792,3.7239077,0.4569624,9.038515,10.226216,9.970748,6.9348764,9.716913,2.004518,2.861334,6.7918334,4.6683245,3.708362,3
5a9b997d1d2f2a91e02783af,0.04774556,3.7017481,10.2053795,5.967512,1.828628,8.51528,9.024492,9.451945,6.960113,7.9991198,4.1035533,2.7357192,5.40875,3.9808,3.4633968,4
71fd3795212ed8f3d7a97090,0.051301252,3.7075646,10.201807,5.9625907,1.8221109,8.517225,9.030561,9.452747,6.9583073,8.00522,4.095617,2.7383606,5.4154925,3.9782662,3.462931,4
80a972e62c7c681808766964,1.3720592,4.3965626,9.444872,3.9968061,1.5866313,9.023077,10.585795,9.082102,7.131034,8.782859,2.8850324,3.1671875,6.8481283,4.629636,3.5217338,33
842721e954c24753a92af7f1,0.048111472,3.7014863,10.203044,5.9670105,1.8275516,8.516501,9.027833,9.451768,6.9610434,8.002017,4.1022296,2.7354038,5.4102373,3.9785376,3.461979,4
8754dddf3898a201f50cfa32,1.3046767,4.3407264,9.8649235,4.8198752,1.3901881,8.714222,10.217197,9.183034,7.0846486,9.138702,3.1458216,3.3145347,6.1348076,4.2330723,3.3398325,44
87df9ba40bf0f62b8c25ab3f,0.09118217,3.7269552,10.237296,5.923348,1.8599824,8.47957,8.996666,9.490264,6.922813,7.9729495,4.129942,2.7786908,5.3761616,4.0189357,3.4981682,4
a7def69d07dfab3110f5af40,0.9527786,3.62801,9.331465,4.7250977,0.009361449,7.953364,9.766158,10.431596,6.4183116,9.998956,3.1492183,3.1577075,5.7746477,4.8594646,3.5781202,38
bc0e8d325a8fe1b56ce803f2,0.046677794,3.6994069,10.204129,5.969914,1.8252304,8.5184555,9.025352,9.450726,6.961442,8.000885,4.098964,2.7351673,5.4115133,3.9800353,3.4619205,4
c1357be372e514a976e46095,0.49253073,4.588482,9.761569,4.904711,0.7349211,8.971769,10.213571,9.279738,7.079685,9.329537,3.0554562,3.4397693,5.986959,4.3895574,3.102282,-1
c29770223ede86db02d713f9,0.052145742,3.7383335,10.194397,5.949785,1.7776821,8.52265,9.0688305,9.451563,6.935923,8.039814,4.0518756,2.7492034,5.4551725,3.9491704,3.4651108,4
d4ec73f5bedf22657a853ed5,1.3768524,4.3974996,9.440741,3.9890316,1.6023753,9.040816,10.609871,9.059673,7.1452293,8.779315,2.8940372,3.1893797,6.8496675,4.6447167,3.5051618,33
f186c4b0d9a2fbf7abcc81c0,0.08770078,3.7867181,10.175088,5.9077067,1.7376508,8.52705,9.118391,9.45608,6.9203753,8.087628,3.9953165,2.783682,5.511179,3.93108,3.4637854,4
00150c52885a970269e931f5,1.1901721,4.028774,9.183944,4.1203585,0.372897,8.361416,10.294299,10.030615,6.1736665,9.953549,3.309568,2.9053068,5.9552684,4.0445757,3.3035283,11
024456928cc8ca0eeed8aaa0,0.69380826,4.552406,9.904239,4.407036,1.2166972,9.026207,9.622714,9.359382,6.6440377,8.63064,2.7323647,2.699117,6.3272805,4.3940516,3.8216093,26
03827740a0dd016fcd0fa2f4,1.4794755,4.490445,9.401266,4.3463593,0.9418042,9.249622,10.75859,8.819062,7.1936088,8.736457,2.1954982,3.2072928,6.3755665,4.9008126,3.5823808,56
03b34133b276b6c7a5b48637,0.9015918,4.770936,9.495951,5.1533093,0.31411412,8.643893,10.227334,9.523509,7.373258,9.916638,2.440625,3.531123,5.9377246,4.6596775,3.3779192,41
03dbd8c580b42d969ac46a74,1.5246007,3.7974494,9.514144,4.6217966,1.132197,7.713488,9.964814,10.188512,6.842515,9.324145,3.315877,2.846667,6.032757,4.3281856,3.9218326,20
04d5789244416c5b83b83153,1.9484414,4.271553,9.074179,3.1269712,0.93356603,8.606582,10.709459,9.795242,6.2687535,9.482088,2.921026,3.0426915,6.061156,4.5883737,3.5464594,23
05a1aea8b9ae0c5fcd1c5c1f,0.87790436,3.590948,9.907759,4.1895814,1.0064763,8.194103,10.132437,9.575411,6.001012,9.291212,3.6584294,3.7180889,4.79478,5.2133727,3.0086355,-1
05c6f341e002be4f02f60176,0.17697278,3.7252905,10.137676,5.8298454,1.7649281,8.493371,9.154779,9.461362,6.9244733,8.13183,4.035718,2.820186,5.4123206,4.0608706,3.4478393,4
08622aeeed2dfcddc86a6955,0.89830905,4.7677393,9.498609,5.152619,0.32093737,8.646512,10.230163,9.516869,7.371461,9.910868,2.4478915,3.5328436,5.934673,4.6568604,3.3743527,41
086a7ba127d2c8ec3ba15da2,0.63047665,4.255059,9.545651,4.737104,1.1031371,8.4240265,10.760008,9.388831,7.1074452,9.244639,3.452788,3.4061632,6.121159,4.106209,3.0820153,35
08f3035bd2494d8530094be8,1.3424265,4.878528,9.465381,5.056448,0.3365714,8.870065,9.687437,9.697225,7.050122,10.284978,2.740096,3.367023,5.7149334,4.484391,3.2362633,42
09b0df9406191ebd58cd8f38,1.5058397,3.7602324,9.519873,4.9522986,0.89357,8.788919,10.538156,8.976337,7.064584,9.230336,2.949496,3.5361993,5.4414544,4.9891057,3.3916473,55
0a21295bda9c67e71be0f72f,1.9532888,4.336158,8.92972,3.0858393,0.7556276,8.506568,10.885473,9.792684,6.3023763,9.811551,2.9820518,3.0694098,5.912674,4.514511,3.4663942,23
0b0ffb6c3dbc731eea71b9af,1.351974,3.8784592,9.385539,4.617866,0.6916211,8.871129,10.874842,8.860618,6.661952,9.457897,3.2413654,3.2707832,5.4123187,4.3420777,3.0567942,51
0b5ec6d10137c8805078f9d7,1.5927097,4.170575,9.374303,4.148394,1.2491007,8.20357,9.77363,10.105851,6.5207458,9.364518,3.014223,3.0893,6.1161723,4.2452154,3.7253594,-1
0bc6b8f72ec1a7abbf72802d,0.9469362,3.8217537,9.474457,4.706832,0.28117335,8.17654,9.758619,10.189356,6.42647,9.8479,3.0902126,3.2332497,5.768819,4.7262564,3.4812038,38
0f920d4dfc172e207f8407b9,0.46867383,4.4301257,9.673604,4.657248,0.7807329,8.374566,10.768246,9.400832,6.8906207,9.3777075,3.2053158,3.5402966,5.733013,4.270644,3.055797,35
11a420b1ae09808d64d32948,1.2657818,3.349619,9.792586,3.930392,1.1644121,8.059068,10.354143,9.75612,6.247416,9.463913,4.1652517,3.733565,4.8732414,5.450722,2.984042,22
120f7ef744b30094e8d0896d,1.3513215,4.7764993,9.5166855,4.74694,0.5811851,9.090276,9.871924,9.542985,6.889046,10.105663,2.827199,3.5672538,5.7216024,4.505867,3.1217844,42
1371583b344edd419e775929,1.2409039,3.3466933,9.740367,3.8314805,1.1885512,8.033532,10.437867,9.773371,6.2484646,9.430953,4.2260575,3.7214098,4.9028773,5.4790215,2.9667134,22
13a95e9a79db74df3c628250,0.9380297,4.3333054,9.57756,4.8206115,0.6934908,9.132372,10.332544,8.922419,6.774629,9.370108,2.9932997,3.2610786,5.564594,4.2660046,3.1134377,46
15b6a9b5d20a4e5ec4c8ff52,1.356095,4.8506217,9.47801,4.9225283,0.4348703,9.017703,9.647413,9.717236,6.9192224,10.244072,2.7908862,3.4524825,5.7338486,4.422551,3.1731558,42
16ad7d4e0a1b0088cece40bb,1.1659932,4.2224164,9.180151,4.167695,0.64057076,8.112377,11.632628,8.932527,7.130849,9.275432,2.690908,3.2154217,5.5954256,4.737987,3.559631,53
177f4f0d11bf790a91c08d08,1.2289559,4.615515,9.889686,4.3671427,1.5190758,8.688394,10.612011,8.926478,7.1593966,8.828625,2.7380672,3.2303925,6.403801,4.4757495,3.5172968,37
1794a76dd2e1e8c7a2eee1da,0.89902693,3.8530707,9.61987,4.9370284,0.64422387,8.148692,10.050803,9.714568,7.0240045,9.3407545,3.2655466,3.0769126,5.547485,4.935327,3.6737528,13
1835f2572740e7e10ace41dd,1.158026,3.3586402,9.750051,3.7905152,1.1696676,8.005037,10.601889,9.571912,6.2992787,9.323527,4.0400844,3.675238,4.964101,5.5578046,3.0805979,22
1843d844bfaee2599ff4fe5f,0.8402689,4.555587,9.760182,4.2592096,1.2068737,9.0648365,9.761426,9.354429,6.644137,8.640832,2.6326373,2.6876557,6.4312596,4.450821,3.8429556,26
18b02f64cfe170f4917b82bd,1.4760574,4.0229683,8.857916,3.291516,1.525295,9.414319,10.80299,9.449975,7.0241513,9.088779,3.4592848,3.5343854,6.992403,5.0879407,3.1643875,7
1a84f14576c3404698a19d38,1.4686904,3.8000774,9.410202,3.4378834,1.2080452,8.531732,10.850907,9.425934,6.3179345,9.369045,3.7788506,3.5793364,5.2156014,5.0549903,3.0494764,21
1b651cbb04cd061d4dd1b198,1.5126348,4.5164413,9.3470955,3.7948904,1.3195342,9.215969,10.145512,9.505431,6.9166574,8.509021,2.3166716,2.837227,7.226977,4.7863293,3.8618844,34
1d652065bcbec5bac67dfb80,0.9536093,4.4878287,9.287823,3.8922148,0.6919773,8.08227,11.830619,8.86101,6.9723477,9.012102,2.5810606,3.1356041,5.5539837,4.626315,3.5341299,53
1d6c9e15b0832161c82afe51,0.5507331,4.2563553,9.546899,4.766929,1.0515991,8.412039,10.742936,9.396299,6.9834375,9.294158,3.4675179,3.4175935,5.996318,4.0055084,3.0288835,35
1e71b0c29fb4801d747720d0,1.0587087,3.4392767,9.839701,3.916297,1.2496403,8.084076,10.334569,9.636747,6.1475725,9.075555,3.8778832,3.6504788,5.019022,5.4148207,3.0675514,22
1f95c0d5f6e7be0612d6ed67,0.67580104,4.565215,9.931652,4.4879494,1.2112223,8.999759,9.708558,9.297799,6.726476,8.679676,2.7775385,2.7915564,6.2700186,4.415468,3.7430143,26
21bc54785063b2b5a24d819f,0.88677263,3.8713958,9.611011,4.9129753,0.7000449,8.137323,10.133664,9.650461,7.003424,9.3214035,3.26242,3.1148152,5.528681,4.8804235,3.6286623,13
21f8fb6b8bfbd5a03f7ce07f,0.90905267,3.8474152,9.618533,4.9371486,0.6401321,8.147706,10.048613,9.721608,7.031169,9.3442955,3.266955,3.0731733,5.557039,4.9453344,3.6809483,13
23358248fb3d9762079a29ae,1.1942241,3.3571281,9.726501,3.8269157,1.1747497,8.036479,10.548029,9.657696,6.307117,9.448871,4.1939344,3.6829913,4.9107113,5.4565053,3.0128944,22
23d94a60d675e044e0eaa236,1.2179718,3.3030517,9.724709,3.8362918,1.1508957,8.010974,10.6414995,9.586546,6.359046,9.489937,4.217948,3.7600741,4.824457,5.5813704,2.9730265,22
24396a28909d00ed3f5c3a4a,1.0060852,4.6674943,9.763617,4.4348283,1.4260474,9.037331,10.6146145,8.604016,7.1515408,8.950578,2.8211665,3.2853882,6.115873,4.503299,3.3535645,36
249311c43586b2b2cf35d176,1.4531217,4.170628,9.701235,4.5648627,1.3753633,8.660332,10.277151,9.409919,7.052153,9.241189,3.4493253,3.2511442,6.3261857,4.238496,3.2732275,44
258077ec9a13ea6701b56c52,1.1047757,4.3659315,9.207866,4.0351467,0.72668415,8.031527,11.707977,8.880452,7.1401644,9.022165,2.4729226,3.0746338,5.6685557,4.7654634,3.7240198,53
259b737804c684efd19cbe2c,0.8958437,3.852545,9.616288,4.9380536,0.6458868,8.138919,10.059944,9.711828,7.0286956,9.3419485,3.2668316,3.0809796,5.5437818,4.935307,3.6721578,13
25b4453c4b7b6e9a33bdd494,0.9895868,4.442693,9.260159,3.9723103,0.7275529,7.9942007,11.780209,8.853762,7.0650487,8.944665,2.4569545,3.0732322,5.5823326,4.6787877,3.6936028,53
27181ca70553cb7080d6221c,0.86896056,3.5902755,9.907817,4.195184,1.0044502,8.196501,10.138528,9.565331,5.9977326,9.2886715,3.656614,3.7202964,4.7849355,5.206949,3.0055735,-1
27eb9d71a84673145795da2a,1.2697781,4.300379,9.145795,3.7618206,1.0567111,8.550852,10.144393,9.875665,6.548985,9.102526,2.7572992,2.7924058,6.622607,4.3871226,3.7620797,29
280d61a8686a7d0e74cf80fa,1.3160203,4.530722,9.321333,3.597989,1.2764332,8.538978,10.860695,9.317344,6.943505,8.445938,2.1885626,2.7725263,6.806976,4.8313093,4.00963,32
28b7c5413114c01152acbf87,0.91544837,4.44768,9.331764,4.021501,0.27793038,8.784464,11.437676,8.9584055,6.6184807,9.4783535,2.8352065,3.2222292,5.8122716,4.3162417,3.0569417,25
28d6259cd4417478a9e1c214,1.965434,4.115456,9.254127,3.545277,1.2394674,8.277403,11.477467,9.280412,6.719047,8.89432,3.1498458,3.6885302,5.121976,5.104599,3.1677732,-1
298896597c4361b97cc0f488,1.0938973,4.090389,9.269711,4.3046236,0.8327894,8.00609,11.47749,8.914723,7.1296916,9.167577,2.7822206,3.2652247,5.39515,4.8143077,3.6000755,52
2be57eb1ceb49879913385be,0.5095702,4.255714,9.529832,4.7808037,1.041905,8.38464,10.793299,9.395776,6.992754,9.281471,3.4421566,3.4405327,5.9890957,4.0097723,3.0450435,35
2bfcdf04e48fe6d96910572f,1.2260147,4.598424,9.8845,4.3543844,1.5243264,8.714494,10.550424,8.976331,7.1464286,8.798412,2.7413733,3.2274704,6.4497614,4.4998198,3.525493,37
2d2dea151ad1df88fd1bb43c,0.98470974,4.4746943,9.265568,3.9461846,0.7332577,8.00962,11.7797,8.847064,7.046749,8.93181,2.4469588,3.0678303,5.5898814,4.6716027,3.6910522,53
2d55707f1715ad651f48feb5,1.2327086,3.3163278,9.741361,3.8180387,1.1761463,8.029734,10.470017,9.732173,6.2313795,9.450434,4.234278,3.7457643,4.836611,5.514417,2.9537005,22
2dad9330f0922131d395067b,1.3777739,4.2582903,9.215312,3.9351888,0.8890428,8.0156765,10.690458,9.626761,6.7590504,9.79675,3.1266093,3.0639818,5.873795,4.444711,3.597981,18
2f21790075c19f49d3f6ad6f,1.4168482,4.4433017,9.6318865,4.2876263,1.5680665,8.989871,10.348136,9.27603,7.1344614,8.807286,2.8187926,3.3766315,6.772663,4.596479,3.4449217,-1
2f293e7bbf4c4ffc6b919148,0.94201756,4.468558,9.310785,3.9559503,0.7821763,8.1605015,11.885587,8.817497,7.0576687,8.973095,2.6899636,3.2268612,5.612943,4.63544,3.4255311,53
303f86b76a0028b02d92c015,1.1317872,3.975625,9.633849,4.0133777,0.94150776,8.352817,10.585556,9.380547,6.355454,9.339509,3.260991,3.3507984,5.493908,4.723476,3.2965608,-1
31b84678c6a3f2c82b4684bf,1.3370197,4.8729663,9.471513,5.035579,0.3615189,8.898698,9.669771,9.699378,7.027805,10.270542,2.7524862,3.3838966,5.7206025,4.462055,3.219754,42
31c7239276e971dd3963b741,0.97081536,3.6993077,9.932952,4.018228,1.1464764,8.13589,10.271122,9.534766,6.109636,9.161339,3.5807261,3.646676,5.04732,5.2254486,3.1157117,22
31fbb73edd56c251fca3e602,1.0930624,4.348583,9.213259,4.3019724,0.7650393,8.114146,11.556363,8.892609,7.3126693,9.111942,2.4834728,3.2025769,5.6847653,4.754431,3.6914656,53
33ac30d17f7e1b548c9acd7b,1.298751,4.902438,9.488069,4.991539,0.38752723,8.962289,9.627414,9.690227,6.9711385,10.282764,2.7583392,3.4231,5.71972,4.407718,3.1719408,42
35be7a94d3148ad99c6ee562,1.8112111,4.206044,8.897878,3.180026,0.9012098,8.579332,10.795217,9.840541,6.488984,9.722388,3.1671567,3.1733809,6.1651816,4.6658053,3.4138935,23
3619c591fbc718ce1b8651c9,1.0689983,4.608148,9.760177,4.429083,1.5172201,8.972013,10.812517,8.476718,7.2185807,8.880542,2.8362007,3.3447876,6.050764,4.5390553,3.3446438,36
36c9f56b4d086115b84e7b9a,1.2186679,4.622261,9.9118185,4.357559,1.5038724,8.670259,10.590279,8.943455,7.1397643,8.825391,2.7271173,3.2279332,6.3851852,4.4905806,3.5279915,37
3805a7400a5c2b501671c215,0.95917064,4.480488,9.284791,3.9319017,0.7192679,8.049156,11.784076,8.865493,7.0161448,8.979987,2.523082,3.106603,5.590361,4.652857,3.6068175,53
38c4fb4edbff84e6dbf148a4,0.8633492,3.8138962,9.602696,4.934618,0.6163525,8.108626,10.09061,9.733779,7.065048,9.348471,3.306113,3.0772607,5.5106373,4.98372,3.6802359,13
395b77d6e23e91d679e64b42,0.53363436,4.234441,9.5367365,4.798049,1.0401042,8.383993,10.770046,9.405179,7.0079055,9.291155,3.450547,3.4539618,5.9767513,4.033949,3.0340204,35
39f86a10de82d8b34d04cda0,1.3919597,3.9265683,9.480911,4.496876,1.0347164,7.9233537,10.063282,10.10311,6.7511764,9.516985,3.373751,3.093935,5.911819,4.369759,3.6346822,20
3c314a3d1cee488a753286b2,1.3353497,4.875438,9.471914,5.035624,0.3598281,8.90347,9.662417,9.70117,7.023214,10.273175,2.7555113,3.3841069,5.715018,4.4601192,3.2168121,42
3d3c6b7efedc9bdaa5793bdc,0.9027231,4.3756447,9.288321,4.132559,0.8367451,8.050153,11.211862,9.10529,6.884749,9.0843,2.651027,3.0230322,5.6373534,4.482772,3.6595426,-1
3df723e384b8f2912f99972a,1.4967192,3.8341715,9.401564,3.4012392,1.1841561,8.536837,10.864834,9.449553,6.31872,9.375557,3.7561257,3.5596566,5.2651377,5.0456176,3.0559785,21
3e0e44c71b218fb1a36433a5,0.8783674,4.27477,9.758275,4.158662,0.48997918,8.542568,9.999211,9.968582,6.1846232,10.561602,3.854563,3.790701,5.273692,4.75756,2.6862798,14
3ec762941a96dc7ce4517987,1.3202004,3.9260197,9.429459,4.6763906,0.680907,8.897968,10.809395,8.840355,6.6549296,9.455095,3.1995392,3.2977889,5.3933353,4.321957,3.0376766,51
415c4c746057db8882f24595,0.8541702,4.532055,9.740964,4.947002,0.64249784,8.958326,9.86768,9.446261,6.880335,9.690869,2.9813256,3.4789472,5.894662,4.408023,3.1564708,-1
418316843d8c59ef6136b7ab,0.9946239,4.470685,9.286811,4.28992,0.80502594,8.340352,11.419873,9.067365,7.315074,9.080102,2.6678088,3.2407842,6.0102386,4.6253734,3.4857583,-1
42fd181407f4d569908e9461,1.2357538,3.5116546,9.684111,4.8065243,1.5275501,8.239622,9.952714,9.638911,6.6570644,8.816133,3.7953753,3.32527,5.071465,4.5759435,3.4027622,15
4428724d09aadf1eac6576a5,0.8838166,4.7391496,9.485823,5.1404724,0.34693465,8.63062,10.274555,9.481022,7.3934703,9.838502,2.4047565,3.504847,5.944418,4.67517,3.4209006,41
446d078bda262fb35eeddda5,1.0415406,4.4309216,9.234586,4.0252757,0.7463524,8.01536,11.765763,8.820524,7.1328244,8.934171,2.410384,3.0759811,5.613596,4.7244205,3.735163,53
44857fbbde13a8f87193dd57,1.1073164,4.381012,9.203866,4.2446313,0.7809742,8.1263485,11.596715,8.88515,7.3235307,9.090297,2.4604158,3.1897407,5.743791,4.7503285,3.7006001,53
4638836303dd2f0601464fa0,1.5422271,3.7737,9.365118,3.5523229,1.1155628,8.575606,10.870661,9.355141,6.3127003,9.391379,3.680994,3.4757845,5.256195,4.911053,3.0846004,21
46d4ae21a089f8a4acd52ff8,1.4988242,3.8460321,9.386555,4.6018963,0.72266984,8.823086,10.896438,8.868254,6.720804,9.529171,3.2670891,3.2792826,5.467681,4.390697,3.076184,51
470b3f9faea53b128fcbd463,0.6384247,4.3188252,9.559446,4.582576,0.8942131,8.507036,10.867019,9.205833,6.8267,9.355199,3.2988875,3.4425082,5.7381744,4.11917,3.0282104,35
47484e17584b23df3fbb01cb,1.3823988,3.8325715,9.618932,4.999865,1.2434347,8.669613,10.229491,9.263718,7.0674763,8.778939,3.0129414,3.3664668,5.53348,4.6780844,3.5745084,-1
47a446a94d4f6940fee70231,1.315353,4.7880983,9.5377865,4.834073,0.54388565,9.097877,9.75659,9.610777,6.889206,10.142365,2.8392246,3.5644805,5.7374277,4.472389,3.1121328,42
47bba74879e530f0554f926e,1.0643053,4.1035233,9.391405,4.595459,1.4012158,8.571516,10.669087,8.87788,6.5785246,9.29554,3.0252032,3.759335,5.049502,4.268484,3.2405093,50
4847da4417d258b905d4ae7b,1.2201244,4.602623,9.897589,4.36589,1.5244018,8.68941,10.588155,8.960153,7.1577244,8.807668,2.7553415,3.217356,6.409613,4.4686794,3.5101492,37
486b5493eac7109d198b671d,1.4969642,4.1019144,9.233157,3.7143116,1.0559909,8.521078,10.709074,9.4623785,6.442349,9.329226,3.0957832,3.044191,6.016183,4.328189,3.4965808,-1
4964dc7300da3f340147edcb,0.91944164,4.784708,9.507054,5.157903,0.2981105,8.649106,10.205315,9.541559,7.3574104,9.9387665,2.4432275,3.5312304,5.9536796,4.6563783,3.36981,41
4addb18d2de5f5c60e0e5e90,1.029274,3.9699802,9.484845,4.998457,0.55003744,8.012184,10.441338,9.695201,7.18108,9.648724,3.1686807,3.2991436,5.721412,4.733482,3.46179,39
4b81d63e9be95331876ddf1a,1.60155,4.1869073,9.397348,3.2873538,0.8391242,8.398259,10.5000925,9.768266,6.0341525,9.536425,3.033968,2.957619,5.932676,4.5677323,3.5720325,23
4c8335fa2a947840e4a10b1c,0.32233313,4.9175596,10.098335,4.9053645,0.77154005,9.381946,9.686632,9.249411,6.865958,9.482156,3.0818684,3.6950371,5.9185247,4.3779984,2.9276943,45
4e16f084eb0aebd8e984956d,1.301763,3.8753486,9.186162,4.201861,1.1367593,8.941376,10.606913,9.384049,7.0761786,9.269922,3.3811796,3.597642,6.2214746,5.0032682,3.193586,-1
4e54f215f9221ec9d0e9658d,1.0445793,4.195209,9.389196,4.600889,0.65323585,8.50072,10.843829,9.111131,7.0475945,8.848983,2.4041376,2.9734974,5.776553,4.687445,3.7513041,-1
4eda680aa8544f02f6af187e,1.2727697,3.2898598,9.778907,3.8582435,1.1861057,7.9681287,10.615596,9.602159,6.3003035,9.463715,4.2324963,3.835474,4.74522,5.615669,2.9116402,22
5046cc1917342607e4b5d696,0.6818971,4.5604844,9.903145,4.445004,1.1970211,9.038439,9.6515255,9.329925,6.680504,8.655298,2.741627,2.7399135,6.2998557,4.423136,3.7841623,26
5061998892cf90fb3bc9db8f,0.9392292,3.8095922,9.473568,4.7102795,0.2729197,8.176646,9.766353,10.189045,6.4278917,9.840034,3.0937495,3.2379045,5.7637353,4.737391,3.478433,38
51777641b0dc5795e368f940,1.4978647,4.0044117,9.591918,3.8533776,1.0444244,8.193256,9.697039,9.990918,5.9481397,9.485784,3.0599694,2.9046187,5.6272445,4.2477,3.8025918,30
51dc2969c8c8188d4efa9abe,1.1289674,3.4246638,9.81104,3.8699305,1.1899284,8.039872,10.449167,9.622778,6.207536,9.27136,3.9855764,3.6912847,4.9214354,5.4462132,3.0460052,22
52aab27d9477022b7a91ea14,0.9353986,4.476688,9.311381,3.9547906,0.7828056,8.162676,11.889436,8.818619,7.061795,8.97015,2.687601,3.2258081,5.622707,4.6313515,3.424133,53
52ac6fa0a6747975f14f468c,1.3330396,4.86226,9.473964,5.037687,0.3648543,8.904293,9.668822,9.6958685,7.022502,10.260375,2.7602592,3.3876603,5.7133603,4.4643083,3.215269,42
534d481e2d2e256a0d56de47,0.981464,3.6899328,9.92393,4.016088,1.1555468,8.141333,10.287107,9.5252695,6.121003,9.145999,3.5817268,3.6466188,5.0555882,5.231897,3.1180859,22
5352d93425047c58e1f21cb6,1.3111324,4.5353107,9.32111,3.6040823,1.2708243,8.53141,10.8749895,9.307958,6.9519386,8.449981,2.1855743,2.776331,6.7983475,4.8295364,4.0069737,32
53dc5a44d1d9654fba3f08c5,1.2482623,3.3188403,9.775964,3.9454098,1.1820257,8.024549,10.391051,9.753026,6.26272,9.440362,4.2261477,3.7362978,4.8645144,5.4530706,2.9665902,22
546c5a47e7998ffc0414cc66,1.0977327,4.080467,9.273413,4.3021193,0.8450973,8.002417,11.465128,8.911243,7.1146307,9.1603985,2.78444,3.2618268,5.378782,4.808799,3.6057415,52
54b1adb971099b479289e850,1.6053852,4.191194,9.390192,3.2825363,0.8326372,8.401183,10.505649,9.769456,6.031141,9.542004,3.0285077,2.9571052,5.932826,4.562548,3.5708754,23
55f51252d73d8fd2d5a5ce65,1.1399988,4.4746428,9.953706,4.039209,1.2879819,8.423403,10.620109,9.104967,6.7294602,9.005135,2.8710785,3.2900596,5.9266443,4.7140565,3.4879649,19
57f8f6acbf29d9b881a7fe91,1.6131574,3.8389525,9.246563,3.8816328,0.44933444,8.281531,9.707074,10.4245405,6.096044,9.764845,2.996345,3.1480725,5.7357864,4.9496613,3.5728002,27
58a287a228fa68be27dbf0fb,1.1952857,3.3874626,9.753373,3.8586588,1.125653,8.036064,10.442696,9.726875,6.2783666,9.517349,4.1826572,3.6784742,4.913479,5.447713,3.0100079,22
58aca1f9682c508d3d31a940,1.249576,3.5931983,9.494455,4.0385685,0.3334457,8.013111,9.506684,10.527346,5.857474,9.849713,3.2238762,3.1155071,5.574916,4.9966774,3.595516,27
590a71fe83d4fd842604f997,1.3409737,4.770952,9.326331,4.975163,0.15117134,8.632671,9.867404,9.853251,7.081361,10.3791065,2.7927089,3.3304,5.6979513,4.5866556,3.2378805,49
591c3d09a5eca065b64d335e,0.96066177,4.29626,9.557315,4.7728367,0.70655566,9.081335,10.416682,8.897086,6.762632,9.360626,3.0061932,3.2504814,5.5364604,4.2894325,3.1248403,46
597a8674727ad3304aea342c,0.28443968,4.9668427,10.1147375,4.927785,0.74833506,9.409158,9.667189,9.24149,6.896765,9.484598,3.0390556,3.700421,5.9570107,4.3616877,2.9262867,45
5ac84db8a3223e8882807d1b,0.9131442,4.3762946,9.655714,4.8969207,0.8146962,9.122569,10.162986,9.01859,6.8297796,9.350809,3.031304,3.3149164,5.6853514,4.2402353,3.1263905,46
5b56be73f77cc93cfe3f482f,1.2675211,4.3069882,9.149935,3.7713985,1.0688497,8.564491,10.107137,9.886815,6.5487905,9.091167,2.7487702,2.7884078,6.6474576,4.3739815,3.7678437,29
5b6c05df8c1c0d6f9cf77bef,0.98076767,4.1228867,9.535855,5.0706935,0.63885343,8.022666,10.449115,9.638637,7.352701,9.666453,3.1691024,3.3642583,5.7546287,4.755647,3.4300067,39
5c08ac202559726664dd414f,0.88539225,3.8849318,9.230647,4.2481084,1.0954603,8.308261,11.170477,9.237261,7.0301676,9.292139,3.4107218,3.5814655,5.7819586,4.7713337,3.1963418,-1
5c8bc193bacb0f60a7c85664,1.169587,3.6725388,9.537732,3.9930613,1.0975327,8.479045,10.6912155,9.331583,6.504985,9.37038,3.813757,3.5606673,5.084301,5.083934,3.0397742,-1
5ea96759d6102c87a89d1366,0.9309379,4.47458,9.32391,3.9697502,0.8004325,8.184832,11.859416,8.83397,7.051843,8.968626,2.7207785,3.2399418,5.6288376,4.615246,3.397632,53
5f9ed7910f08dba1931c4a66,1.7006483,3.5081227,9.418658,4.180601,1.4905332,8.490721,10.297765,9.669119,7.183382,9.194337,3.8871768,3.5828242,6.212374,5.3255277,3.2707539,40
60f9c05e31bd3d431ced17c6,0.9349844,3.9582138,9.49892,4.9053736,0.4570604,8.355022,9.8733,9.855927,6.682329,9.552386,3.06918,3.1258194,5.5854626,4.6285477,3.5117784,13
612c4019ac722b58fa1c6477,1.1786804,3.2973905,9.7380705,3.843606,1.1648782,7.9925947,10.700259,9.509583,6.410331,9.497748,4.2441826,3.7698345,4.80152,5.6257896,2.974095,22
612c827f49e225ba18848826,1.2337776,3.332906,9.737133,3.8607333,1.1950045,8.043488,10.481393,9.718902,6.287148,9.436534,4.240945,3.711985,4.890277,5.4520845,2.9775846,22
624053ca9826de81a361026b,1.2665654,4.2389827,9.866365,4.812904,1.428762,8.698086,10.208992,9.196248,7.0783367,9.131488,3.3971622,3.2503443,6.149592,4.1685443,3.26872,44
6249dee80fa5185af8294864,0.6005532,3.500906,9.664713,5.362537,1.3747233,8.44291,10.1340275,9.513231,6.7312074,8.707344,3.993736,3.3736444,5.0682774,4.0420246,3.0516403,16
624b7e32ac4eaf24d6dbf978,1.2354933,3.7751532,9.429742,3.5151105,0.9662323,8.079914,10.905793,9.659476,6.5233192,9.786454,3.9419186,3.5202286,5.3396897,5.23059,3.0901449,22
63e2645885d0fa60a4458c14,1.0452332,4.0000224,9.1338215,3.7738826,0.85960114,8.727565,10.700043,9.816237,6.9396234,9.929928,3.7973416,3.6776378,6.366496,5.0253744,2.9344373,17
643bfa6904dd467ae807676c,1.2014966,3.2904875,9.7321615,3.8467667,1.1576226,8.005849,10.673339,9.538638,6.385099,9.496968,4.2341013,3.7734542,4.8036127,5.607936,2.964047,22
6509b773ea19216d27d000e4,1.3467615,3.7757218,9.618581,5.04398,1.2253393,8.658967,10.199502,9.284775,7.0575905,8.778966,3.0767817,3.3479462,5.498125,4.674269,3.5636437,-1
65b45f6416834dc574609b3d,1.0216141,3.507154,9.867995,3.9456565,1.1977935,8.110458,10.317113,9.585313,6.105595,9.096063,3.7877614,3.6604998,5.008655,5.369384,3.0691347,22
65cf4252e371707843755098,1.179103,4.2457094,9.158646,4.1433973,0.67430896,8.097739,11.659344,8.921051,7.1733294,9.231514,2.6400847,3.1969502,5.6380424,4.756774,3.6052892,53
6623374d3e29c99a883367aa,1.1643054,4.05018,9.2004,4.1651354,0.42090836,8.351159,10.293162,10.015166,6.197063,9.922673,3.342662,2.927089,5.9319477,3.9973352,3.2847693,11
67e05bbe24b402161b651881,1.222042,3.5299723,9.671853,4.8578835,1.5016876,8.262135,9.959397,9.616703,6.690794,8.802135,3.7452762,3.3120375,5.0939274,4.5382285,3.416789,15
68572127284fd5a8e2e74239,0.950641,4.4928427,9.329546,4.3984046,0.7879177,8.412202,11.282822,9.138455,7.3295484,9.138225,2.7351604,3.279031,6.064172,4.5854564,3.41662,-1
68f17b6b3cc7af61569c24e5,1.3234305,4.8006186,9.572885,4.8753953,0.52818185,9.081732,9.645796,9.732066,6.911476,10.182987,2.850166,3.5696535,5.811108,4.4604235,3.1097186,42
6ad7c6ec2c4e6f56eb7bd836,1.0728742,4.126143,9.4119425,4.537544,1.3089945,8.584061,10.631688,8.926501,6.5556684,9.262284,2.9578621,3.6653194,5.1378098,4.2815905,3.2736068,50
6bbfea2f92a98112335f395d,0.8732348,3.5908675,9.906921,4.1954274,1.0001644,8.196227,10.132205,9.573761,5.998882,9.296197,3.658802,3.7192874,4.7871256,5.209282,3.0069165,-1
6c584d5b1cad370acd14a9b2,1.1678376,3.9888716,9.434724,4.931808,0.40365803,8.546378,10.052364,9.665661,6.7747264,9.744811,2.8631916,3.3830864,5.77834,4.702215,3.3967083,-1
6cb9de280cdba44a00d54998,1.2857119,4.0223975,9.283121,4.3699846,0.9028981,8.257093,11.303126,8.88612,7.116713,9.302969,2.9093006,3.3105903,5.560426,4.7583976,3.5081882,52
6d810a35853d8e54b09e67c2,1.7715678,3.8946917,9.523825,4.342227,1.5756952,8.64905,10.314838,9.571693,7.067491,9.027881,3.4938037,3.3210173,6.4682255,4.460507,3.3710387,43
6d909075545ebd7c6c5bb2cb,0.87794054,4.550338,9.426574,5.0810394,0.44929853,8.461211,10.464297,9.44145,7.4608397,9.579033,2.471463,3.3971117,5.906653,4.7543154,3.5340946,41
6e02f9b014369e709d69230d,0.1759209,3.780235,10.047371,5.749726,1.5506909,8.522369,9.367836,9.41446,6.9565406,8.276193,3.9257247,2.828917,5.4500375,4.105362,3.4008791,4
6e6bcb579354a90580357ef3,1.2689778,3.285242,9.735287,3.8980193,1.2108518,8.02141,10.577933,9.626259,6.341426,9.439321,4.23589,3.777066,4.821238,5.5486298,2.9581084,22
6ec62f1e0979ad2be4645bf7,1.4218823,3.4302115,9.615951,3.7259693,1.0586554,8.070128,10.273594,9.98216,6.1512184,9.427895,3.9484181,3.5891943,5.1363883,5.4025307,3.1106384,22
6f2faba938402363426bbfe8,1.2673612,3.3321998,9.725024,3.7909021,1.2069937,8.026485,10.450224,9.796407,6.2383575,9.412036,4.2523785,3.724216,4.8998733,5.4962187,2.9586446,22
703610153b3454683e213172,1.3266847,4.069842,9.555837,4.6118417,0.91993034,8.720752,10.777185,8.830844,6.720956,9.487984,3.1707807,3.5014625,5.3465667,4.458284,3.0572333,51
70ad89b7a7c9c739fb01d372,0.5189308,3.4888766,9.6524725,5.4440312,1.3522079,8.438798,10.144468,9.510321,6.7226224,8.723587,4.03261,3.3793416,5.043931,3.9608543,3.0018656,16
70be7f3db062cb1c2c6e9d34,1.170581,4.241452,9.1731,4.156742,0.6357497,8.124773,11.618406,8.947288,7.131201,9.287996,2.6736255,3.214145,5.616609,4.728073,3.5650935,53
71c11a2950e88e5ec137344b,1.2786312,3.2727263,9.758678,3.9042268,1.186856,8.002668,10.677919,9.5340805,6.3594117,9.440646,4.203402,3.836383,4.739816,5.620388,2.92284,22
721213dcfbe4b381924add44,1.2115905,4.037722,9.292821,3.492066,0.8503911,8.199766,11.001091,9.649601,6.6846,9.875159,3.68598,3.472126,5.716108,5.0463266,3.1307645,22
7331e00afeff0166b0971813,0.29626524,4.946199,10.124002,4.900495,0.7775608,9.421887,9.646903,9.250398,6.860924,9.470655,3.0804884,3.7012768,5.940993,4.381573,2.9218316,45
7477a660eece1c8b3f2142f5,1.270604,3.2924757,9.784692,3.8651311,1.1800619,7.9804854,10.596516,9.611342,6.2849374,9.468836,4.234979,3.8425982,4.731711,5.611647,2.9016597,22
74a353762460f8aed4d13bde,1.0549356,4.1782537,9.407008,4.6141386,0.6726341,8.497445,10.865956,9.078174,7.058421,8.828785,2.4122908,2.9813583,5.7516637,4.6983094,3.7495909,-1
759627f054999da998ddb483,1.6029204,4.1826396,8.346312,4.685955,1.1371619,9.236332,8.350092,10.436523,6.679561,6.625169,0.5061905,1.9129928,7.0758386,3.861846,4.74363,1
7751f80e564558008beb20ac,1.3721006,4.414604,9.543067,4.8554277,0.6487426,8.718098,10.075212,9.549919,6.9893584,9.922729,2.6596556,3.4839046,6.2600336,4.5947375,3.3932376,-1
78895f9499cf82c4efe46660,1.3839527,4.3160844,9.552693,4.2124825,1.428706,8.513918,11.280487,8.56461,7.0337934,9.174639,3.0875702,3.6123366,5.4468126,4.6967134,3.1849637,54
78dc4251172e29b4d27b1bc3,1.2231352,4.6190753,9.905862,4.356178,1.5109847,8.678241,10.590664,8.945586,7.1451335,8.81644,2.724811,3.2267735,6.400026,4.490761,3.5292277,37
7a06f8d458dcb784625c35e2,1.313903,4.532041,9.322074,3.5987675,1.2757998,8.535822,10.862541,9.31677,6.9445553,8.445616,2.1873674,2.7712486,6.8073077,4.830342,4.01074,32
7a7ffec31d7e151534f87781,1.2212307,3.5034823,9.687671,4.8329606,1.5399952,8.215851,9.922471,9.656769,6.6589537,8.806625,3.8101687,3.304421,5.0696807,4.5478826,3.41951,15
7b32178f6a3ad04138774db4,1.2835355,3.259449,9.778324,3.918466,1.229299,8.023997,10.508441,9.661967,6.3027806,9.407716,4.2499547,3.7714465,4.8152065,5.5223575,2.9623768,22
7b82bbd90d601e2987bf5172,1.0182095,4.4616528,9.27894,3.8630052,0.720195,8.077071,11.838035,8.873157,6.9575596,8.990057,2.5954044,3.1607997,5.5110326,4.6646533,3.5257323,53
7b8680742d8436902a573024,1.2584885,3.3184257,9.783574,3.8700569,1.1780859,7.9795575,10.583404,9.621371,6.3090005,9.49159,4.236879,3.8203015,4.7580886,5.5825796,2.916592,22
7bc62c69451b026c85fc4a7d,0.9590301,4.4818907,9.288997,3.87924,0.70119053,8.084482,11.851605,8.855264,6.963944,8.998821,2.5940452,3.149699,5.536274,4.6321507,3.5174356,53
7e319e341046fb660b25653d,1.5614508,3.6408517,9.510902,4.9750023,0.9007001,8.8992605,10.536859,8.922632,7.0485125,9.174076,3.015874,3.554287,5.427583,5.036547,3.355982,55
7f25a098c380cbba3131cfe6,1.4287283,3.8713505,8.818442,3.141271,1.4986643,9.4224615,10.692064,9.67664,6.9823833,9.275316,3.7663324,3.620851,7.1146307,5.254649,3.0417118,7
805eed117eb64d0dff87b923,0.9721942,4.494155,9.26558,3.9529958,0.7109518,8.020567,11.81889,8.825499,7.0533433,8.95123,2.4426208,3.0848367,5.591873,4.6573234,3.666451,53
8168eac03e3dde7866edfa66,1.3789709,4.2973785,9.180692,3.8313787,0.8936972,8.039473,10.689403,9.646306,6.6652055,9.769476,3.098798,3.0216327,5.8608522,4.373654,3.6007328,18
822a748be222e671754ef319,1.1708909,3.5061233,9.627121,3.6741354,1.0833338,8.0228195,10.722306,9.636507,6.397496,9.614,4.1423807,3.6173177,5.022331,5.41241,3.041585,22
828a1c1398821b38066e685f,0.9510732,4.482577,9.521852,4.5418434,0.6653518,8.519116,10.087805,9.668923,6.4787145,9.99218,3.2637436,3.2604084,5.7077827,4.0912647,3.096715,-1
829b5fcbceed9ea554286067,1.1638056,3.325217,9.734561,3.8192806,1.1752219,8.013094,10.568968,9.641168,6.3335896,9.457874,4.2317305,3.6871684,4.8878684,5.519234,3.0168693,22
832f34385c0fc1cbe878c5c1,1.4305191,3.8124819,8.870264,3.13453,1.4910805,9.347111,10.684467,9.673844,6.9196386,9.282794,3.8190253,3.629585,6.972569,5.3127317,3.038269,7
844f341ccfa1b28c72836d6c,1.2012769,3.492755,9.580961,3.7233608,1.0697914,7.97389,10.900387,9.509053,6.49613,9.568947,4.053511,3.6499896,4.9690804,5.464679,3.0585427,22
850627dd02debf14e4f29efb,1.0529671,3.740519,9.685778,5.0258083,1.3965714,8.481704,9.874777,9.551237,6.6589017,8.890306,3.6442437,3.2498236,5.211117,4.212519,3.320555,15
89c2bacb0fdc665788ca0c27,1.6691364,3.7053602,9.418056,4.32022,1.3869284,8.537783,10.24787,9.635116,7.1359315,9.248179,3.6460028,3.4593759,6.177535,5.0202146,3.330388,40
8ad1d821ea102e5d78966268,0.84154797,4.486287,9.314108,3.9207013,0.35749885,8.324151,11.664302,8.990314,6.7371716,9.374101,2.7604651,3.1814387,5.590201,4.459984,3.2672212,25
8bd4790d8081fd98fb01829c,1.1874775,3.4048605,9.722324,4.0423837,1.2823334,8.111944,10.368026,9.709522,6.413056,9.305877,4.1854825,3.6333337,4.9977746,5.2951093,3.0354342,22
8c2459ce341b8ed941977961,1.2048519,3.9923391,9.304102,3.4652812,0.88945156,8.178129,11.015721,9.638354,6.663003,9.846757,3.7404711,3.4653215,5.670624,5.078188,3.1302788,22
8e38a244006b24e843ba7f07,1.2295433,3.5875015,9.538326,3.5965621,1.054456,8.061111,10.814542,9.632416,6.429772,9.671128,4.093316,3.6059055,5.095087,5.357864,3.0279078,22
908bfbdf6203901cc47a35bb,1.3648369,3.8911166,9.408768,4.653043,0.6821695,8.903766,10.856845,8.824203,6.666289,9.459271,3.2180111,3.2838202,5.4149475,4.3311286,3.0524228,51
90ce00b9330b867498fcd82d,0.9744212,4.4925566,9.623496,4.8759656,0.6765546,8.929747,9.977649,9.332362,6.7004094,9.667419,3.0403957,3.2408156,5.73222,4.107302,3.148792,-1
923f95f43353c756e720b5bc,1.0086604,4.0869026,9.499631,5.0810046,0.5799539,8.011146,10.475762,9.64412,7.339963,9.672478,3.1153324,3.3494437,5.74938,4.758246,3.4570856,39
92b8ed659e9093edac76f537,1.3924837,4.2680693,9.205211,3.850133,0.90542907,8.007106,10.656098,9.666288,6.6705737,9.782287,3.1203723,3.0142577,5.8678946,4.38891,3.62484,18
93a3d3e11cf27aa0fabe2887,1.1019182,4.4297447,10.041647,3.95122,1.1239254,8.260017,10.447389,9.285096,6.4696336,9.162065,2.8683553,3.289795,5.724361,4.8069534,3.5099432,19
9833c3a62e8a028e89585501,1.5140153,4.965472,9.7651615,4.5020413,1.2135422,9.364732,9.888493,9.505239,7.4305353,9.202614,2.1126165,3.429957,7.6437454,4.723943,3.5639548,5
989fc1ccfa880f8bfb9b81a6,0.93942666,4.487637,9.2982235,3.8868344,0.68512887,8.087321,11.840555,8.860874,6.9549947,9.015872,2.5976884,3.146088,5.5468645,4.621535,3.5093029,53
9951bf7b272bcc98c6379f13,1.4115543,4.2082005,9.323881,3.8977714,1.0152426,7.952935,10.486563,9.707149,6.6355577,9.684649,3.135663,2.962497,5.888475,4.392719,3.725059,18
9a23e63163d0c4d64a947d08,0.8797972,3.5864403,9.904716,4.183089,1.0061222,8.194811,10.1413145,9.573857,6.0029373,9.291477,3.6675322,3.7163076,4.7927027,5.2169933,3.0081303,-1
9abb7f6c221d80273a2351ef,1.0966035,4.189144,9.426773,4.6203218,0.7094633,8.527589,10.86555,9.035175,7.0618362,8.78826,2.3725052,2.9802883,5.7398896,4.701781,3.7611716,-1
9b44ab2edeff2c05d0031053,0.938638,4.4760165,9.311719,3.957873,0.7777979,8.162416,11.8841915,8.821384,7.058774,8.974757,2.6862206,3.2275612,5.614883,4.632151,3.4235814,53
9b759bfd2e34762823fe1115,1.3803464,4.310755,9.551165,4.2206907,1.4330308,8.528688,11.281131,8.558271,7.042383,9.161942,3.0879996,3.6126878,5.4597545,4.696721,3.183087,54
9dbd2a69e409ae67c166bfc0,1.0879852,4.3733964,9.205232,4.1306677,0.69722456,8.037227,11.70339,8.854693,7.2062078,9.0507965,2.4380503,3.1096504,5.649316,4.760871,3.726815,53
9e2337d87f6e3175df276e09,1.0345501,4.018919,9.137635,3.7242582,0.86682636,8.74895,10.699975,9.823091,6.918267,9.956322,3.8182502,3.698531,6.37843,5.0441437,2.9083972,17
9e39f90cdae4efa6a0968656,1.0670593,4.379953,9.235117,4.205671,0.690851,8.040085,11.635311,8.872862,7.2284074,9.060784,2.4234972,3.1302044,5.6370344,4.7748823,3.7303305,53
a0ab89b8374f8c1a8461a052,1.4361181,4.420803,9.623879,4.3217244,1.5640311,9.010264,10.323986,9.290126,7.1308722,8.802817,2.8330162,3.4072797,6.7482986,4.6040297,3.4325442,-1
a264bb371f069f743cfd2fe2,0.7356423,4.447067,9.594869,4.066724,0.6948733,8.457213,10.910976,9.369791,6.688309,9.594797,3.2525218,3.3968232,5.736616,4.5998898,3.0752828,-1
a30075e384186379cf44981a,1.0652472,4.1224346,9.41567,4.539372,1.3903904,8.580674,10.63047,8.872226,6.508575,9.304125,2.9943628,3.7368023,5.015743,4.2314672,3.2359753,50
a46cb2b1edfdb5ada5d34be1,1.2143646,3.323801,9.720966,3.9127147,1.1492873,8.026919,10.678682,9.501172,6.438757,9.535886,4.2334614,3.777683,4.831251,5.536828,2.947946,22
a494155ce1f95408a1140e99,0.7725819,4.3829246,9.394982,4.1679006,0.47290587,8.522934,11.30713,9.059385,6.678824,9.443506,3.0062466,3.2795138,5.638402,4.287727,3.1046054,25
a4b30b2986784801680e3ab4,1.3882364,3.6528883,9.254656,4.4629602,1.0620078,8.558861,10.619981,9.485337,7.229876,9.392813,3.5290115,3.4917347,6.1482487,4.955007,3.3091054,-1
a5513fb504096d84a15df71d,1.2551658,3.2238138,9.795154,4.0476913,1.288846,7.951502,10.351025,9.782295,6.3590627,9.352076,4.337594,3.745657,4.884883,5.494734,2.993332,22
a5b0b2db07b9bee64e4ba139,1.1809218,3.6781125,9.525261,4.000716,1.0902566,8.489829,10.695225,9.32385,6.5078564,9.373988,3.7922497,3.5575767,5.0922976,5.0694413,3.04492,-1
a613953ce82e3e8f64c35804,0.93956304,4.4751806,9.309145,3.9437742,0.77686614,8.155069,11.891668,8.820075,7.051273,8.969596,2.6817307,3.2204661,5.6126037,4.633609,3.4308207,53
a645a99d9f9dc36428c2e824,0.8482856,4.556757,9.753078,4.262465,1.1942078,9.064263,9.776149,9.346244,6.654689,8.651706,2.6284926,2.69917,6.429259,4.460206,3.830901,26
a6510045b375ba0f322e396b,2.0352628,4.2823167,8.909408,3.0856347,0.75334007,8.54013,10.833315,9.824767,6.2290435,9.805012,2.9879239,3.0736833,5.834089,4.4800653,3.454913,23
a6927f01d961570d198a6431,1.6510502,3.8774855,9.437878,5.3064165,0.53584284,9.1812725,9.68788,9.400737,6.841309,9.554802,2.69534,3.5778792,5.552775,4.868567,3.2597263,-1
a73c093cee8d80f72234f083,1.2623441,3.2628827,9.76212,3.890835,1.2091202,8.007953,10.625899,9.581131,6.3219957,9.425803,4.2239175,3.8088465,4.766608,5.591473,2.937461,22
a87c5eb248404241b3ec31c2,1.5728226,3.6766536,9.528171,4.99804,0.91222465,8.859474,10.511865,8.933662,7.0715036,9.18653,2.9925985,3.558769,5.416011,5.03709,3.383224,55
a87d4153f5cb07608fe033d1,1.1960473,4.3421125,9.395143,4.4771934,0.84741515,8.389235,9.981035,9.834018,6.4444475,9.775699,3.2310994,3.140323,5.695949,4.0345564,3.2749898,-1
a98f741fbe3245bc7b35bf75,1.3065356,3.9042728,9.190089,4.175901,1.1659216,8.94283,10.628595,9.366921,7.115832,9.20847,3.3384678,3.5574765,6.2889733,5.0040464,3.2406526,-1
aa1b820483c0276b048b4490,1.5702235,3.6455424,9.505092,4.9937925,0.89420956,8.896321,10.528925,8.918531,7.066418,9.175373,3.00352,3.548825,5.4328003,5.033727,3.3700063,55
aaba9ea187aaa213029139df,1.1223347,3.2913492,9.723372,3.8051171,1.1657823,7.9857244,10.709442,9.530358,6.4168124,9.462568,4.2387366,3.6968453,4.869769,5.6111937,3.0319374,22
ace6fc0c33f4c6f5facc4edd,1.1892393,4.025548,9.500275,4.9659333,1.0261047,8.328933,10.57597,9.108363,7.0853543,9.434097,2.8143244,3.621761,5.5587807,4.742892,3.506559,55
ad01f937b4ebbb5b16a08e4b,1.2495674,3.3453057,9.721068,3.741253,1.2258393,8.02008,10.383755,9.876229,6.2055254,9.377837,4.2587795,3.6837428,4.9638677,5.4957314,2.9821615,22
ae36e16b4f0bb3dab5bfab82,1.1466634,4.3452234,9.816145,3.9932077,1.2544273,8.365897,10.780941,9.076353,6.72342,9.019941,2.9658778,3.2835236,5.8005166,4.726895,3.4692981,19
ae7edab0e30e0932cae11eff,1.3997177,3.8614893,9.514024,4.6166086,0.83009994,7.8580956,9.994053,10.171376,6.712634,9.521696,3.2745113,2.7481508,6.099216,4.2641354,3.8475091,20
aeca055ec63a34f2c3f8514e,1.3149307,4.173805,9.591508,4.4609294,1.078009,8.646986,10.723635,9.010976,6.7277017,9.596582,3.2996237,3.662726,5.4260893,4.487201,2.9945414,51
aeecaa91599f28df6e0eb223,0.9236047,4.45445,9.330276,4.0177617,0.26992106,8.8059635,11.453364,8.943205,6.623645,9.475473,2.8237267,3.225386,5.829619,4.3211412,3.0500274,25
af2049f95af6d59107b0b672,0.97324115,4.41168,9.285572,3.9400966,0.78164995,7.9606085,11.761486,8.856715,7.0140586,8.8504505,2.491882,3.0405195,5.508782,4.701018,3.7142596,53
afde8b4b3bb3b7204b25c675,1.3213999,4.871552,9.475712,5.024061,0.36669046,8.921163,9.6635685,9.701147,7.006142,10.266417,2.7615118,3.3955753,5.7188168,4.444765,3.2051575,42
b004117f5fdd2023aae9e1ad,1.196665,4.0009365,9.486996,4.951545,1.0096217,8.295173,10.582629,9.131836,7.084165,9.455551,2.8283389,3.6042807,5.5722513,4.7543926,3.5258155,55
b0f797ac7543628f9a86cc13,1.2354635,3.6086383,9.522251,3.5626056,1.0454903,8.039945,10.840356,9.650927,6.4481735,9.696937,4.0939946,3.6027749,5.131051,5.364981,3.0313585,22
b1a6ad2ada3132c8b5b34f72,1.8842419,4.401152,8.902098,3.1954582,0.7915668,8.466048,10.911508,9.730384,6.405392,9.797186,2.9256418,3.0374944,5.9457936,4.4296784,3.49174,23
b1becaf5ad0bf2083cb27163,1.3706329,3.9209545,9.438587,4.68481,0.70356345,8.889249,10.827259,8.80339,6.687572,9.481299,3.2058702,3.3168657,5.388119,4.3506703,3.033885,51
b2014ba52755c394c062e656,1.7181832,3.4765038,9.457824,4.2271686,1.512031,8.457627,10.232986,9.6742525,7.168541,9.173368,3.893664,3.5651941,6.1490173,5.322215,3.2803783,40
b499f9404488c09c07e82a47,0.96726316,4.424475,9.707712,4.344018,0.6241369,8.563675,10.16749,9.674553,6.424987,10.24941,3.5112233,3.6153443,5.489444,4.4846544,2.8855865,14
b4f0dff8f258ee81d410a3dd,1.0791527,4.286949,9.298805,4.141123,0.42344132,8.309567,11.37098,9.078822,6.837171,9.493029,2.7862792,3.2326772,5.6024976,4.5905333,3.3760736,25
b5d27f2ba209f1cea6093dd2,1.0074209,4.654712,9.762762,4.427604,1.4347352,9.024128,10.645497,8.586481,7.1549206,8.947953,2.836001,3.2929404,6.0978365,4.508065,3.3480546,36
b777c7d4d9f155f8960330b4,1.043421,4.188959,9.386852,4.6005836,0.66911757,8.476061,10.924461,9.0783415,7.097095,8.850081,2.4300153,3.0017025,5.7775793,4.702077,3.7355244,-1
b7b6cd14e5e741aa49c642fe,0.51377857,3.4739656,9.662408,5.4331217,1.3518207,8.416861,10.162607,9.503372,6.717889,8.720191,4.0584464,3.387726,5.0247025,3.955117,2.9977405,16
b92a9320a3d5840d66d7b5cb,1.2192763,3.391203,9.647809,3.8597634,1.0929542,7.9705367,10.849169,9.460975,6.478819,9.5077095,4.075924,3.7251053,4.8441534,5.531284,3.019588,22
b9c20ecf55d4116a820bc050,0.62284416,4.3516035,9.493925,4.6440125,0.931092,8.444546,10.57905,9.479746,6.7434545,9.485539,3.413374,3.2818074,5.95005,3.8739378,3.0377507,-1
bb48593b79c1bfd76957c0b4,1.3027418,4.536152,9.317269,3.6140532,1.2519466,8.510281,10.917516,9.285321,6.960309,8.462624,2.185447,2.7833784,6.7573905,4.8259296,4.0015287,32
bc483234a3524ae47f2fd263,1.2608912,3.478797,9.623481,3.669094,1.1553502,8.1573,10.60671,9.668245,6.301978,9.500383,4.1476984,3.6648407,5.006187,5.373947,2.9784565,22
bcb4eb6a5d19cbc5ce04a8e9,1.1554246,4.0608277,9.1363125,4.031284,0.2617311,8.748164,10.727841,9.592148,6.2008505,10.037602,3.3468616,2.9849172,5.899154,4.061417,3.0450993,11
bd56309e1122cb0750a6366d,1.2976307,4.155793,9.541338,3.9667194,1.024735,8.53844,9.876477,9.72199,6.267048,8.912153,2.6345346,2.6169655,6.160397,4.4627213,3.9700313,-1
bdaf43e9872ebe08004dc6f0,0.47831202,4.7972054,10.011885,4.923691,0.78640574,9.285917,9.794381,9.217261,6.876827,9.503122,3.0681214,3.6342223,5.885008,4.3482437,2.9769604,45
c03955c92981051d613ffd0f,0.8400372,4.4877067,9.310818,3.9175708,0.37347677,8.301407,11.683252,8.98151,6.749291,9.353195,2.750548,3.177246,5.5807467,4.4646797,3.2822478,25
c074094b31c5d3f48fb41168,2.0158823,4.2763805,9.034551,3.1308246,0.92292,8.616118,10.707877,9.822151,6.266591,9.544852,2.9445806,3.0770693,5.9858727,4.5591574,3.5141025,23
c165d65f2f6c5056ae6dbb12,1.1193401,3.419017,9.819691,3.8592768,1.2011667,8.039733,10.448779,9.610658,6.1873393,9.245672,3.9782987,3.6909502,4.915068,5.4544654,3.0454662,22
c2b798f6f1b2c471f8b006d2,0.62437797,4.2484493,9.552532,4.753663,1.1036001,8.423837,10.760773,9.374902,7.0942116,9.245412,3.4559393,3.4151697,6.0903234,4.0949283,3.0728838,35
c36ea7493f92ccd45956f506,1.2219517,3.550283,9.567767,3.6179872,1.0815657,8.0661745,10.7651,9.645099,6.401681,9.631168,4.1259975,3.6236558,5.0621934,5.37377,3.012473,22
c562d50a131358986855477a,1.1350372,3.387905,9.703649,3.7285955,1.1453748,7.9934506,10.7066,9.568313,6.3712907,9.425182,4.1250234,3.6582012,4.969561,5.547322,3.059311,22
c65bac6548d423e8eb25585c,0.93015796,4.360612,9.618679,4.894205,0.7877429,9.127605,10.206626,8.995198,6.756754,9.38179,2.9874985,3.3576941,5.59695,4.209515,3.1036952,46
c91a7e88ea4be59bf1350a4d,1.2835262,3.2721736,9.7773905,3.8999262,1.187622,7.9911923,10.59527,9.6085615,6.3125167,9.459203,4.2357087,3.8339708,4.7467217,5.596957,2.9161725,22
c91b03bdd2ea822edd1928ca,0.4974663,4.4929295,9.66817,4.535143,0.6585565,8.388247,10.868133,9.341797,6.8396993,9.412602,3.087467,3.5396562,5.6486583,4.3677177,3.071027,35
c98a929bd712816afa7cf8b1,1.907496,4.356006,8.952945,3.0455306,0.71956617,8.504031,10.925602,9.775637,6.336492,9.83185,2.997522,3.0557725,5.9675183,4.530682,3.4590318,23
c9be3659ca556424c99045c6,1.6152493,4.193759,9.35568,4.1172347,1.2435769,8.226808,9.797521,10.083918,6.5384674,9.352928,2.9818432,3.0781152,6.1503377,4.253974,3.736612,-1
c9fdd18a2f17ee7e9f45f6b9,0.8605214,4.2408047,9.775757,4.1720734,0.5136215,8.513147,10.002259,9.956371,6.1841455,10.529281,3.887021,3.8016953,5.243548,4.7921185,2.6788561,14
ca6bbb50e5b09fff0971e95d,1.044131,4.1600003,9.423336,4.5638895,1.2343268,8.662327,10.600328,8.924734,6.566167,9.266017,2.9370492,3.620955,5.208736,4.2565365,3.251248,50
cc1d3e01db76afb617af2d2b,1.4861827,4.0380864,9.603059,3.805863,0.9784591,8.2394285,9.7174015,9.992829,5.9389105,9.520016,3.037709,2.8810148,5.6733866,4.3046546,3.7900796,30
ce51793df076c3c6fc251cbb,1.608323,3.8385198,9.239347,3.9061317,0.4527299,8.269936,9.70804,10.438557,6.114166,9.787303,3.0019667,3.167881,5.716015,4.978094,3.5702553,27
ce6044e513521139ed9f87ab,1.4704381,3.8233109,9.369289,4.5821953,0.7144854,8.828214,10.926032,8.855235,6.7043977,9.477268,3.259887,3.2597558,5.447229,4.3991003,3.0884323,51
ceaba194fcb0a11ce0538415,1.4773251,3.826877,9.372202,4.5865197,0.71908516,8.832279,10.928223,8.843801,6.7034307,9.487988,3.260832,3.2728157,5.432041,4.3986387,3.078679,51
d04552a89c77ce0b9d33ab8e,1.2241944,3.5920186,9.547209,3.5775712,1.0642418,8.0205555,10.833326,9.638537,6.4477496,9.67583,4.107601,3.6064105,5.1051936,5.382826,3.0352473,22
d1cfb0e04ea23b19d611866b,1.0231029,4.489877,9.22232,4.1940565,0.77497107,8.133979,11.604117,8.915007,7.3204613,9.027401,2.3945951,3.1284585,5.853948,4.6742625,3.7061005,53
d1d03761fa4aacc5f476aa3b,2.0572684,4.2929115,8.868451,3.0434172,0.7385693,8.5505,10.8438425,9.839199,6.2273517,9.836144,2.9796753,3.066298,5.84119,4.478914,3.4556892,23
d1f87056fedb887ec0f448d1,0.93879706,4.3472776,9.561558,4.791875,0.6659383,9.100544,10.383317,8.929039,6.756602,9.397445,2.9789977,3.2612736,5.5561843,4.249024,3.110532,46
d511d6cd8958e16601cad050,0.92360795,4.5751605,9.348383,4.881857,0.4807283,8.371588,10.749676,9.300028,7.4350004,9.461339,2.3252976,3.3384273,5.8649254,4.7630577,3.6272085,41
d7e5ec721b05c50d6b8d9917,1.2363746,3.3132064,9.729301,3.805356,1.1653938,8.038431,10.49783,9.713325,6.258929,9.49338,4.2427826,3.718329,4.853184,5.4898643,2.9690862,22
d85b3166881012ac450d5296,1.338432,3.89321,9.448241,4.641195,0.85813713,8.693345,10.834407,8.821788,6.7376695,9.375462,3.2121973,3.3744037,5.214292,4.531829,3.1145139,51
d9041d61c88d5f9eb66370a3,1.1761267,4.324163,9.216971,3.8700643,0.94491374,8.1312685,10.715893,9.530623,6.588185,9.586393,3.0980742,3.026469,5.788024,4.263527,3.5249636,18
d9f87332f6bcfeed7b986882,1.4479167,3.9137075,8.760767,3.1171348,1.5753787,9.472821,10.81581,9.557004,7.1132197,9.163772,3.7039394,3.5835476,7.2882724,5.207459,3.0805123,7
dadbb6710b2cfcc34bf5fbdc,1.1153325,3.2819653,9.732623,3.8132463,1.164075,7.9741793,10.713126,9.526978,6.4173827,9.461723,4.247285,3.7029824,4.85313,5.6229544,3.0276117,22
dd0ea773657ec8443463b5ed,1.17118,3.931225,9.369179,4.560506,0.6514892,8.910605,10.888224,8.879334,6.576729,9.35826,3.1739912,3.2459176,5.423197,4.2618713,3.062164,51
dd72216afae148580e0805bb,1.0312209,4.140846,9.44167,4.5409193,1.426999,8.577421,10.624965,8.853221,6.522806,9.293203,3.0111005,3.7662816,4.9923153,4.21351,3.2132926,50
e0b63274400b1452a9b5f650,0.926124,4.3526654,9.608478,4.8840094,0.764348,9.139581,10.2361765,8.978388,6.7487526,9.3853655,2.9976978,3.334479,5.5974655,4.193983,3.094838,46
e1b5a77c302cffba09c680d4,1.2892439,3.93489,9.488925,4.6664147,0.90787625,8.668352,10.725754,8.877911,6.69362,9.347547,3.2022674,3.3862436,5.1801353,4.5021806,3.124615,51
e1d8e5f3df830909f4a88a21,1.5700221,3.6319423,9.508287,4.9774823,0.89811933,8.908811,10.535116,8.920151,7.04887,9.172058,3.0159993,3.5560071,5.4229198,5.044981,3.3564422,55
e6a65e1f103253c2c7f211c0,1.3330083,4.8601127,9.487192,4.9707403,0.4087403,9.008888,9.624043,9.720797,6.9406962,10.263238,2.7830648,3.4508057,5.736071,4.4253755,3.1699126,42
e7984e9a01763a9406c604d6,1.0901736,3.2901409,9.715221,3.8074806,1.1557937,7.9814234,10.7249975,9.524519,6.4414945,9.466004,4.243187,3.668053,4.890028,5.599074,3.056409,22
e7edb0aa0cbf8d8e1246f607,1.1699461,4.2360296,9.16652,3.8812594,0.9038321,8.098648,10.746852,9.5398445,6.4956803,9.615995,3.121325,3.0456746,5.6954336,4.2251816,3.4964385,18
ed2a2e013864579db3e18e68,1.7618937,3.9292004,9.557193,4.3685145,1.5625427,8.663021,10.286282,9.5725355,7.0731254,9.07036,3.5127742,3.3382351,6.4558077,4.4532504,3.337257,43
edc801f2d2639eb9a4d992be,1.18114,3.4641967,9.661477,3.7453845,1.1261194,8.087759,10.60104,9.654248,6.321832,9.497633,4.1390734,3.6256514,4.9659047,5.3791213,3.0214608,22
ee773f81b718709a0e23f120,0.5953304,4.7274613,9.956198,4.892819,0.77956384,9.254357,9.952713,9.129776,6.9093957,9.524906,3.04551,3.6761823,5.8146462,4.40178,2.9605227,45
eeb03859a5b4f20dc2a5b70f,0.5334585,4.2364817,9.559648,4.799612,1.0695775,8.380372,10.763049,9.402295,7.025266,9.27611,3.484576,3.4521706,5.987782,4.0337033,3.0249264,35
eebbf36420db1882d59d9d27,1.0857078,4.2391343,9.177457,3.8947718,0.8951484,7.99241,10.7940645,9.564285,6.5673227,9.635727,3.1751037,3.0526597,5.685169,4.266739,3.5038555,18
f025bfce08589c96cef1d026,1.1437348,3.4727297,9.801898,4.0962205,1.0649565,8.123634,10.258,9.735607,6.32706,9.514009,4.0749426,3.6838608,4.905607,5.3732233,3.0132012,22
f0b6b8147a3db52d30ef63f2,1.0896027,4.431062,10.051707,3.9299846,1.142372,8.257574,10.478505,9.268883,6.4810295,9.133535,2.8746278,3.297248,5.732218,4.8285465,3.5041227,19
f1546fd9c0292deb47b047cf,0.9387137,4.4059343,9.320648,4.160897,0.12214096,8.430881,11.27235,9.2153845,6.662711,9.713467,2.8160758,3.2449496,5.5604787,4.474558,3.197332,25
f188d62e785df2b9a924fdce,1.3744185,3.8769677,9.376435,4.623942,0.6759161,8.863704,10.869718,8.883068,6.6704125,9.490729,3.2459345,3.2587233,5.4414234,4.3381042,3.0632346,51
f28ab86df1441f6428314d98,1.0248281,4.4891057,9.221723,4.1872215,0.7717666,8.128288,11.619261,8.906533,7.313701,9.022722,2.3937643,3.1265838,5.8425794,4.6758137,3.7077925,53
f3117b78f15e806dc1f484ae,0.46346855,4.801252,10.016796,4.927221,0.79184055,9.299444,9.77928,9.217871,6.8744483,9.502217,3.0862403,3.6343489,5.879703,4.343193,2.9728065,45
f3155855d43a8b9645975a26,0.39219123,4.8532248,10.069242,4.9498105,0.75911343,9.325093,9.708764,9.25999,6.856939,9.516376,3.0792427,3.6497936,5.9169517,4.330259,2.9515743,45
f3c8758e8fe79e7cb26721a1,1.0643342,4.4063325,9.240401,3.9732237,0.78114814,8.007458,11.791524,8.81774,7.086783,8.889271,2.4572043,3.087273,5.5531726,4.7378945,3.710311,53
f5c6b08f556ed3f0ece0e92a,1.4822751,4.446476,9.162176,3.9296136,1.2230713,9.314421,10.955102,8.961625,7.3449116,8.788498,2.6105294,3.3228676,6.7954745,4.9986978,3.4536877,-1
f6376ff7c1a0c1bcba473a66,0.42928758,4.8269277,9.993011,4.944148,0.74992543,9.319166,9.741527,9.261333,6.8605614,9.525478,3.0883856,3.592982,5.904414,4.3071632,2.9811573,45
f64054d8b56d27b560f3943b,0.4083594,4.85769,10.043776,4.945621,0.7686574,9.336852,9.73327,9.232649,6.8820133,9.508374,3.0663893,3.6513674,5.9009933,4.331306,2.9567235,45
f66f198cb3d9fe6f7c342a67,1.0928606,4.191623,9.430701,4.6203203,0.71164817,8.514707,10.882994,9.0297575,7.0814567,8.784874,2.3669596,2.9826176,5.745882,4.706221,3.7638586,-1
f6a1fcc1b85f3f1c22d38403,1.2240185,3.55765,9.557241,3.6137726,1.0701934,8.066728,10.799446,9.623303,6.4198,9.649796,4.1212163,3.6240764,5.0583234,5.3800583,3.0123465,22
f72fe56137d92cd7f94335aa,0.93476653,4.119528,9.591613,5.0362473,0.709034,8.041797,10.393639,9.610957,7.3286343,9.623141,3.2553015,3.3305323,5.72579,4.791548,3.431811,39
f84ea7771a2723cd5168bbc9,1.2935566,4.208582,9.711278,4.645125,1.2961527,8.6102085,10.36912,9.374474,7.0438933,9.294038,3.4403045,3.3068535,6.21347,4.186974,3.211049,44
f8f0d3d2e67032c28c99fda4,0.88871694,3.8937495,9.21127,4.2133017,1.1126492,8.405728,11.1178055,9.286185,7.0628915,9.295633,3.442453,3.5915544,5.950506,4.784304,3.1725388,-1
f8f1b42799eddbc1c57197ad,1.0154988,4.498474,9.2159,4.188296,0.78586394,8.147161,11.599506,8.933063,7.3348913,9.029405,2.402587,3.1293945,5.884275,4.6579785,3.6929579,53
f98182de55041a60c890ee52,1.0123452,4.153815,9.437138,4.2793274,1.0120361,8.354591,10.917156,9.069184,6.550017,9.290039,3.1002588,3.3482847,5.387345,4.240532,3.2632563,18
fb5d77e16c36bd20d152808a,1.5963408,4.174413,9.371978,4.144381,1.251754,8.206878,9.772494,10.103934,6.517753,9.367063,3.0136688,3.0898726,6.1145196,4.2395387,3.7238493,-1
fb90f8e522c47cf0465b763f,1.5120957,4.9609175,9.758998,4.511931,1.2141882,9.367164,9.880809,9.502064,7.425519,9.214652,2.1193655,3.4299943,7.6539865,4.724262,3.5679283,5
fbebb8e373cf4c48d635b19e,0.26395857,4.9848537,10.142209,4.8905835,0.7882567,9.444418,9.647001,9.225701,6.8816075,9.444562,3.0471077,3.6850717,6.0003605,4.3790855,2.9380033,45
fcc04593d1a5a264daace136,1.4001509,3.8590431,9.515699,4.6186657,0.83254075,7.8580503,9.992453,10.169227,6.7121477,9.520491,3.2772481,2.7531486,6.091511,4.2659545,3.8447647,20
fcf82a17c88bcbd7f8fefd28,1.3730154,4.237072,9.569806,4.2169933,1.4491127,8.49702,11.289678,8.563508,7.0129366,9.156359,3.161168,3.6540244,5.3845973,4.753359,3.1473293,54
fd10fe58f9d02f6cb539103d,1.0769641,4.1718545,9.505435,4.7340617,0.69459385,9.022319,10.565832,8.851432,6.741894,9.3789625,3.0666487,3.253161,5.4546285,4.329671,3.102305,-1
fd455d5f69f033da3e3db828,1.9821781,4.392286,8.873368,3.067443,0.7782848,8.565099,10.904894,9.7431,6.3189607,9.824429,2.9165125,3.0433445,5.979174,4.4636197,3.4660623,23
fdb3c2227e7a333cfff33e9c,1.0926864,4.37054,9.20765,4.1348605,0.71106905,8.048703,11.693985,8.856477,7.2080517,9.051686,2.4462388,3.1186883,5.6541595,4.757594,3.718264,53
fed3e948cf7e807900da3322,1.2202624,3.5412984,9.555844,3.635042,1.0809205,8.105028,10.78311,9.607579,6.4117703,9.621918,4.1262264,3.6296883,5.0391374,5.3735914,3.000962,22
ffa994ac7160a28de299906c,1.2241734,3.4266057,9.66121,3.668668,1.1349721,8.033748,10.596265,9.734341,6.3004,9.564237,4.223669,3.67906,4.9712124,5.4646826,2.9794185,22
12971227109ea875d3b8ab88,1.152592,3.5837314,9.667307,4.9683013,1.5770854,8.191179,9.7366085,9.751255,6.6407256,8.794202,3.7681596,3.179292,5.1441345,4.291238,3.4989388,15
1915659eb7ba4ad925c271e6,1.1472452,4.0398264,9.499335,4.9419937,1.0534692,8.324787,10.612712,9.071507,7.088344,9.421776,2.8473642,3.6324797,5.518809,4.7406497,3.4782467,55
1cb96800dccf0ddd749d88e6,1.3469425,3.9555156,8.819176,3.2156298,1.4754367,9.47062,10.652925,9.66893,7.0102606,9.240445,3.6667743,3.5747666,7.2192345,5.1733384,3.0711057,7
2035a80c32240a32d6b3f64a,1.2142525,4.5137973,9.277018,3.5795767,1.0677946,8.7716675,10.312237,9.773762,6.692937,9.200325,2.7974567,2.8155758,7.042433,4.4782352,3.6757395,29
2d9c815f26ffd00af876fb0f,1.4268112,4.009771,9.109852,4.598261,0.20286547,8.010654,10.032524,10.296726,6.839952,10.351529,3.1393518,3.307257,5.874311,4.846159,3.4314394,47
3ae70b1ada20eb69d59a4319,0.9580327,3.6260576,9.313356,4.703888,-0.0017815329,7.9676223,9.759413,10.445286,6.403115,10.010996,3.1418674,3.142888,5.793678,4.851089,3.5813048,38
581255e3fce1408d81ca92d2,0.54813904,4.183143,9.598628,4.880815,1.1643124,8.391847,10.734584,9.361619,7.0281463,9.2061405,3.4931388,3.5484912,5.8719945,4.0678835,3.0064895,35
5f4ce956738cf25b1126c2c6,1.4427617,4.5114694,9.326884,3.761286,1.3891096,9.211999,10.041569,9.570669,6.869403,8.563739,2.4433546,2.8087165,7.263896,4.656704,3.8380947,34
61ea63ed5cd57d3b191b82a8,0.9513327,3.6238575,9.326515,4.72215,0.0038985147,7.953743,9.768645,10.434187,6.414064,10.001597,3.149358,3.1536837,5.7784653,4.8561316,3.576504,38
6b3d9dcf5f73633e42ab395a,0.95564437,3.6181483,9.319551,4.69642,0.0010587195,7.9640646,9.771695,10.445137,6.391798,10.007984,3.1574554,3.145235,5.785706,4.848973,3.5642173,38
772f881e3868c690890e67c1,1.5030282,4.94687,9.746347,4.450754,1.2482513,9.36795,9.921084,9.48825,7.412235,9.149792,2.1291182,3.4055483,7.664736,4.730753,3.5766516,5
8155ca030f639455fb2b4f32,0.9583392,4.4982395,9.629929,4.8788114,0.6766099,8.931203,9.975756,9.33049,6.6966186,9.66606,3.042608,3.2445927,5.730044,4.105044,3.1434548,-1
83baa21320ff7d4ad9ca6977,1.8565646,4.2385397,9.0253315,3.1623373,0.7911194,8.466331,10.813842,9.8058195,6.282123,9.821145,3.153227,3.1547487,5.8348923,4.5947075,3.383396,23
899a6a2584defba083f2dece,1.5827616,3.87217,9.330315,4.0467095,1.4382641,8.560336,10.8171425,9.0710745,6.7376657,8.67259,2.8025877,3.0567293,6.0747285,4.4791746,3.7639124,-1
94e890862d5cd08006def2ba,0.99382395,4.3536863,9.687995,4.3729753,0.58247614,8.519225,9.881179,9.828041,6.2940965,10.160995,3.414832,3.4145474,5.470924,4.464467,3.0697067,14
95c37cd34f394f7627e65432,1.5635926,3.909451,9.329833,3.9954078,1.4380721,8.587163,10.789231,9.100136,6.7108173,8.697037,2.8062704,3.0559814,6.1060214,4.464753,3.7478848,-1
99dbcd73498b066647addb4e,1.7004479,4.0979266,9.0475025,3.942896,0.7202034,8.127037,10.335173,10.096278,6.5277686,9.818405,3.0817811,3.0915914,5.8359256,4.4503455,3.5814934,-1
b46a474e9020bf9bd9fe56f8,1.3610433,3.7981737,9.629524,5.0363426,1.227209,8.678058,10.222767,9.246353,7.073767,8.769381,3.030241,3.3475063,5.524423,4.686238,3.578785,-1
c465d8e9f366d89b946abe51,0.99419075,4.374721,9.672143,4.426705,0.5792503,8.520772,9.866753,9.822295,6.3270864,10.136419,3.3739393,3.377717,5.4955873,4.417001,3.0980597,14
ce30ef86b4fd2789602071c2,1.121342,4.454386,9.213337,4.2297387,0.8232949,8.233151,11.518248,8.893557,7.357986,9.045577,2.4098468,3.1615355,5.873924,4.7216616,3.7035537,53
eaeeb5077117b7b6f96029f8,1.1377794,4.2828465,9.233547,4.166063,0.6717063,8.498451,10.250652,9.641152,6.457899,8.892225,2.347211,2.6896749,5.990848,4.3336453,3.8354213,24
f616a5c53613b8776911af6b,1.4007758,3.8458357,9.382146,4.6292877,0.75104463,8.649174,11.043752,8.819175,6.890757,9.418454,3.182796,3.3690088,5.3394413,4.639032,3.159944,51
fccebf7526847ff3ea33073d,0.10398675,3.7324595,10.173082,5.9139857,1.7682195,8.503238,9.094402,9.4720955,6.9087124,8.073922,4.043362,2.7885299,5.4355907,3.959674,3.4547794,4
00fb57fb8af6c8b1321fe950,1.1651793,4.0758986,9.257993,4.3085833,0.8629461,8.158138,11.510394,8.81451,7.135875,9.16232,2.8297439,3.264005,5.4735694,4.764253,3.52859,52
084fb5e662844ed66c6cdb9f,0.3013695,4.960775,10.085754,5.0167966,0.6783519,9.393403,9.653896,9.264707,6.937738,9.562372,3.0163841,3.7324195,5.9147573,4.3163695,2.894042,45
0b861cd5623e0f3fd3117baa,1.2169737,4.301188,9.189586,3.8549893,1.1159674,8.584191,10.098488,9.83863,6.6090584,8.81547,2.586671,2.6872766,6.7618456,4.4256763,3.8699944,29
0fcd7455bccdccfc3f9a75d7,0.33332372,4.9654245,10.0819025,4.9718776,0.73247725,9.432536,9.616371,9.25269,6.935611,9.483108,2.9738321,3.6700284,5.983277,4.299722,2.951103,45
10e669c4f913e0318d3e5439,2.1069982,4.7608724,8.727628,3.0328639,0.64348704,8.755501,10.872473,9.825936,6.5316358,9.927886,2.5141532,2.9348407,6.321374,4.5137515,3.603407,-1
165775fe800a1001d7af6b67,1.0130384,4.5027018,9.221535,4.1790705,0.77367365,8.116306,11.629248,8.9102545,7.320934,9.015178,2.378702,3.117682,5.8514557,4.6646667,3.7136178,53
184b42a3a893565f2030f08b,0.9230235,4.581828,9.360416,4.8845353,0.47797137,8.39501,10.686756,9.337885,7.404569,9.487089,2.3363557,3.346598,5.875193,4.7554917,3.61486,41
1b92bfe73dc958264eccb094,1.457235,3.7270753,9.452389,3.447746,1.210865,8.472182,10.803002,9.476136,6.2909894,9.376315,3.8590646,3.598249,5.1707416,5.1296988,3.0322142,21
1bf347004c2bd4756d730379,1.6133492,4.5287,9.336061,3.651149,1.3712851,9.212895,10.154422,9.546204,6.87553,8.405399,2.2434669,2.7765067,7.3504987,4.8672957,3.939459,34
1e36180bf2fe653fa94d58fc,1.2663183,3.9541934,9.332419,4.4805737,1.0451697,8.479264,11.340135,8.685681,7.105973,9.188819,3.0667517,3.4767094,5.4279222,4.7436852,3.302194,54
27cf12f8dd438d1bb5edfa20,1.4642048,4.599524,9.365235,3.8440082,1.1397432,8.604337,10.948096,9.13064,7.0829325,9.137687,2.5693598,2.977294,6.4853373,4.58498,3.7164104,12
2cb4ea5ec1e9935b57ce80d1,1.2659127,3.7183914,9.461148,3.5311756,0.98112816,8.071584,10.830337,9.686658,6.4501467,9.77398,3.9773946,3.5287936,5.251654,5.246423,3.0840504,22
2f697ac518c01e29ea61eb40,1.4077075,3.6178474,9.404102,3.9207265,0.4279512,8.081697,9.527708,10.53962,5.941251,9.777021,3.2036421,3.162044,5.662369,5.110012,3.6100087,27
3221c436a0afced2c12cb354,1.114797,4.423886,9.497874,4.3390937,0.9502121,8.462649,11.04674,8.923215,7.1194367,8.539582,2.1828034,2.8886807,6.025927,4.662585,3.8811014,-1
3498c86bd7411c2208421e14,1.4035579,4.0307207,9.1023855,4.541459,0.22628307,7.9889817,10.071244,10.302518,6.819801,10.301898,3.107095,3.266098,5.933962,4.822357,3.4747038,47
374dd2009038cd1e1d3e5c52,2.0616193,4.115768,9.299822,4.143457,1.3258315,9.061479,10.212873,9.684258,6.7152,9.202909,3.2014132,3.625749,5.660702,4.5707927,3.1345806,9
37dd6b14c931b37190e3e698,1.0618469,4.2963963,9.231152,4.352494,0.811569,8.05957,11.5056715,8.896658,7.2339363,9.144246,2.5540683,3.241808,5.5498347,4.689858,3.674122,53
3860538d8c6ea9bfdff93e94,1.8760059,4.936621,8.763451,3.723501,0.45788825,9.03244,10.232739,9.949217,6.9266033,9.718346,2.031395,2.8764768,6.792445,4.6759,3.692845,3
39fa34c3641d435c28334298,1.0450748,3.8365161,9.40311,4.274832,0.9698082,8.896661,10.96945,8.790577,6.4643545,8.919994,3.1412907,3.3587372,5.3296223,4.484708,3.119124,-1
44f89553210631841101723d,1.060426,4.1869392,9.491842,4.5283446,1.1141334,8.468253,10.562623,9.090356,6.490618,9.511359,2.9898002,3.7296257,5.0907955,4.4125915,3.193182,50
4569e4be621058f2817a8628,1.3111101,3.9308634,9.045,4.341195,0.13325709,8.017634,10.194595,10.268321,6.5651836,10.099492,2.999951,3.1090577,5.9292994,4.6925077,3.5262253,47
49540ba3a884bac74f79959d,1.0571188,4.4361916,9.77701,4.8376317,0.99859107,8.694875,10.134265,9.325331,6.9073896,9.513206,3.0038795,3.5538073,5.8030825,4.4602885,3.2239516,-1
4a45ab781438abaeaaded1e9,1.0507104,3.7543764,9.183099,4.512609,0.941404,8.517972,11.065031,9.140125,7.283501,9.323654,3.3183684,3.4808755,6.063561,4.78939,3.3149912,-1
4b6d2441af6a817033ca01c5,1.4354329,3.881851,8.816476,3.1428301,1.492376,9.422693,10.697341,9.673522,6.98384,9.278813,3.754628,3.6155074,7.111299,5.243457,3.0486364,7
4fbe004389eeee902d7da197,0.31852016,4.9240026,10.092232,4.931494,0.76787406,9.38467,9.683612,9.241364,6.87547,9.48814,3.079934,3.6897943,5.9150386,4.3616323,2.9274604,45
5110980b967fbef8c788a773,1.0095307,3.8102112,9.440553,4.2740974,0.98930746,8.883775,10.943567,8.795237,6.4411364,8.894517,3.1731427,3.3720002,5.311519,4.517605,3.1018283,-1
539c34ec6897727c8e4f65f4,1.1611001,3.9311335,9.365014,4.553715,0.662504,8.927231,10.900609,8.8669195,6.5786233,9.311875,3.1547785,3.2250826,5.445004,4.249324,3.0794926,51
53e0cdb5d7ec0c715ac87d03,1.204851,4.04596,9.277283,3.5391777,0.8309237,8.2021265,11.046375,9.601164,6.738309,9.873649,3.6515152,3.4519567,5.7300763,5.0351377,3.1572807,22
5885b6433da886c063fdd8e7,0.83946383,4.4462943,9.323255,3.9636633,0.2556593,8.461112,11.516721,9.047851,6.620208,9.521757,2.8564417,3.1938431,5.6079793,4.364711,3.1604288,25
5a02c9f1a1fd706e74fc6282,1.2667097,3.2785802,9.794697,3.9051073,1.2059765,7.989672,10.608419,9.582345,6.32577,9.4554825,4.2538123,3.8400195,4.711633,5.610694,2.9105551,22
5b31d8b955895d0279d48776,0.83452564,4.161949,9.523925,3.9675267,0.47764915,8.596379,10.697023,9.602336,6.3961315,9.655522,3.4492936,3.4305768,5.565961,4.7504253,2.9594877,25
606f19da12d281b7e077c56e,1.0687243,4.3335066,10.014047,3.8225381,1.0789354,8.144122,10.6178055,9.2745075,6.4014506,9.097511,2.8804677,3.329599,5.578879,4.9690146,3.487026,19
62a3c74229ab3c9f2a5f92e8,0.31494796,4.955324,10.082438,5.011657,0.6825043,9.390468,9.656074,9.260426,6.932097,9.563115,3.0148618,3.7277367,5.8993726,4.310152,2.900332,45
62aa07fcbb3f8e8b63ddc4d8,1.1687037,4.5286674,9.740906,4.4072733,1.5548683,8.792563,10.94501,8.529703,7.263566,8.823723,2.8492346,3.3207412,6.104679,4.524378,3.4057827,36
636aa5ec3e821b5760584ecf,1.4957131,4.9231954,9.733242,4.419634,1.2580271,9.351664,9.945833,9.486145,7.3950915,9.130318,2.1549265,3.396855,7.643751,4.7439427,3.5769978,5
669a21ed6694827f367180c8,1.167853,4.52844,9.708845,4.3651624,1.5281198,8.737036,11.014947,8.532416,7.265062,8.810784,2.815651,3.3006165,6.096396,4.5407095,3.4345539,36
695a12298f974afa27e46bd2,1.1764731,4.5984535,9.539094,4.8963118,0.5331545,8.8648,9.745386,9.628199,6.889016,9.955671,2.958976,3.336702,5.6625857,4.535569,3.260586,-1
6baec1cd34e678ecfb45fcc3,1.4214532,3.8461373,8.843967,3.1324391,1.4854207,9.393338,10.694781,9.659514,6.961879,9.287152,3.8035026,3.6196744,7.0618176,5.294272,3.0408456,7
6defc6e0a7db0a0a87b3ec20,1.7045053,3.4778957,9.443693,4.2129903,1.5061744,8.465468,10.268304,9.670666,7.1888347,9.18039,3.9039483,3.5797417,6.1770587,5.34082,3.2725232,40
74c72f9e941b9f2bf4607a1e,0.94433373,4.0291,9.46519,4.804506,1.0979674,8.536139,10.724637,9.04663,6.9787927,9.283485,3.1314714,3.6193266,5.5466876,4.509724,3.2084434,-1
76edae70a21c3eae93b6bb74,0.75483876,4.453527,9.414381,3.9869123,0.3310325,8.431644,11.400775,9.149987,6.622974,9.535191,2.9768808,3.2919576,5.5958323,4.431695,3.0964816,25
77f78b72ae6df30f7ee619ce,1.0845244,4.2371264,9.1656885,3.8866265,0.8997491,7.978655,10.817442,9.566202,6.5832653,9.645263,3.1872709,3.0599213,5.6909604,4.273695,3.4999838,18
82aef3eee481d9c4794b66c2,1.1723336,3.578233,9.673493,4.9181647,1.5807874,8.249449,9.843039,9.654658,6.656273,8.775149,3.7583878,3.2475207,5.1070867,4.38922,3.463394,15
891ad733771402d7c440c50e,0.3022255,4.9685073,10.095334,4.9987645,0.6966055,9.405544,9.643482,9.258217,6.927487,9.542525,3.0127852,3.720782,5.9248815,4.3169117,2.9061823,45
89395e6bd102f42bc3d03dea,0.82775533,4.497199,9.320621,3.9036129,0.25450972,8.402705,11.589269,9.058241,6.6464124,9.496328,2.8096344,3.1868446,5.6107974,4.41206,3.1945355,25
8f7b943b4b13bfa06fe5b3be,1.501493,3.8386948,9.512112,4.6118126,0.9899998,7.7174983,9.952043,10.235316,6.788726,9.448517,3.2599268,2.8401642,6.0419583,4.3327813,3.906948,20
9539ccda042bebe20d8ded24,1.0810226,4.3943133,9.228373,4.004641,0.729397,8.018134,11.722527,8.862508,7.1194415,8.981559,2.4444337,3.0630226,5.6405187,4.7636633,3.7331991,53
95b9b35e32c0db7f8b03fc53,1.9461296,4.298984,8.963123,3.1230478,0.76641953,8.522879,10.867395,9.777621,6.259331,9.758583,2.986247,3.0704122,5.868854,4.4802713,3.4536493,23
9b3e5e9c40188af9d6541529,1.1109082,4.0646515,9.349051,4.1794267,0.94028753,8.494719,11.167636,8.836684,6.615403,9.04599,2.954579,3.1933706,5.3624916,4.372097,3.3641243,-1
9dad456413244ee4f5cdc3b8,1.3772955,4.490169,9.399689,4.288757,0.9436441,9.137795,10.919644,8.748337,7.221339,8.751774,2.3157997,3.2095098,6.301283,4.906705,3.5405576,56
9fa5c18aece07bfeb569b8b9,1.5241386,3.8176897,9.527187,4.6247153,1.0358148,7.6897645,9.943851,10.239644,6.8139143,9.402528,3.2714827,2.8182802,6.062738,4.333316,3.9396765,20
a7a732431f2f0793d13e7e1a,1.1706798,3.9206333,9.356957,4.530651,0.6842907,8.933554,10.910655,8.852045,6.5692415,9.292057,3.1537464,3.2304556,5.4286,4.2627397,3.084138,51
aed71b0d0f54fd6c33a0771b,2.108206,4.7586746,8.726702,3.0291915,0.64235616,8.751687,10.873738,9.82807,6.5278254,9.930542,2.5168881,2.933898,6.317621,4.5134196,3.603645,-1
b21ac410829ecc97db608410,1.2722522,4.0573564,9.267582,3.4400074,0.8337489,8.191604,10.962705,9.696272,6.6202564,9.903153,3.6372716,3.3798056,5.7478027,4.959461,3.2008734,22
b460ee73f075ce53c4ade002,0.84664524,4.5397277,9.77343,4.210305,1.2416748,9.0588665,9.706743,9.395714,6.590089,8.609998,2.6358862,2.642375,6.4415092,4.438157,3.887688,26
bad96746a2bcb76335c51fbe,1.4739962,4.5956283,9.370982,4.3232594,0.96120405,9.364413,11.043188,8.544163,7.3729296,8.577394,2.104746,3.1732802,6.3874707,4.9465995,3.6036837,56
bae6ceca2c306a3650b03da8,1.3112487,3.9156582,9.388594,4.6402955,0.8475522,8.407479,11.2289295,8.768861,7.1210527,9.30515,2.9691172,3.4694557,5.364995,4.8630757,3.3479018,54
bcb7c5e7c2bc7198f582a1ca,1.2652141,3.2748315,9.765546,3.8805947,1.176592,7.9881,10.640184,9.575602,6.33092,9.467385,4.231927,3.8230808,4.745219,5.60569,2.9237974,22
c2358e638ab8767804311d80,1.0350889,4.4680505,9.224019,4.103692,0.74217963,8.021789,11.736562,8.813593,7.20815,8.949471,2.3386946,3.0650144,5.6919603,4.7087884,3.7877524,53
c3b92adb2cb7493588d8d019,1.3117661,4.0740137,9.4915695,4.4378295,1.2705264,8.6739645,11.214166,8.56548,7.070303,9.097681,3.1434329,3.5214934,5.5234466,4.6908045,3.1868448,54
c40a86301287d666c99bdda1,1.4947927,4.586116,9.377903,4.3224416,0.99742436,9.395568,11.051363,8.512736,7.3845305,8.550612,2.124515,3.18413,6.3774977,4.953972,3.5884342,56
c901d2a3399c3cef3d3280e1,1.4259461,3.9028804,9.432426,4.906493,0.88680285,8.556934,10.775583,8.918951,7.1081667,9.422003,2.8489296,3.624962,5.4261355,4.878728,3.3857536,55
caea70b693a29b676adb15e3,1.2939595,3.9059477,9.380816,4.5888176,0.88477296,8.3943205,11.251477,8.764699,7.0962763,9.302288,3.043369,3.4582808,5.3535953,4.8254147,3.3160133,54
cb93eaa9fa7545f54ebe4b91,1.4760705,4.595765,9.368791,4.3236446,0.9586534,9.370206,11.04201,8.544349,7.373913,8.571867,2.0996954,3.1702182,6.389431,4.9487805,3.606208,56
d2f9e71fda6550825f5e7e3c,2.017438,4.361391,8.904621,3.0339844,0.73804337,8.550636,10.879408,9.82037,6.270547,9.799534,2.9181573,3.0405927,5.925508,4.506472,3.496342,23
da3a42a57383933c92603e2f,1.082749,3.2861953,9.744192,3.8101988,1.1401879,7.9649034,10.701931,9.534704,6.3949146,9.447774,4.2153273,3.6849303,4.876804,5.6193233,3.0323205,22
da6e59ac34293f893a4836db,0.7155508,4.5493546,9.893635,4.3929834,1.2045029,9.0287,9.6329365,9.356469,6.639505,8.647324,2.7262166,2.7033904,6.319879,4.4179387,3.8192863,26
db60863dde4d36d8bca9b855,1.9254355,4.043564,9.105069,4.0119176,1.2092113,9.90621,9.736295,9.722816,6.549524,9.284299,3.207438,3.751953,5.600184,5.0454917,3.0483923,10
dd49be3e1957171996060ede,0.73313487,4.4939137,9.593336,4.0910363,0.6847076,8.551168,10.828464,9.401331,6.672455,9.619805,3.209574,3.3536527,5.8825974,4.5135403,3.0816417,-1
e15bd65cb92b62e0d1650953,1.038286,3.8222477,9.401704,4.29364,0.98471236,8.913472,10.938007,8.794005,6.4574714,8.92452,3.139525,3.3841724,5.3247957,4.4924083,3.1161883,-1
e1bbe456dcc620bcc6686925,1.672203,3.5929294,9.452335,4.3473506,1.4213332,8.495347,10.21546,9.623754,7.135643,9.180624,3.7083857,3.4666445,6.09791,5.1431236,3.3481226,40
e65a2ee778b3079786cddb90,1.263925,4.259438,9.245631,4.0623593,0.72356653,8.076637,10.613833,9.77075,6.823353,10.049933,3.334668,3.2579925,5.87399,4.6035905,3.3578172,-1
ec2f07993c7768bfa7ad4d40,1.2685915,3.2873304,9.776649,3.8389208,1.211024,8.001693,10.500378,9.727872,6.237958,9.447888,4.2967057,3.7809668,4.796984,5.5314755,2.9221327,22
ecdf3f90ffa72e1c4612ede0,1.275914,3.267918,9.770947,3.9026492,1.1535261,7.9822974,10.671518,9.551692,6.327583,9.480912,4.215858,3.8561683,4.7052217,5.618925,2.8934538,22
fa78721bae66f7d05f8115b5,1.452488,3.854322,8.785293,3.1054013,1.5160338,9.449587,10.724705,9.6697235,7.0083284,9.292407,3.7946396,3.645304,7.1432986,5.2799273,3.0224063,7
fc2ba9e35bded2220de1cae9,1.072362,4.0876374,9.379348,4.593759,1.3909279,8.577991,10.689658,8.8818445,6.610666,9.265884,3.0199883,3.7442834,5.0768456,4.287392,3.2462227,50
fc8c43759729d9027fb5496c,1.3748994,4.5064945,9.7566,4.965356,1.015628,8.702149,10.142698,9.324318,7.145329,9.404799,2.5459611,3.462011,6.0869446,4.5427527,3.5247476,37
044759339a4272bb2f6cd1c1,1.4202185,4.5291705,9.350816,3.7932887,1.4228493,9.253829,10.063437,9.512545,6.9142346,8.524272,2.4320333,2.8267572,7.2879176,4.6581745,3.8293793,34
0676f180e7338c5235269761,1.0722016,4.6066084,9.764865,4.432708,1.5300181,8.983076,10.809363,8.46334,7.2178764,8.868675,2.8356564,3.3447812,6.0539236,4.5357604,3.3435926,36
08444ac424c212bdb1d24a5e,1.0540442,4.1843314,9.491508,4.5468636,1.0995121,8.452106,10.568332,9.099872,6.5040517,9.509148,2.9850233,3.7232568,5.102553,4.4200716,3.2011428,50
0cf7790401f14f71dbc7e492,1.5227042,4.9560604,9.748788,4.4969907,1.2117102,9.355404,9.88803,9.512101,7.4174786,9.200068,2.1228154,3.4182317,7.6410975,4.739831,3.5583389,5
0d7e65f767b29ff3bb30da77,1.4830855,4.5623193,9.809344,5.0123396,1.0440626,8.743619,10.039679,9.403568,7.175763,9.542589,2.5566335,3.3896935,6.3580894,4.461253,3.5418282,37
162805d5304f7925ab45065b,1.2593682,3.2220802,9.793247,4.0459137,1.290969,7.947908,10.350233,9.785616,6.3620634,9.345743,4.3353877,3.7455363,4.892246,5.500904,2.9965067,22
17c335d4cff15ca96270f7c9,1.5099918,3.851269,9.391314,3.3750243,1.185974,8.567725,10.824618,9.47644,6.3133345,9.399917,3.7533867,3.5466607,5.323073,5.033345,3.0694814,21
1f34db77ac9affd8b128d0d2,1.0701675,4.451368,9.207795,4.216958,0.77071345,8.091531,11.677855,8.821674,7.333406,8.977908,2.3247578,3.122966,5.754505,4.7374787,3.7812786,53
20513f5c69fa524af5eac092,1.2694483,4.284409,9.8668995,4.6658554,1.5633273,8.739904,10.27931,9.16178,7.198926,9.0449295,3.4547899,3.192676,6.4213734,4.190514,3.2772486,44
234bed51e1de002c57e7065d,1.5065185,4.6405506,9.821517,5.075921,1.0015322,8.784883,9.958496,9.476481,7.215062,9.694111,2.531696,3.3823595,6.530245,4.4266653,3.5359693,37
2c6e4a46c87f975aa6e93388,1.3231307,4.016601,9.731394,3.9507182,1.1064866,8.379151,9.734115,9.768679,6.079525,9.039459,2.8517108,2.6305442,5.953024,4.477654,3.9847436,30
2fb38af68e7beb76098ac0c7,1.216478,4.289063,9.188147,3.8653557,1.1081313,8.573659,10.090721,9.84618,6.6013126,8.816727,2.590348,2.6844716,6.745845,4.42264,3.8707674,29
307eaef078a89008ab9f175e,1.2760068,3.8332567,9.330457,4.498154,1.0446585,8.94816,10.835066,8.809771,6.6406465,9.121806,3.0350332,3.5038695,5.378105,4.516693,3.1965516,54
342760289f3be5396b823be9,1.3671838,3.9871874,9.56507,4.3668923,1.4037132,8.598738,11.101245,8.6413965,7.093164,9.066108,3.2936487,3.5884042,5.539401,4.8998117,3.1836958,54
34fc287da7f1ac8cdddc13b3,0.6177387,4.256602,9.555206,4.7462797,1.1055104,8.422561,10.771236,9.372967,7.0981355,9.240398,3.4546392,3.4139948,6.1002817,4.093265,3.071561,35
3aa76424d3b7b42148c39d3a,1.8474367,4.298412,8.969379,3.0969818,0.7518798,8.452629,10.926049,9.783916,6.36053,9.861742,3.1341643,3.1550052,5.8798256,4.6255293,3.3837235,23
3c8ca3a82a1860884b14acc5,1.2003185,3.4719007,9.750106,3.7220151,1.2158656,8.067434,10.586931,9.534918,6.225421,9.322654,3.9613926,3.60107,4.9754434,5.3381166,3.1238506,22
3f284cbd776af357b9ecf87e,1.5161484,4.969417,9.765263,4.5064406,1.2123181,9.369133,9.882221,9.5052185,7.433058,9.207782,2.1098943,3.4311554,7.6491456,4.722948,3.563064,5
40ecb86d30384916bf56c74c,0.9216128,4.140629,9.60786,5.037107,0.7512745,8.00227,10.481016,9.580469,7.3662014,9.645077,3.3015087,3.4165833,5.7012763,4.779959,3.3577664,39
480f552dcce4ee9ac745e3d6,0.9667867,4.1876884,9.427024,4.720187,1.3748488,8.539543,10.644452,8.921902,6.7291036,9.300408,2.9789267,3.776795,5.1462054,4.253159,3.260046,50
48c0b1d6302ffad07438a3f5,1.309944,3.4005442,9.730826,3.9808688,1.242043,8.104398,10.66527,9.457094,6.3922653,9.433578,4.132673,3.790448,4.861707,5.3502855,2.919791,22
4bf8f8cce703c07545eff468,0.87444484,3.644337,9.895654,4.2836876,0.9534675,8.244991,10.101108,9.5673685,6.087701,9.295639,3.5716848,3.6757734,4.8738837,5.1885366,3.0603263,-1
4f81c333b8cbda4be18f04c1,0.930277,4.4763255,9.325625,3.9781172,0.81315845,8.191411,11.860526,8.826938,7.0582166,8.957464,2.7179484,3.246055,5.630622,4.612382,3.3961673,53
51226bd8a1aa392d27e40ab5,1.2443458,4.3197985,9.663054,4.788042,0.77952355,8.429555,9.976646,9.649534,6.8152876,9.704756,2.747765,3.5742643,5.874013,4.643218,3.448313,-1
53deae9b81283256b3d62dc3,1.3631767,4.345961,9.5408,4.18279,1.3973547,8.458582,11.335731,8.570411,7.023458,9.174745,3.0492065,3.6056652,5.4048815,4.6932826,3.1984365,54
5645647527481f609ff8a8f3,1.0959114,4.072358,9.351181,4.111657,1.1233985,8.160745,10.893191,9.152072,6.44344,9.161715,3.0265229,3.2054448,5.348593,4.234356,3.4663713,18
56878dd5fe331308611f6dee,1.7925997,4.311833,9.4544,4.294087,1.270842,8.956599,10.371813,9.406969,6.713851,9.375627,3.1026373,3.7649198,5.4355946,4.533656,3.0508938,9
5dbd5dcf078fd95583d97701,0.93340415,4.4705315,9.332535,4.002544,0.28998464,8.824533,11.452077,8.936536,6.6337614,9.454105,2.805256,3.2230277,5.859597,4.327308,3.0567198,25
60e26229303792292888c8c9,1.4566522,3.888472,9.40095,4.8290553,0.8757576,8.596927,10.810665,8.901946,7.0384655,9.428099,2.8786347,3.5900726,5.4004183,4.829094,3.3623629,55
65575128024a82caa50ceb04,1.1094179,4.58836,9.761333,4.423468,1.5529398,8.940033,10.873372,8.45033,7.247474,8.84821,2.8391466,3.3549309,6.070042,4.5483427,3.3507626,36
69dbae7d167fc17aa74252ba,0.41228014,3.9406674,9.595016,4.9907203,1.1458867,8.251037,10.732928,9.455629,6.9456105,9.152012,3.7658942,3.580222,5.5464272,4.092243,2.925957,35
6b24f5a1da062803d278687b,1.5040532,4.4052467,9.118024,3.653868,0.85919046,8.219283,10.730667,9.630036,6.581952,9.772262,3.0037014,3.0105667,5.883717,4.3402085,3.561158,18
6e0f5239388f5d3e36e32f80,1.0149333,4.5000124,9.296544,4.3093705,0.8012596,8.426774,11.38444,9.026468,7.334433,9.034382,2.5929139,3.227151,6.0575757,4.653417,3.5075068,-1
6e253afea41e502b5a57c96b,1.4882069,3.7958362,9.342658,4.0500474,0.98264444,8.59464,10.919011,9.056766,6.422088,9.340637,3.3499994,3.2689795,5.315089,4.4839473,3.2141013,-1
6f6e04b7757066ab6c2e39e4,1.057897,3.6752234,9.126418,4.5435176,0.8921595,8.553714,10.976491,9.237183,7.3291287,9.371885,3.354286,3.453356,6.215415,4.835812,3.3471012,-1
717ea5b7d58d57f7b1b1da53,0.83598125,4.6242514,9.478876,5.0263467,0.4543186,8.728381,10.342457,9.3353615,7.308993,9.578705,2.4801142,3.3869245,5.934497,4.62126,3.4324832,41
717fb518ba36760bf8816eef,0.48251608,3.8522568,9.567199,5.027088,1.1782671,8.261642,10.736752,9.387669,6.949364,9.087967,3.7537506,3.5651205,5.441252,4.141744,2.969996,35
7be749b02a91bbb23749ffe2,1.4959204,4.925039,9.724452,4.4098053,1.2665199,9.351622,9.9552145,9.477069,7.392155,9.111334,2.1508245,3.3807707,7.6445556,4.733838,3.5820637,5
7f966e6abbe44d95687c9b41,1.4994793,3.9095314,9.347122,4.0239463,1.4003825,8.5050955,10.778635,9.105021,6.639215,8.764527,2.8492773,3.0863233,5.9325147,4.431994,3.7147326,-1
8147b7b2181996ff521047df,0.7888672,3.919049,9.658233,4.8357286,0.5877908,8.246222,9.880501,9.9186,6.5851626,9.662435,3.510307,3.2934237,5.3573813,4.6025,3.2674224,13
848d42c4bd8c5baf81e958c2,1.0645132,4.2821336,9.237766,4.380481,0.79809093,8.04621,11.504093,8.900612,7.2613945,9.147692,2.558442,3.2342575,5.5569787,4.708955,3.6851392,53
85126ecfd96b06db69476688,1.385777,3.7629557,9.5961895,4.358214,1.1205661,8.27107,10.197363,9.665786,6.5591545,9.43976,3.7485101,3.4239335,5.1835446,4.824184,3.199455,-1
89f9e2a5b27018eb38058cdc,1.3175628,4.5332484,9.322815,3.5957055,1.279306,8.539128,10.853821,9.321888,6.9419246,8.446406,2.1881876,2.7697444,6.814343,4.8290815,4.011716,32
8af1d0aff15ce7c0a5c561da,1.744891,3.4348702,9.471015,4.227155,1.5305642,8.427293,10.233668,9.683959,7.168969,9.1578245,3.916712,3.597895,6.128244,5.3550158,3.269461,40
8d896c6a922a1eee32cd1b0e,1.5394858,3.980259,9.086569,3.6296728,1.4296638,9.171838,10.693126,9.347065,6.800825,9.078085,3.3616261,3.5745928,6.168354,4.9776487,3.175908,7
8e78f945831b3ab113284ced,1.1626608,3.4264126,9.77437,3.8089957,1.1983243,8.052575,10.546632,9.557203,6.2501845,9.329117,4.0077944,3.6452575,4.9390273,5.404844,3.0857732,22
94cf9e5a570b617ed97e7313,0.8309101,4.437239,9.340906,3.9771411,0.23593314,8.517884,11.449839,9.088192,6.5896277,9.569518,2.9023385,3.2123275,5.639935,4.3542547,3.1131904,25
99b649d4217ab77067a29fa0,1.1878159,3.5262754,9.687532,4.868388,1.5655259,8.187041,9.847293,9.700235,6.641755,8.806422,3.8208241,3.2609932,5.0806646,4.46064,3.4456928,15
9c41222ca77e3cda7a89fa6d,1.054857,4.4694552,9.193395,4.1697736,0.7789329,8.115096,11.648134,8.873708,7.317303,8.998785,2.353294,3.114631,5.8368983,4.7120137,3.7546012,53
9df481e7856f467121c9268f,1.5671394,4.2242265,9.319014,3.470996,0.902771,8.64765,10.58861,9.62774,6.3024244,9.538562,3.0857854,3.0898402,6.063719,4.479358,3.4444237,23
9e4004bbfb412a0bef613703,0.8849414,4.7645073,9.498745,5.147363,0.3229923,8.644766,10.244455,9.510089,7.373808,9.89624,2.4489586,3.5332837,5.9346733,4.6584954,3.3741498,41
9f76f6f6f5d6e75c2e39aaa8,0.9031008,4.4669123,9.728204,4.2558603,0.45553058,8.607391,9.943243,9.899341,6.2277336,10.553428,3.614177,3.7072382,5.365612,4.573079,2.7684789,14
a3e3e6bb479f5a2f1df5cc25,1.4977708,4.932339,9.731281,4.421629,1.2580687,9.359196,9.94417,9.483058,7.4002757,9.128846,2.1436539,3.3929992,7.65642,4.7380033,3.5806422,5
a4e3c3d4b089695db35812b3,1.2499791,3.5052147,9.540657,3.7176929,1.1016643,8.259519,10.679907,9.604011,6.381376,9.578789,4.141981,3.6707554,5.0131106,5.344662,2.9399486,22
a543e64944eed4f7924f0009,1.3212818,4.3334813,9.257411,3.8045397,1.2817554,8.661535,10.172434,9.734939,6.7319384,8.753369,2.623544,2.7813582,6.8676453,4.5221605,3.8458922,29
a86ad53fe3c2078d4b305230,1.7160089,3.9893475,9.611964,4.449047,1.4399065,8.692283,10.41989,9.396566,7.055383,9.108869,3.4296587,3.3159623,6.3465757,4.3751535,3.3008182,43
a87acbd5a986d2956a230609,1.1101539,4.4216375,9.48791,4.333916,0.9396554,8.445389,11.069507,8.9210415,7.1218963,8.540786,2.1780584,2.886383,6.011592,4.6658616,3.8862484,-1
a96d4e6297b36c011f6fdefa,0.4058307,4.1912737,9.632829,4.8892417,1.0454172,8.333393,10.72272,9.440354,6.975984,9.271279,3.5568938,3.568366,5.7647963,4.0665035,2.9568076,35
adf6b3cc8d4f73b31a528d77,1.475682,4.6019664,9.302252,3.8920708,1.0525849,8.625123,11.020427,9.0895605,7.1162643,9.172983,2.5171783,2.9971552,6.406122,4.609973,3.7060997,12
b1606a1508021ac88c060853,1.5293587,3.9947884,8.968439,3.4707253,1.4853656,9.292254,10.763891,9.366911,6.883241,9.071216,3.4033785,3.567751,6.503329,5.0246468,3.1666152,7
b21f4c090d2232f3965dd592,1.9647261,4.349313,8.899322,3.129404,0.7569839,8.458316,10.948956,9.745072,6.3394594,9.791048,2.9305189,3.0653281,5.870027,4.479334,3.4941905,23
b247257a90024b7d70edf21f,1.3780606,3.8824368,9.315509,3.8613284,1.1919223,9.060169,10.192092,9.568929,6.441726,9.198176,3.3414104,3.5082116,5.5927916,5.0240774,3.2291884,8
b76dbc394bad3d127faa4dca,0.85508585,4.5441647,9.764045,4.2009306,1.2330005,9.060936,9.714544,9.396026,6.5923076,8.612785,2.6289027,2.6398606,6.4553804,4.4441576,3.8889554,26
b84e815a5fbec37820619ae4,0.8940323,4.5243745,9.426021,5.091701,0.46662334,8.46104,10.427693,9.476501,7.4601808,9.586686,2.49549,3.4070745,5.9214945,4.770077,3.523367,41
b8a268224eac3dfe1f4bd9ba,1.2157047,3.298463,9.740673,3.7843583,1.2242961,8.007201,10.594246,9.642701,6.30662,9.417966,4.2629633,3.7452781,4.841634,5.5742335,2.9775698,22
ba2bea3dcbf9a563780888d5,1.4143856,3.828654,8.854267,3.1391861,1.4938967,9.381893,10.711635,9.650435,6.9590235,9.283738,3.81355,3.639991,7.041414,5.304387,3.0253778,7
bbf1b4f947a3ed7f774b97df,1.2704204,3.237475,9.783703,3.9135268,1.224666,8.014746,10.439137,9.731043,6.2547345,9.418953,4.290423,3.7665696,4.818615,5.497392,2.9594924,22
bce9b195bddb5c5b76696d2d,1.4888299,4.919264,9.719817,4.4108663,1.2749915,9.350633,9.955983,9.468347,7.3855395,9.11183,2.156971,3.376308,7.6398964,4.727183,3.589937,5
bfcbf104fca1b1116e3831cd,1.5418894,3.9533951,9.130451,3.5721111,1.4022765,9.098121,10.679091,9.387098,6.7125278,9.115899,3.440147,3.567038,6.0219526,5.0151577,3.1617353,7
c4a1383a6d10af022db2b429,1.5864277,3.9003353,9.4916525,4.0745296,1.3467977,7.77542,9.812859,9.988804,6.192181,9.280903,3.0347047,2.8264844,5.612268,4.048854,4.035304,31
ca0f4a2175053d27fa6fa53a,0.93580455,4.460548,9.296974,4.097135,0.18295059,8.404764,11.412387,9.129649,6.7319846,9.636895,2.7612894,3.2272742,5.5852003,4.4727077,3.2373707,25
cae78e17f77f88bd90a158bf,1.0894485,4.271727,9.364855,4.1489787,0.9308936,8.224534,11.730072,8.689461,7.114058,9.027386,2.8241215,3.3281708,5.5058565,4.753779,3.3990293,-1
ceb5115959148ac02cea9a46,0.4079428,3.9450688,9.598769,4.9986606,1.1502361,8.251925,10.730844,9.455318,6.949647,9.149196,3.7659295,3.5807471,5.5524163,4.084066,2.9253528,35
d08897d7ac9ae368017f3f08,1.0807426,4.090832,9.3466625,4.1094646,1.1226395,8.145259,10.87516,9.1728735,6.44033,9.163987,3.0112994,3.1919334,5.367301,4.217212,3.4801927,18
d124b953e84085689759301e,2.0396435,4.1166773,9.344051,4.1340413,1.3604633,9.024393,10.24751,9.636506,6.653293,9.224662,3.241187,3.6911488,5.496358,4.5887623,3.0845046,9
d599ed0b90afecae20d6291e,1.1086075,4.4211874,9.488606,4.338132,0.9364258,8.447333,11.068344,8.919472,7.122464,8.537881,2.173823,2.8848946,6.0108404,4.6669903,3.887696,-1
d5ab5caf726c01908efc1edf,1.0511127,3.9646912,9.890346,3.8865693,1.544737,7.9604506,10.680519,9.244691,6.959121,8.875258,3.6715312,3.1604078,5.66775,5.2476225,3.5667868,6
d92098e82cb6b0fafb66599d,1.4719452,4.6069202,9.30295,3.8916783,1.0478629,8.622159,11.031548,9.083568,7.120742,9.17092,2.5103843,2.996069,6.402173,4.610541,3.708048,12
da4d893ac2a591e67aded751,0.8623527,4.1617413,9.81395,4.1599545,0.52552426,8.468912,9.9631195,9.973089,6.123606,10.512097,3.9506369,3.8290238,5.1596227,4.8567667,2.6556268,14
da87977c55afc7a2afdd0523,0.7171454,4.5896916,9.843601,4.9185195,0.78531665,9.005043,9.93121,9.304919,6.828081,9.563302,3.0958416,3.483811,5.820753,4.2710924,3.0694478,46
da9831f0c5b8dbdb44a3b117,1.835126,4.3225026,9.050306,3.7738175,0.8716779,8.643301,10.768101,9.465288,6.5415587,9.563208,2.7648866,3.2551842,5.6109304,4.461526,3.4572678,-1
de2e4072feae7b8d2c4af33b,0.7982295,4.4608116,9.335379,3.9535868,0.36007008,8.369862,11.606618,9.011042,6.7082543,9.416387,2.8541083,3.2146733,5.594241,4.421241,3.197039,25
e1192e6b5bce3108943b5eeb,0.8936263,4.5490217,9.427303,5.083327,0.4518049,8.497126,10.4145355,9.456634,7.434499,9.588923,2.466846,3.399223,5.9163713,4.748344,3.52263,41
e1f707083b824e07f8bd1eb9,0.7040036,4.5524225,9.889868,4.41808,1.1960517,9.036326,9.653119,9.334899,6.6593094,8.664043,2.7336621,2.7285852,6.298077,4.420992,3.7986357,26
e50aa6b51c7f566f4f9f69e6,1.9622091,4.329377,8.903476,3.1360722,0.76125497,8.436975,10.941148,9.756855,6.336861,9.795052,2.9586055,3.0778778,5.8619537,4.489112,3.4886513,23
e5760d2819b200704f78b960,1.0116596,4.2103934,9.525888,4.548491,1.1850774,8.483232,10.577607,9.066343,6.6335206,9.266546,2.906788,3.6172228,5.3242087,4.388343,3.2951438,50
f04998f3bf80a7086827b789,0.9795108,4.430389,9.235212,3.9999652,1.0969222,9.0100975,9.963645,9.739081,6.7809734,9.176371,2.8938024,3.049856,6.8554955,4.4954453,3.4968848,-1
f25e6316644df588cdaee2dc,1.3175541,3.3980749,9.7376795,3.9827056,1.240045,8.103991,10.66617,9.457438,6.38714,9.450943,4.149706,3.8041897,4.837944,5.3571877,2.9038162,22
f2d2ecd88cd87f08d1cf1890,1.2008042,4.3323603,9.887416,4.7470975,1.504844,8.682292,10.337803,9.113331,7.2775197,9.083855,3.457146,3.1998296,6.385647,4.2340016,3.282991,44
f5ebcb34f8c09a1526416554,0.7877969,4.4577146,9.372652,3.930902,0.24477802,8.499716,11.425382,9.127313,6.5600333,9.580517,2.9400034,3.22693,5.6349497,4.381162,3.092845,25
f7d6d2c239099cc3b451ecac,1.4853343,4.8638897,9.650382,4.3044977,1.2618283,9.330669,10.045753,9.462092,7.3484993,9.067287,2.2006104,3.3422377,7.580992,4.773674,3.5938957,5
faab661e11f312f601b72f38,1.7446823,4.3070025,9.482644,4.392146,1.2685505,8.983403,10.276205,9.411374,6.732714,9.335167,3.0596545,3.7297413,5.4876676,4.5053506,3.0903785,9
faf823df860a83e865aadad1,1.0833042,4.211439,9.14236,4.0312476,0.7933569,8.291404,10.201243,9.828621,6.366603,8.850374,2.4198933,2.5225575,6.255381,4.2249284,3.9516878,24
fbffd5f711b6d9a1dd31274b,1.5096053,3.8261197,9.371654,4.5616646,0.7586826,8.817055,10.938735,8.846236,6.72446,9.469676,3.2595577,3.2845006,5.4416347,4.423843,3.0963342,51
fc496b90e3d73f101d43f98c,1.2561947,3.2249985,9.791284,4.0412836,1.2804121,7.956068,10.344261,9.792581,6.3521833,9.362667,4.3377953,3.743557,4.8896046,5.4929075,2.9926326,22
0b43dcc35629f0113cd135f0,1.113081,4.158742,9.479821,4.6676583,0.7556394,8.56292,10.806914,9.012788,7.056371,8.840369,2.4799175,3.0363965,5.7399073,4.692461,3.6934206,-1
2a03caf28a211be83b49b070,0.9164581,4.665737,9.39496,4.9775825,0.4143043,8.557208,10.410243,9.424624,7.364222,9.583043,2.3129067,3.3704188,5.95634,4.709183,3.5675912,41
2b77d75e74403a4ca42365d0,1.1893474,4.021798,9.497774,4.969846,1.0225115,8.317284,10.578194,9.108475,7.087668,9.443731,2.8138785,3.6242802,5.551051,4.7481904,3.5104132,55
40ab72a153c25dd6a3c3b6c5,0.89124054,4.0397987,9.794248,4.785284,0.79006815,8.32616,10.227574,9.697426,6.9957795,9.850029,3.7998922,3.7572176,5.509986,4.970751,2.9659169,-1
4dcebce1bc1a07092874094c,1.448783,4.600453,9.356361,4.320985,0.8895617,9.315115,11.02322,8.607873,7.350541,8.622005,2.0738697,3.1658263,6.416297,4.9504347,3.6225579,56
4eedbb4e73bd5be18ae6d847,1.327296,4.6307073,9.627987,4.422637,0.8231457,8.489533,9.977839,9.551042,6.7073774,9.772924,2.8494103,3.118302,5.8367605,4.3542013,3.4949975,-1
5c9d9ee33d37892421411845,0.6027743,3.5037956,9.666401,5.358467,1.3756604,8.441159,10.139649,9.51092,6.7362604,8.709579,3.9912302,3.3783956,5.072226,4.0496197,3.0530963,16
6bc1de54f683ceb977673b3e,1.8688047,4.026688,9.292235,3.467189,1.2396615,8.354541,11.364114,9.314692,6.5908012,9.030305,3.3366535,3.6654713,5.1205344,5.0950594,3.115333,-1
6c92885a30324ceca8f7d8ea,1.6134075,4.1713867,8.357263,4.6829333,1.1259546,9.23304,8.356264,10.426124,6.6682434,6.6139736,0.49507868,1.9129552,7.0862827,3.850471,4.733028,1
6ffc8e45ffc08892e52483fd,1.1121594,4.5093656,9.2792635,3.8201344,1.1238284,8.781781,10.337836,9.695765,6.887346,9.126682,2.8605611,2.8761332,7.0381384,4.4505787,3.6222837,29
860133d822ffa8d839632dc9,0.9608593,4.1895957,9.610034,4.888716,0.78740937,8.042275,10.42882,9.607643,7.356267,9.577997,3.295112,3.2933543,5.8000836,4.809371,3.4421105,39
8d8bf4bf9d607171720ae16d,0.89360195,4.0172367,9.799837,4.7611527,0.80231804,8.294015,10.256047,9.692642,6.9950156,9.847076,3.8288493,3.7691464,5.481607,5.001227,2.9563625,-1
96353d2e63a23e83625e287a,1.4423293,4.6128206,9.3536825,4.3208046,0.8814288,9.313712,11.0441265,8.600774,7.360886,8.62118,2.068924,3.1609874,6.4124765,4.941063,3.6245844,56
bdd11030520fcca9c289d105,1.6118095,4.175974,8.356448,4.681436,1.1282318,9.231686,8.361115,10.423127,6.6740584,6.6200194,0.50104356,1.914337,7.0805373,3.8563943,4.7315836,1
de3ad680158bee73a8738cd8,0.86410123,4.08187,9.808195,4.784237,0.7760929,8.352221,10.219844,9.689464,6.9864664,9.878465,3.7923496,3.7739437,5.5079117,4.947572,2.9402776,-1
e0ec7755a4c56fd439ab2d9e,1.1317993,4.061086,9.502679,4.9417424,1.1073862,8.329739,10.5944395,9.056508,7.0774503,9.4010935,2.828423,3.6530504,5.513587,4.7218556,3.4841075,55
e442fc7337e2cb5dc3c4de67,0.56075746,4.4474206,9.721294,4.8336043,0.764956,8.716493,10.369473,9.473204,7.0415807,9.513391,3.310266,3.6168928,5.8373947,4.4471283,2.9907475,-1
e5ee228a3211bfa47d226a99,1.4135818,3.8965166,9.527148,4.915072,0.9160754,8.65972,10.579542,8.99862,7.0753007,9.248854,2.8440788,3.5148258,5.4977884,4.8936977,3.4453943,55
f487dc3e312c19a2208206a0,0.4827959,4.5839877,9.759156,4.8981223,0.73331636,8.961548,10.223059,9.288496,7.0738273,9.328283,3.0653164,3.4415069,5.9833827,4.3859577,3.097116,-1
f89a5ab9fd8110292196ec88,1.3720462,4.8081694,9.345505,5.0255647,0.20113796,8.677522,9.765168,9.871238,7.1079884,10.382568,2.7704487,3.3321111,5.7341213,4.572902,3.2553577,49
